ticker,shortName,sector,industry,marketCap,enterpriseValue,totalRevenue,revenueGrowth,grossMargins,operatingMargins,ebitda,freeCashflow,totalCash,totalDebt,enterpriseToRevenue,enterpriseToEbitda,numberOfAnalystOpinions,recommendationKey,fiftyTwoWeekLow,fiftyTwoWeekHigh,currentPrice,heldPercentInstitutions,shortRatio,sharesOutstanding,floatShares,fullTimeEmployees,error,ev_bucket,ev_to_rev,pct_from_52wk_high
CAPS,Capstone Holding Corp.,Basic Materials,Building Materials,3992311.0,34361164.0,51618000.0,0.6,0.24091999,-0.11847,-3216000.0,-11732250.0,419000.0,30898000.0,0.666,-10.684,1.0,none,0.26,2.07,0.3162,0.0141199995,0.02,12625905.0,7216841.0,93.0,,$30-50M,0.666,-84.72463768115942
JCTC,Jewett-Cameron Trading Company,Basic Materials,Lumber & Wood Production,7744249.0,12423326.0,42166864.0,0.164,0.07856,-0.10551,-6718357.0,-1943330.0,546614.0,4275261.0,0.295,-1.849,,none,1.54,4.02,2.2,0.20047002,0.08,3520113.0,3473401.0,45.0,,$10-30M,0.295,-45.273631840796014
ACCS,ACCESS Newswire Inc.,Communication Services,Advertising Agencies,24690436.0,23883880.0,22470000.0,-0.027,0.75621,-0.08053,1252000.0,-193125.0,3487000.0,2982000.0,1.063,19.077,2.0,none,5.99,13.35,6.36,0.44439,1.32,3882144.0,2009690.0,91.0,,$10-30M,1.063,-52.359550561797754
BBGI,"Beasley Broadcast Group, Inc.",Communication Services,Broadcasting,28268704.0,289401760.0,199615904.0,-0.129,0.08051,-0.11193,-1288271.0,,9936783.0,270690496.0,1.45,-224.644,,none,3.14,26.37,15.65,0.23615,0.38,973170.0,641709.0,460.0,,$250-500M,1.45,-40.65225635191505
CDLX,"Cardlytics, Inc. Common Stock",Communication Services,Advertising Agencies,40853948.0,191297840.0,211156992.0,-0.446,0.47457,-0.24109,-15639000.0,19048624.0,59803000.0,210028000.0,0.906,-12.232,4.0,none,0.57,3.28,0.7092,0.30146998,7.99,57605677.0,49876723.0,275.0,,$150-250M,0.906,-78.3780487804878
DRCT,"Direct Digital Holdings, Inc.",Communication Services,Advertising Agencies,2018186.0,13656315.0,33217000.0,-0.181,0.30972,-0.48668,-12050000.0,-3914750.0,796000.0,17470000.0,0.411,-1.133,1.0,none,2.17,172.7,2.88,0.06401,0.04,700759.0,695938.0,73.0,,$10-30M,0.411,-98.332368268674
EDUC,Educational Development Corpora,Communication Services,Publishing,12384035.0,17939178.0,22913600.0,-0.37,0.59372,-0.57478,-5793700.0,27383812.0,1118400.0,6716100.0,0.783,-3.096,,none,1.0,1.84,1.455,0.21260001,0.02,8511364.0,6381906.0,64.0,,$10-30M,0.783,-20.923913043478258
GAME,"GameSquare Holdings, Inc.",Communication Services,Electronic Gaming & Multimedia,38649896.0,41016660.0,44999304.0,1.424,0.43368998,-0.1597,-10983947.0,-2089941.0,4604781.0,4340696.0,0.911,-3.734,2.0,strong_buy,0.235,2.87,0.4125,0.19490999,0.3,93696723.0,84989036.0,144.0,,$30-50M,0.911,-85.62717770034844
GIFT,"Giftify, Inc.",Communication Services,Internet Content & Information,29678806.0,31084616.0,82262104.0,-0.041,0.18858999,-0.12487,-7548973.0,5092674.0,3431974.0,4909415.0,0.378,-4.118,1.0,buy,0.74,1.8,0.8701,0.10744,0.65,34109649.0,22408675.0,40.0,,$30-50M,0.378,-51.66111111111111
MSGM,Motorsport Games Inc.,Communication Services,Electronic Gaming & Multimedia,17280588.0,13144544.0,13570734.0,1.293,0.84193003,0.26898,4480552.0,581400.0,5859299.0,8724.0,0.969,2.934,,none,2.105,5.558,4.14,0.11253,1.22,4174055.0,2852758.0,26.0,,$10-30M,0.969,-25.51277437927313
RDI,Reading International Inc,Communication Services,Entertainment,38122508.0,382573504.0,207943008.0,0.123,0.14380999,-0.08049,12194250.0,,5524000.0,362268992.0,1.84,31.373,,none,0.94,1.65,1.09,0.40831003,1.21,21036670.0,15250097.0,2025.0,,$250-500M,1.84,-33.93939393939394
SNAL,"Snail, Inc.",Communication Services,Electronic Gaming & Multimedia,38462092.0,33792100.0,88409408.0,0.357,0.31941998,0.07729,-8564602.0,16478481.0,14259168.0,14861617.0,0.382,-3.946,1.0,strong_buy,0.339,2.16,0.9024,0.03885,0.32,13873422.0,12192450.0,166.0,,$30-50M,0.382,-58.22222222222222
SURG,"SurgePays, Inc.",Communication Services,Telecom Services,14816894.0,27708948.0,62369472.0,0.511,-0.24601999,-0.70066,-33478864.0,-5059820.0,1991166.0,15511295.0,0.444,-0.828,1.0,strong_buy,0.46,3.45,0.5898,0.087740004,0.84,25121895.0,17538851.0,125.0,,$10-30M,0.444,-82.90434782608696
SWAG,"Stran & Company, Inc.",Communication Services,Advertising Agencies,38103416.0,25598210.0,118746000.0,0.089,0.29803,0.020639999,353000.0,-40625.0,13576000.0,2197000.0,0.216,72.516,,none,1.05,3.5,2.03,0.16734,0.25,18770157.0,9749783.0,154.0,,$10-30M,0.216,-42.00000000000001
TOON,"Kartoon Studios, Inc.",Communication Services,Entertainment,41553544.0,55419152.0,37087000.0,-0.238,0.33036,-0.38726002,-9233000.0,-1818500.0,6012000.0,19878000.0,1.494,-6.002,,none,0.53,0.9,0.7026,0.26584,2.88,59142534.0,51069578.0,294.0,,$50-100M,1.494,-21.933333333333337
TULP,"Bloomia Holdings, Inc.",Communication Services,Advertising Agencies,18375298.0,102699288.0,72309000.0,0.16,0.23646,-0.00139,10002000.0,,889000.0,83096000.0,1.42,10.268,,none,3.11,6.19,3.8502,0.15847999,4.61,4772557.0,1710055.0,155.0,,$100-150M,1.42,-37.79967689822294
UONE,"Urban One, Inc.",Communication Services,Broadcasting,30424992.0,483818560.0,359787008.0,-0.158,0.65299004,-0.02853,34230248.0,,25515000.0,478987008.0,1.345,14.134,,none,5.1,19.0,6.735,0.43717,0.32,615000.0,1926787.0,864.0,,$250-500M,1.345,-64.55263157894737
ZDGE,"Zedge, Inc.",Communication Services,Internet Content & Information,40364668.0,20557106.0,31089000.0,0.183,0.93408996,0.099709995,2843000.0,2205375.0,19106000.0,407000.0,0.661,7.231,1.0,none,2.21,4.89,3.095,0.17354,0.98,12517121.0,10401564.0,85.0,,$10-30M,0.661,-36.707566462167684
ARKR,Ark Restaurants Corp.,Consumer Cyclical,Restaurants,22358534.0,97860648.0,158370000.0,-0.079,0.21722999,-0.045289997,1674000.0,-3270875.0,11487000.0,86697000.0,0.618,58.459,,none,5.75,11.54,6.2001,0.19621,1.15,3606157.0,1546104.0,1047.0,,$50-100M,0.618,-46.27296360485268
ATER,"Aterian, Inc.",Consumer Cyclical,"Furnishings, Fixtures & Appliances",12279463.0,11059517.0,68930000.0,-0.714,0.56738997,-161.61111,-12095000.0,-4219625.0,2324000.0,2901000.0,0.16,-0.914,,none,0.515,1.87,1.135,0.049000002,0.04,10818910.0,6477922.0,74.0,,$10-30M,0.16,-39.3048128342246
BIRD,"Allbirds, Inc.",Consumer Cyclical,Apparel Retail,36809292.0,56469836.0,142671008.0,-0.305,0.38101003,-0.88328004,-64566000.0,-11375125.0,14397000.0,33265000.0,0.396,-0.875,,none,2.15,24.31,4.18,0.3549,0.06,6274827.0,5829254.0,362.0,,$50-100M,0.396,-82.80542986425338
CENN,Cenntro Inc.,Consumer Cyclical,Auto Manufacturers,6770388.0,11363131.0,18080160.0,-0.083,-0.12810001,-2.2990198,-30353740.0,1418132.0,4483906.0,9595329.0,0.628,-0.374,,none,3.65,61.8,4.62,0.07239,1.21,1465452.0,1138002.0,155.0,,$10-30M,0.628,-92.52427184466019
CRWS,"Crown Crafts, Inc.",Consumer Cyclical,"Furnishings, Fixtures & Appliances",30809628.0,55128584.0,83117000.0,-0.113,0.23094,-0.00154,3588000.0,12709750.0,2402000.0,26507000.0,0.663,15.365,,none,2.35,3.33,2.88,0.3199,0.91,10697787.0,9447858.0,168.0,,$50-100M,0.663,-13.51351351351352
CULP,"Culp, Inc.",Consumer Cyclical,Textile Manufacturing,39191316.0,49363608.0,200632000.0,-0.082,0.13462,-0.06549,-3096000.0,-4001625.0,9687000.0,20809000.0,0.246,-15.944,,none,2.7,4.8,3.095,0.60148996,0.57,12662784.0,9742493.0,829.0,,$30-50M,0.246,-35.52083333333332
DSS,"DSS, Inc.",Consumer Cyclical,Packaging & Containers,5172901.0,51585508.0,20134000.0,-0.126,-0.15586,-1.2669101,-13195000.0,40538124.0,5919000.0,43373000.0,2.562,-3.909,1.0,strong_buy,0.49,1.895,0.5151,0.02238,1.2,10042518.0,3893585.0,102.0,,$50-100M,2.562,-72.81794195250659
DXLG,"Destination XL Group, Inc.",Consumer Cyclical,Apparel Retail,40338300.0,220605472.0,435016992.0,-0.06,0.43444002,-0.04646,1610000.0,-15152625.0,28836000.0,209227008.0,0.507,137.022,2.0,none,0.44,1.69,0.7298,0.67347,8.83,55273092.0,25562526.0,1435.0,,$150-250M,0.507,-56.81656804733728
FGI,FGI Industries Ltd.,Consumer Cyclical,"Furnishings, Fixtures & Appliances",11761441.0,28836624.0,130528656.0,-0.144,0.27006,-0.02161,-1734624.0,2759354.0,1899801.0,23582380.0,0.221,-16.624,2.0,strong_buy,2.605,12.62,6.09,0.012130001,0.15,1931271.0,530439.0,426.0,,$10-30M,0.221,-51.74326465927099
FLYE,"Fly-E Group, Inc.",Consumer Cyclical,Auto Manufacturers,3412503.0,13858016.0,16937522.0,-0.533,0.36441,-0.37708,-4874937.0,-7695666.0,295674.0,11199071.0,0.818,-2.843,,none,1.65,161.8,2.0905,0.036459997,0.71,1632386.0,1464087.0,35.0,,$10-30M,0.818,-98.70797280593325
GTIM,Good Times Restaurants Inc.,Consumer Cyclical,Restaurants,13821342.0,50229844.0,136956000.0,-0.031,0.10118,0.01456,5121000.0,2695875.0,2749000.0,38371000.0,0.367,9.809,,none,1.1,2.09,1.3091,0.10666,2.57,10557896.0,8420661.0,2078.0,,$50-100M,0.367,-37.36363636363637
JRSH,"Jerash Holdings (US), Inc.",Consumer Cyclical,Apparel Manufacturing,43306796.0,41364812.0,152618448.0,0.18,0.16162,0.04651,7411839.0,-3115546.0,11454016.0,9704712.0,0.271,5.581,2.0,none,2.85,3.6,3.41,0.09002,0.46,12699940.0,6325713.0,6000.0,,$30-50M,0.271,-5.277777777777781
LIVE,Live Ventures Incorporated,Consumer Cyclical,Home Improvement Retail,32221670.0,248825056.0,437865984.0,-0.038,0.33141,0.01948,33546000.0,,15173000.0,232367008.0,0.568,7.417,,none,7.01,25.42,10.49,0.07328,1.25,3071656.0,867804.0,1366.0,,$150-250M,0.568,-58.73328088119592
LVLU,"Lulu's Fashion Lounge Holdings,",Consumer Cyclical,Apparel Retail,26438456.0,49994304.0,275660000.0,-0.103,0.44316003,-0.06165,-5080000.0,2671375.0,7439000.0,29534000.0,0.181,-9.841,,none,2.98,32.319,9.23,0.67617,0.65,2864405.0,1257388.0,523.0,,$30-50M,0.181,-71.44094804913519
MAMO,Massimo Group,Consumer Cyclical,Recreational Vehicles,41220380.0,47627148.0,69641720.0,-0.147,0.39918998,-0.08166,3839288.0,4828991.0,4147216.0,8884187.0,0.684,12.405,,none,0.85,5.59,0.9899,0.00627,0.12,41640950.0,8870772.0,100.0,,$30-50M,0.684,-82.29159212880143
MWYN,"Marwynn Holdings, Inc.",Consumer Cyclical,"Furnishings, Fixtures & Appliances",16256817.0,16910372.0,11813718.0,1.219,0.38424,-0.39858,-7044937.0,-2089989.0,295826.0,12207.0,1.431,-2.4,,none,0.454,10.46,0.805,0.0051499996,0.06,20194804.0,14201592.0,27.0,,$10-30M,1.431,-92.30401529636711
NCL,Northann Corp.,Consumer Cyclical,"Furnishings, Fixtures & Appliances",8774612.0,14401338.0,15125502.0,0.443,0.17796,-0.57467,-10243023.0,-1487138.0,267883.0,5695171.0,0.952,-1.406,,none,0.102,97.28,0.1633,0.00672,0.59,53733083.0,43108978.0,63.0,,$10-30M,0.952,-99.83213404605263
PMNT,Perfect Moment Ltd.,Consumer Cyclical,Apparel Manufacturing,11819628.0,13173459.0,22926000.0,-0.0,0.5595,0.050019998,-9837000.0,-2957625.0,2500000.0,4940000.0,0.575,-1.339,2.0,none,0.166,0.803,0.2233,0.18240999,0.73,52931606.0,27458907.0,50.0,,$10-30M,0.575,-72.19178082191782
PRPL,"Purple Innovation, Inc.",Consumer Cyclical,"Furnishings, Fixtures & Appliances",43878496.0,231910992.0,460284000.0,-0.081,0.39711,-0.17593999,-17927000.0,-20060750.0,24955000.0,211568000.0,0.504,-12.936,2.0,none,0.393,1.26,0.4032,0.58386004,4.15,108825636.0,56605655.0,1100.0,,$150-250M,0.504,-68.0
PRTS,"CarParts.com, Inc.",Consumer Cyclical,Auto Parts,44801400.0,61786848.0,532108000.0,-0.105,0.32876998,-0.023139998,-13643000.0,-21799624.0,37856000.0,52827000.0,0.116,-4.529,2.0,none,3.7,13.6,5.56,0.14494,4.65,8057806.0,7132124.0,1186.0,,$50-100M,0.116,-59.11764705882353
RAVE,"Rave Restaurant Group, Inc.",Consumer Cyclical,Restaurants,44482208.0,30365236.0,12632000.0,0.087,0.7371,0.29693002,3755000.0,1922250.0,12000000.0,299000.0,2.404,8.087,,none,2.25,3.75,3.13,0.32231,0.15,14211566.0,9263667.0,24.0,,$30-50M,2.404,-16.53333333333333
REBN,"Reborn Coffee, Inc.",Consumer Cyclical,Restaurants,16639638.0,24585272.0,11612814.0,2.078,0.55129004,-0.16746001,-4343049.0,-9396794.0,266382.0,7627728.0,2.117,-5.661,,none,1.365,3.43,2.0259,0.119569995,1.51,8213455.0,4705406.0,,,$10-30M,2.117,-40.93586005830904
TLF,"Tandy Leather Factory, Inc.",Consumer Cyclical,Specialty Retail,19137386.0,36669952.0,76940000.0,0.032,0.58245,0.01857,103000.0,-2314500.0,10103000.0,27717000.0,0.477,356.019,,none,2.2,3.78,2.35,0.58674,2.4,8143569.0,3783584.0,401.0,,$30-50M,0.477,-37.83068783068783
TRNR,Interactive Strength Inc.,Consumer Cyclical,Personal Services,1823491.0,28442516.0,15315000.0,2.791,0.18451999,-0.77611,-13813000.0,-6701875.0,4738000.0,29009000.0,1.857,-2.059,1.0,buy,0.7,126.0,0.7823,0.026519999,0.51,2330936.0,2330936.0,72.0,,$10-30M,1.857,-99.37912698412698
VSTD,Vestand Inc.,Consumer Cyclical,Restaurants,6389539.0,17253384.0,13902861.0,0.109,0.1225,-0.46153,-2821511.0,-2842538.0,1326539.0,12370495.0,1.241,-6.115,,none,0.202,3.955,0.4399,0.022049999,0.35,14124980.0,11929657.0,259.0,,$10-30M,1.241,-88.87737041719342
WKHS,"Workhorse Group, Inc.",Consumer Cyclical,Auto Manufacturers,43845936.0,76978904.0,24395000.0,2.781,-0.58434,-4.47979,-48201000.0,-5752898.0,600000.0,27905000.0,3.156,-1.597,1.0,none,2.31,67.32,4.025,0.06966,1.36,10893400.0,3982191.0,148.0,,$50-100M,3.156,-94.02109328579917
WKSP,"Worksport, Ltd.",Consumer Cyclical,Auto Parts,9463819.0,12618106.0,17174532.0,0.479,0.28721002,-1.73461,-18490900.0,-14403200.0,566583.0,3660291.0,0.735,-0.682,2.0,strong_buy,0.7,4.899,0.7552,0.07535,2.18,12531540.0,8759296.0,116.0,,$10-30M,0.735,-84.58460910389876
YHGJ,Yunhong Green CTI Ltd.,Consumer Cyclical,Packaging & Containers,9340833.0,21570094.0,21057000.0,0.282,0.17761,-0.01592,330000.0,-2042125.0,178000.0,10863000.0,1.024,65.364,,none,2.38,10.29,3.5799,0.0060799997,0.61,2609244.0,473682.0,52.0,,$10-30M,1.024,-65.20991253644314
BRFH,Barfresh Food Group Inc.,Consumer Defensive,Beverages - Non-Alcoholic,38260096.0,44052888.0,14208000.0,0.945,0.21917,-0.19329001,-2659000.0,1989125.0,325000.0,4921000.0,3.101,-16.567,2.0,strong_buy,2.25,6.08,2.37,0.22247,2.23,16143501.0,7333506.0,32.0,,$30-50M,3.101,-61.01973684210527
EDBL,Edible Garden AG Incorporated,Consumer Defensive,Farm Products,2284493.0,16078458.0,13433000.0,0.229,-0.08799,-1.9988,-17400000.0,,1952000.0,3391000.0,1.197,-0.924,,none,0.23,37.0,0.2619,0.00411,0.22,8722769.0,1521268.0,94.0,,$10-30M,1.197,-99.29216216216217
HCWC,Healthy Choice Wellness Corp.,Consumer Defensive,Packaged Foods,8923638.0,21652394.0,76191112.0,-0.099,0.39032,-0.088549994,-582076.0,6585963.0,2349510.0,16405788.0,0.284,-37.199,,none,0.221,0.98,0.3361,0.019960001,1.04,26550544.0,22958255.0,430.0,,$10-30M,0.284,-65.70408163265307
JVA,"Coffee Holding Co., Inc.",Consumer Defensive,Packaged Foods,24661152.0,27140812.0,100544104.0,0.2,0.16621,0.09297,3696487.0,1653672.0,2746491.0,4826553.0,0.27,7.342,,none,2.93,5.63,4.32,0.22358,0.42,5708599.0,4570818.0,92.0,,$10-30M,0.27,-23.268206039076368
LSF,"Laird Superfood, Inc.",Consumer Defensive,Packaged Foods,37744916.0,30829732.0,49889288.0,0.15,0.37905,-0.18445,-3160381.0,-2237382.0,5488614.0,155875.0,0.618,-9.755,3.0,strong_buy,1.96,7.8,3.43,0.16455999,1.84,11004348.0,8306443.0,26.0,,$30-50M,0.618,-56.02564102564103
MSS,Maison Solutions Inc.,Consumer Defensive,Grocery Stores,3008975.0,49040772.0,118702264.0,-0.086,0.20072001,-0.09538999,-8521994.0,-2379841.0,1518958.0,47597544.0,0.413,-5.755,1.0,none,0.917,39.6,0.945,0.034930002,0.18,2884101.0,1627116.0,329.0,,$30-50M,0.413,-97.61363636363637
MTEX,"Mannatech, Incorporated",Consumer Defensive,Food Distribution,10671076.0,11187416.0,106392000.0,-0.062,0.75273,-0.00722,1291000.0,-850125.0,7013000.0,7182000.0,0.105,8.666,,none,3.8,12.45,5.53,0.16938,0.93,1929670.0,952813.0,170.0,,$10-30M,0.105,-55.58232931726907
NAII,Natural Alternatives Internatio,Consumer Defensive,Packaged Foods,16315595.0,72538608.0,141872992.0,0.233,0.07617,-0.113129996,-1435000.0,-2995125.0,9196000.0,65168000.0,0.511,-50.55,,none,2.33,4.96,2.6,0.3499,0.1,6275229.0,4934401.0,293.0,,$50-100M,0.511,-47.58064516129033
REED,"Reed's, Inc.",Consumer Defensive,Beverages - Non-Alcoholic,20274432.0,26354956.0,31178000.0,-0.288,0.2011,-0.8702,-17459000.0,-9273375.0,4580000.0,10037000.0,0.845,-1.51,,hold,1.42,12.0,1.7099,0.08379,0.87,11857086.0,3216339.0,44.0,,$10-30M,0.845,-85.75083333333333
RMCF,Rocky Mountain Chocolate Factor,Consumer Defensive,Confectioners,18572316.0,27153316.0,29638000.0,-0.044,0.13861,0.01087,-1995000.0,4375.0,641000.0,9222000.0,0.916,-13.611,,none,1.16,2.99,1.99,0.39643002,0.52,9332822.0,5083961.0,140.0,,$10-30M,0.916,-33.44481605351171
SDOT,Sadot Group Inc.,Consumer Defensive,Farm Products,2090788.0,15415605.0,114801000.0,,-0.012569999,-0.38755,-44399248.0,50125876.0,409000.0,11166000.0,0.134,-0.347,,none,2.63,460.0,2.8102,0.00627,0.01,744000.0,665850.0,,,$10-30M,0.134,-99.38908695652174
WVVI,"Willamette Valley Vineyards, In",Consumer Defensive,Beverages - Wineries & Distilleries,13419833.0,88813504.0,37911692.0,0.095,0.60041,-0.082100004,1782802.0,593308.0,404712.0,29493148.0,2.343,49.817,,none,2.49,7.18,2.695,0.12408,0.74,4979529.0,4094617.0,158.0,,$50-100M,2.343,-62.46518105849582
BATL,Battalion Oil Corporation,Energy,Oil & Gas E&P,31925128.0,430724096.0,166043008.0,-0.35,0.42786,0.29758,91842000.0,-33681624.0,27965000.0,204332992.0,2.594,4.69,,none,1.0,29.7,1.4499,0.37479,0.43,22018849.0,13311408.0,40.0,,$250-500M,2.594,-95.11818181818181
BRN,"Barnwell Industries, Inc.",Energy,Oil & Gas E&P,14827426.0,11193338.0,11475000.0,-0.29,0.26815,-0.54832,-2884000.0,-363375.0,4016000.0,67000.0,0.975,-3.881,,none,0.92,2.28,1.03,0.2259,1.0,14395560.0,6225504.0,16.0,,$10-30M,0.975,-54.82456140350877
EONR,EON Resources Inc.,Energy,Oil & Gas E&P,28986636.0,35392676.0,17313180.0,-0.16,1.0,-0.38457,-2830478.0,-21563564.0,875604.0,5387842.0,2.044,-12.504,,none,0.267,1.58,0.5801,0.09021,1.6,49968344.0,41793523.0,12.0,,$30-50M,2.044,-63.28481012658229
MVO,MV Oil Trust,Energy,Oil & Gas E&P,21424500.0,20307320.0,10150268.0,-0.386,1.0,0.8767,,,1082681.0,0.0,2.001,,,none,0.97,6.26,1.863,0.11783,2.83,11500000.0,7608860.0,,,$10-30M,2.001,-70.23961661341853
VIVK,"Vivakor, Inc.",Energy,Oil & Gas Integrated,5498428.0,37070524.0,86536624.0,-0.479,0.44734,-0.124639995,-4549392.0,-9394723.0,240990.0,35636672.0,0.428,-8.148,,none,1.02,251.45068,1.28,0.0034999999,0.2,4295647.0,4171846.0,20.0,,$30-50M,0.428,-99.4909538522624
AMS,American Shared Hospital Servic,Healthcare,Medical Care Facilities,9506875.0,32692000.0,29054000.0,0.159,0.38215,-0.087799996,3923500.0,,3462000.0,21673000.0,1.125,8.332,1.0,strong_buy,1.25,3.11,1.435,0.15002,0.29,6625000.0,3801270.0,82.0,,$30-50M,1.125,-53.85852090032154
ARAY,Accuray Incorporated,Healthcare,Medical Devices,44861208.0,194294752.0,428571008.0,-0.074,0.26916,-0.024300002,-5592000.0,-10882000.0,38067000.0,182396992.0,0.453,-34.745,1.0,none,0.25,2.1,0.3771,0.69148004,3.94,118963696.0,113038114.0,990.0,,$150-250M,0.453,-82.04285714285714
AYTU,"Aytu BioPharma, Inc.",Healthcare,Drug Manufacturers - Specialty & Generic,23908220.0,19144386.0,56599000.0,-0.327,0.64777,-0.32744998,-2625000.0,-1073500.0,26715000.0,21817000.0,0.338,-7.293,3.0,none,1.46,3.07,2.2275,0.36581,10.32,10733208.0,7608449.0,82.0,,$10-30M,0.338,-27.442996742671
BFRI,Biofrontera Inc.,Healthcare,Drug Manufacturers - Specialty & Generic,10898206.0,11445658.0,43201000.0,0.174,0.77288,-0.38953,-10565000.0,1477000.0,6326000.0,7724000.0,0.265,-1.083,2.0,strong_buy,0.536,1.19,0.8512,0.22752,0.42,12803344.0,8060558.0,84.0,,$10-30M,0.265,-28.470588235294116
BNGO,"Bionano Genomics, Inc.",Healthcare,Medical Instruments & Supplies,14286375.0,16952750.0,28738000.0,0.036,0.46973,-1.18095,-23368000.0,-5734125.0,14405000.0,17014000.0,0.59,-0.725,2.0,strong_buy,1.06,5.5,1.245,0.10118,8.0,11475000.0,10303288.0,95.0,,$10-30M,0.59,-77.36363636363637
CCEL,"Cryo-Cell International, Inc.",Healthcare,Medical Care Facilities,28193024.0,36973408.0,31280558.0,-0.036,0.63532,0.099589996,1172961.0,159919.0,2900058.0,10713821.0,1.182,31.521,,none,2.72,6.35,3.5,0.119619995,1.01,8055150.0,4182395.0,72.0,,$30-50M,1.182,-44.881889763779526
CTSO,Cytosorbents Corporation,Healthcare,Medical Devices,31391096.0,55596636.0,37200000.0,0.016,0.71005,-0.34341,-11918000.0,-4678423.0,4813000.0,29276000.0,1.495,-4.665,2.0,hold,0.435,1.39,0.4999,0.26409,29.16,62794748.0,55093600.0,129.0,,$50-100M,1.495,-64.03597122302158
HBIO,"Harvard Bioscience, Inc.",Healthcare,Medical Instruments & Supplies,26880234.0,63859584.0,85531000.0,-0.047,0.58423,-0.04524,7823000.0,7843375.0,7098000.0,44122000.0,0.747,8.163,1.0,none,3.7,9.4,5.9599,0.45049,2.84,4510182.0,3532014.0,316.0,,$50-100M,0.747,-36.596808510638304
HCTI,"Healthcare Triangle, Inc.",Healthcare,Health Information Services,5150568.0,37222512.0,20042000.0,1.661,0.19729,-0.36763,-10715000.0,-9902125.0,4315000.0,10871000.0,1.857,-3.474,1.0,strong_buy,2.06,1299.78,2.54,0.05487,1.33,2027783.0,2027580.0,41.0,,$30-50M,1.857,-99.80458231393004
IRIX,IRIDEX Corporation,Healthcare,Medical Devices,17754648.0,23609714.0,52578000.0,-0.008,0.35971,-0.027460001,-2474000.0,990750.0,4595000.0,4276000.0,0.449,-9.543,1.0,strong_buy,0.87,1.65,1.02,0.18035999,0.49,17406518.0,11415369.0,93.0,,$10-30M,0.449,-38.18181818181817
LFWD,Lifeward Ltd.,Healthcare,Medical Devices,21048684.0,19738408.0,20923000.0,-0.221,0.36553,-1.23349,-17183000.0,-3163875.0,11422000.0,8814000.0,0.943,-1.149,2.0,strong_buy,4.14,15.18,7.4789,0.0078799995,16.47,2814409.0,1545702.0,81.0,,$10-30M,0.943,-50.73188405797101
MYO,Myomo Inc.,Healthcare,Medical Devices,41922940.0,45381652.0,41209516.0,0.029,0.65956,-0.31217,-13046143.0,-10472450.0,15696404.0,18961924.0,1.101,-3.479,5.0,none,0.605,3.08,1.085,0.40973,10.79,38638653.0,27025419.0,194.0,,$30-50M,1.101,-64.77272727272727
NEPH,"Nephros, Inc.",Healthcare,Medical Instruments & Supplies,39734960.0,37119220.0,19124000.0,0.069,0.59946,0.018609999,803000.0,-773500.0,4018000.0,968000.0,1.941,46.226,2.0,buy,2.56,6.42,3.66,0.49481,0.66,10856546.0,8826155.0,36.0,,$30-50M,1.941,-42.99065420560747
NMTC,NeuroOne Medical Technologies C,Healthcare,Medical Devices,32367636.0,29468900.0,12720795.0,0.725,0.24681,-0.87858003,-6809345.0,-5359147.0,2804011.0,206973.0,2.317,-4.328,3.0,none,3.276,6.96,3.755,0.22767,0.94,8619876.0,7823486.0,18.0,,$10-30M,2.317,-46.04885057471264
NOTV,"Inotiv, Inc.",Healthcare,Diagnostics & Research,9768681.0,482459360.0,507356000.0,-0.054,0.22944,-0.16028999,8559000.0,23620376.0,15180000.0,487766016.0,0.951,56.369,2.0,none,0.22,3.32,0.28,0.14001,2.53,34888147.0,32317588.0,1945.0,,$250-500M,0.951,-91.56626506024097
NSYS,Nortech Systems Incorporated,Healthcare,Medical Devices,42652972.0,61996576.0,121786000.0,0.127,0.16118,0.00155,3879000.0,3701125.0,1964000.0,17992000.0,0.509,15.983,,none,6.5,16.95,15.263,0.03478,0.08,2794534.0,985381.0,685.0,,$50-100M,0.509,-9.952802359882007
PETS,"PetMed Express, Inc.",Healthcare,Pharmaceutical Retailers,46546076.0,20768688.0,186964000.0,-0.217,0.27528998,-0.25726,-28806000.0,-18373376.0,26914000.0,652000.0,0.111,-0.721,1.0,none,1.57,4.32,2.175,0.45151,8.18,21400495.0,13927183.0,173.0,,$10-30M,0.111,-49.65277777777779
PRPO,"Precipio, Inc.",Healthcare,Diagnostics & Research,41377660.0,47449080.0,24049000.0,0.229,0.44517,0.08091,231000.0,210125.0,2651000.0,3653000.0,1.973,205.407,,none,9.43,33.63,23.15,0.18014,0.2,1787372.0,1422255.0,61.0,,$30-50M,1.973,-31.16265239369611
SNYR,Synergy CHC Corp.,Healthcare,Medical Distribution,3933569.0,31602068.0,27702980.0,-0.328,0.65371,-0.10325,-10840238.0,1805082.0,292115.0,27749036.0,1.141,-2.915,2.0,none,0.235,4.0,0.264,0.11314,0.21,14899883.0,8474606.0,28.0,,$30-50M,1.141,-93.39999999999999
TELA,"TELA Bio, Inc.",Healthcare,Medical Devices,42218948.0,56627764.0,80814000.0,0.029,0.67722,-0.55229,-32813500.0,,39541000.0,55866000.0,0.701,-1.726,5.0,none,0.501,2.2,0.9431,0.68985003,3.24,44766146.0,19477655.0,218.0,,$50-100M,0.701,-57.13181818181818
VVOS,"Vivos Therapeutics, Inc.",Healthcare,Medical Devices,9380245.0,19338382.0,19568000.0,0.705,0.61794996,-1.28671,-21005000.0,-10076375.0,2110000.0,12268000.0,0.988,-0.921,3.0,buy,0.545,7.95,0.6751,0.14067,3.75,13894600.0,12046618.0,268.0,,$10-30M,0.988,-91.50817610062893
WGRX,"Wellgistics Health, Inc.",Healthcare,Pharmaceutical Retailers,9161434.0,38014252.0,14033980.0,-0.856,-0.49514,-3.85719,-53096984.0,-6756223.0,51730.0,28730920.0,2.709,-0.716,,none,3.04,118.5,3.645,0.01719,0.78,2513425.0,2478559.0,,,$30-50M,2.709,-96.9240506329114
XWEL,"XWELL, Inc.",Healthcare,Diagnostics & Research,10808660.0,12426874.0,28825000.0,-0.055,0.29627,-0.81561,-10744000.0,-5808375.0,16807000.0,8314000.0,0.431,-1.157,,none,0.26,2.2,1.28,0.10901,4.11,8444266.0,6447957.0,175.0,,$10-30M,0.431,-41.81818181818182
AIRI,Air Industries Group,Industrials,Aerospace & Defense,14843013.0,46366000.0,47392000.0,-0.044,0.18474,-0.04868,2670000.0,-9912375.0,286000.0,31906000.0,0.978,17.366,,none,2.55,4.17,3.06,0.06066,0.96,4850658.0,3254064.0,160.0,,$30-50M,0.978,-26.618705035971225
ARTW,"Art's-Way Manufacturing Co., In",Industrials,Farm & Heavy Construction Machinery,13707356.0,20004238.0,24474738.0,0.292,0.273,0.0497,1405618.0,-2954877.0,2937.0,6483757.0,0.817,14.232,,none,1.69,4.71,2.6455,0.06725,0.05,5181386.0,2038254.0,95.0,,$10-30M,0.817,-43.832271762208066
AWX,Avalon Holdings Corporation,Industrials,Waste Management,9943551.0,40896536.0,85135000.0,0.099,0.19771999,-0.04168,6202000.0,1569500.0,2378000.0,34701000.0,0.48,6.594,,none,2.1,5.43,2.55,0.093389995,0.48,3287647.0,1915673.0,799.0,,$30-50M,0.48,-53.03867403314917
BCHT,Birchtech Corp.,Industrials,Pollution & Treatment Controls,46035440.0,45368804.0,17626366.0,-0.319,0.41992,-0.33325002,-2638172.0,418093.0,2245426.0,263490.0,2.574,-17.197,1.0,none,1.26,4.8,1.75,0.19356,0.2,26305966.0,19785506.0,14.0,,$30-50M,2.574,-63.541666666666664
BTOC,Armlogi Holding Corp.,Industrials,Integrated Freight & Logistics,14918963.0,132732184.0,193632400.0,-0.091,-0.0337,-0.12454,-16743416.0,3159026.0,2668304.0,120636032.0,0.685,-7.927,,none,0.235,1.78,0.3283,0.01781,1.21,45443079.0,15063017.0,210.0,,$100-150M,0.685,-81.5561797752809
CVV,CVD Equipment Corporation,Industrials,Specialty Industrial Machinery,41726340.0,32787706.0,21298000.0,-0.778,0.26768,-0.99891996,-2648000.0,-662000.0,8196000.0,0.0,1.539,-12.382,,none,2.75,8.46,6.012,0.20139,0.57,6940509.0,5293665.0,85.0,,$30-50M,1.539,-28.936170212765965
DFLI,Dragonfly Energy Holdings Corp,Industrials,Electrical Equipment & Parts,27040366.0,63545812.0,58630000.0,0.069,0.26688,-0.57684,-18270000.0,-20377876.0,18270000.0,32711000.0,1.084,-3.478,2.0,strong_buy,1.5,26.1,2.11,0.07318,2.5,12815340.0,11830728.0,137.0,,$50-100M,1.084,-91.91570881226053
FLUX,"Flux Power Holdings, Inc.",Industrials,Electrical Equipment & Parts,22643066.0,30087748.0,50621000.0,-0.607,0.32066002,-0.45401,-4135000.0,-5755875.0,372000.0,6535000.0,0.594,-7.276,3.0,none,0.91,7.55,1.06,0.34412,2.77,21361383.0,15023033.0,101.0,,$30-50M,0.594,-85.96026490066225
FTEK,"Fuel Tech, Inc.",Industrials,Pollution & Treatment Controls,46595164.0,26037526.0,26375000.0,-0.047,0.45755002,-0.2625,-3598000.0,-169125.0,21579000.0,557000.0,0.987,-7.237,1.0,none,1.17,3.65,1.4951,0.24357,0.42,31165249.0,23726727.0,77.0,,$10-30M,0.987,-59.03835616438356
GWAV,"Greenwave Technology Solutions,",Industrials,Waste Management,3028153.0,15635217.0,39473808.0,0.49,0.19473,-0.41155,-10421474.0,-8379901.0,1450367.0,14056981.0,0.396,-1.5,,none,3.24,34.43,3.65,0.037249997,5.01,829631.0,798395.0,180.0,,$10-30M,0.396,-89.39878013360442
HHS,"Harte Hanks, Inc.",Industrials,Conglomerates,19289880.0,36610280.0,155272992.0,-0.103,0.16780001,-0.01632,4085000.0,,4538000.0,22015000.0,0.236,8.962,,none,2.22,5.39,2.5999,0.31263,8.4,7419470.0,3296931.0,1719.0,,$30-50M,0.236,-51.7643784786642
HYFM,"Hydrofarm Holdings Group, Inc.",Industrials,Farm & Heavy Construction Machinery,4716966.0,160246784.0,122242000.0,-0.296,0.08319,-0.30609,-25620000.0,15009000.0,4811000.0,160398000.0,1.311,-6.255,,none,0.789,4.78,0.99,0.13219,1.3,4764612.0,3601189.0,250.0,,$150-250M,1.311,-79.2887029288703
LSH,Lakeside Holding Limited,Industrials,Integrated Freight & Logistics,24051094.0,19317274.0,22183450.0,1.67,0.21260999,-1.18713,-6519319.0,-14014327.0,1300306.0,522213.0,0.871,-2.963,,none,0.51,1.68,0.6986,0.02088,1.78,34427559.0,25776946.0,94.0,,$10-30M,0.871,-58.41666666666667
NIXX,"Nixxy, Inc.",Industrials,Staffing & Employment Services,20502786.0,17017624.0,125738000.0,19.828,0.00071000005,-0.042069998,-5025000.0,257220.0,3137000.0,1061000.0,0.135,-3.387,,none,0.4739,2.47,0.7624,0.06151,2.22,26892429.0,22295168.0,2.0,,$10-30M,0.135,-69.13360323886639
OESX,"Orion Energy Systems, Inc.",Industrials,Electrical Equipment & Parts,38472612.0,47674416.0,81452000.0,0.077,0.30012,0.0183,-1172000.0,-895375.0,4721000.0,12880000.0,0.585,-40.678,2.0,none,5.5,18.64,9.4927,0.49138,1.34,4052863.0,3380452.0,182.0,,$30-50M,0.585,-49.07349785407726
QRHC,Quest Resource Holding Corporat,Industrials,Waste Management,24375798.0,89859208.0,243522000.0,-0.098,0.16950001,0.00374,7403000.0,11688625.0,1139000.0,65992000.0,0.369,12.138,2.0,none,0.81,2.41,1.16,0.35132,2.36,21013620.0,13028444.0,195.0,,$50-100M,0.369,-51.867219917012456
SGRP,"SPAR Group, Inc.",Industrials,Specialty Business Services,18344894.0,44319720.0,132581000.0,-0.103,0.16013001,0.0066500003,-10907000.0,-4567750.0,4310000.0,30788000.0,0.334,-4.063,,none,0.5,1.41,0.73,0.06988,0.6,25129991.0,11531968.0,245.0,,$30-50M,0.334,-48.22695035460993
SST,"System1, Inc.",Industrials,Specialty Business Services,29320734.0,255961856.0,228850000.0,-0.5,0.0296,-0.38176998,3689000.0,17463876.0,51514000.0,307684000.0,1.118,69.385,,none,1.35,15.0,2.95,0.10326,0.13,8150474.0,4507375.0,250.0,,$250-500M,1.118,-80.33333333333333
STRR,"Star Equity Holdings, Inc.",Industrials,Conglomerates,42811036.0,57315848.0,190354000.0,0.571,0.08451,-0.04802,-10000.0,-13630750.0,12250000.0,26747000.0,0.301,-5731.585,3.0,strong_buy,8.26,11.99,11.595,0.29475,1.32,3692198.0,2188872.0,1200.0,,$50-100M,0.301,-3.2944120100083407
TPCS,TechPrecision Corporation,Industrials,Metal Fabrication,39945216.0,49984760.0,33036000.0,-0.069,0.18023,-0.19058001,1989000.0,-1831250.0,70000.0,10510000.0,1.513,25.131,,none,2.88,6.25,3.99,0.20208,0.17,10011332.0,8911487.0,152.0,,$30-50M,1.513,-36.15999999999999
UGRO,"urban-gro, Inc.",Industrials,Farm & Heavy Construction Machinery,4671762.0,72022656.0,17399438.0,,0.0100300005,-1.0892199,-17052084.0,27684288.0,305139.0,514574.0,4.139,-4.224,,none,2.02,37.0,3.71,0.0312,0.22,1259235.0,1186728.0,5.0,,$50-100M,4.139,-89.97297297297297
UUU,"Universal Safety Products, Inc.",Industrials,Building Products & Equipment,21092542.0,16405169.0,10833416.0,-0.996,0.33231,-97.004295,-2651765.0,5030646.0,4292476.0,1889867.0,1.514,-6.187,,none,2.3,8.27,6.965,0.0369,1.49,3028362.0,1155455.0,11.0,,$10-30M,1.514,-15.779927448609431
XOS,"Xos, Inc.",Industrials,Farm & Heavy Construction Machinery,27518610.0,34912064.0,51338000.0,0.909,0.11389,-0.41666,-26255000.0,22808750.0,9849000.0,17000000.0,0.68,-1.33,1.0,buy,1.6,5.6,2.27,0.03727,1.2,12122736.0,6036759.0,99.0,,$30-50M,0.68,-59.464285714285715
FTHM,Fathom Holdings Inc.,Real Estate,Real Estate Services,19341594.0,39154032.0,420476992.0,-0.012,0.08133,-0.05212,-11305000.0,-12050250.0,5773000.0,25651000.0,0.093,-3.463,1.0,none,0.484,3.37,0.59,0.12154,1.3,32782364.0,23079112.0,281.0,,$30-50M,0.093,-82.49258160237389
LHAI,Linkhome Holdings Inc.,Real Estate,Real Estate Services,14947830.0,12111761.0,20192392.0,-0.14,0.03452,-0.043670002,-200684.0,-800946.0,3471824.0,382567.0,0.6,-60.352,,none,0.53,22.33,0.921,0.0033000002,0.16,16230000.0,6999999.0,,,$10-30M,0.6,-95.87550380653829
LRHC,La Rosa Holdings Corp.,Real Estate,Real Estate Services,1333500.0,10794623.0,78660184.0,0.032,0.084759995,-0.24678,-13478293.0,-1357304.0,3992896.0,10610687.0,0.137,-0.801,,none,1.18,1864.0,1.27,0.023239998,0.03,1050000.0,13382.0,39.0,,$10-30M,0.137,-99.93186695278969
MDRR,"Medalist Diversified, Inc.",Real Estate,Real Estate Services,17929948.0,46985144.0,10234243.0,-0.07,0.7303,-0.08422,3889026.0,-5785780.0,8604528.0,19196936.0,4.591,12.081,,none,9.47,14.52,11.0101,0.03297,7.3,1628500.0,501497.0,,,$30-50M,4.591,-24.172865013774103
MKZR,"MacKenzie Realty Capital, Inc.",Real Estate,REIT - Diversified,5208411.0,179160416.0,17442704.0,-0.44,0.34244,-0.46987,267352.0,8687255.0,4335778.0,144656176.0,10.271,670.129,,none,2.22,16.9,2.3096,0.13434,0.36,2255114.0,1905068.0,,,$150-250M,10.271,-86.33372781065088
NYC,American Strategic Investment C,Real Estate,Real Estate Services,25052614.0,373302176.0,38315000.0,-0.403,0.19393998,-0.50762004,-680000.0,-92221376.0,2500000.0,349785984.0,9.743,-548.974,,none,7.03,16.302,8.58,0.01936,0.22,2919885.0,798209.0,,,$250-500M,9.743,-47.36842105263158
OPAD,Offerpad Solutions Inc.,Real Estate,Real Estate Services,36212352.0,89182344.0,487188992.0,-0.502,0.07614,-0.112770006,-29822000.0,111425504.0,40823000.0,94375000.0,0.183,-2.99,2.0,none,0.57,6.35,0.7653,0.31751,6.59,47317853.0,42205632.0,140.0,,$50-100M,0.183,-87.948031496063
RENX,RenX Enterprises Corp.,Real Estate,Real Estate - Development,4574807.0,30555130.0,12160403.0,216.838,0.30569,-0.69956,-10518380.0,-3041766.0,511741.0,26439916.0,2.513,-2.905,,none,1.4,47.2,1.7502,0.02883,0.38,2613877.0,2400271.0,36.0,,$30-50M,2.513,-96.29194915254237
SQFT,"Presidio Property Trust, Inc.",Real Estate,REIT - Diversified,4095535.0,88224928.0,16462324.0,-0.085,0.63007,-0.1178,4150824.0,8124399.0,5171903.0,81667320.0,5.359,21.255,,none,2.1,23.0,2.85,0.082329996,1.04,1437030.0,991249.0,15.0,,$50-100M,5.359,-87.6086956521739
ACFN,"Acorn Energy, Inc.",Technology,Scientific & Technical Instruments,43217284.0,39127312.0,10607000.0,-0.281,0.78005,-0.057930004,1371000.0,934000.0,4257000.0,1001000.0,3.689,28.539,,none,12.42,33.0,17.23,0.14404,1.29,2508258.0,1678551.0,26.0,,$30-50M,3.689,-47.78787878787879
AWRE,"Aware, Inc.",Technology,Software - Application,33603368.0,18494458.0,17071000.0,-0.062,0.91306996,-1.07797,-7788000.0,-2561875.0,19574000.0,3891000.0,1.083,-2.375,,none,1.02,2.95,1.5524,0.18112,0.49,21646077.0,11820858.0,80.0,,$10-30M,1.083,-47.376271186440675
BLIN,"Bridgeline Digital, Inc.",Technology,Software - Infrastructure,15308853.0,14419855.0,15547000.0,0.011,0.65595,-0.09369001,-996000.0,-97500.0,1373000.0,665000.0,0.928,-14.478,1.0,none,0.69,1.74,1.215,0.13716,0.43,12599879.0,10174276.0,40.0,,$10-30M,0.928,-30.17241379310345
BNZI,"Banzai International, Inc.",Technology,Software - Application,5709017.0,14787082.0,11478419.0,-0.202,0.81674004,-2.14392,-18129508.0,-10050209.0,137000.0,9885000.0,1.288,-0.816,1.0,none,3.24,208.0,3.92,0.02555,0.78,1422526.0,1403705.0,33.0,,$10-30M,1.288,-98.11538461538461
CETX,Cemtrex Inc.,Technology,Software - Infrastructure,10565742.0,21273802.0,69692600.0,-0.337,0.38584,-0.12026,-5080339.0,-12834576.0,11597478.0,22784592.0,0.305,-4.187,,none,0.51,22.05,0.95,0.22311,1.7,11121834.0,11121834.0,240.0,,$10-30M,0.305,-95.69160997732426
CISO,"CISO Global, Inc.",Technology,Software - Infrastructure,20146308.0,15983840.0,26605998.0,-0.154,0.25632998,-0.33692002,-7577766.0,-12977503.0,1695994.0,2702305.0,0.601,-2.109,,none,0.232,1.48,0.4446,0.06324,0.28,45313337.0,40412700.0,125.0,,$10-30M,0.601,-69.95945945945947
CREX,"Creative Realities, Inc.",Technology,Software - Application,39046056.0,134469008.0,63846000.0,0.679,0.42064998,-0.37962002,2514000.0,6437750.0,1829000.0,70124000.0,2.106,53.488,3.0,strong_buy,2.19,4.42,3.695,0.25205,2.41,10567268.0,8184032.0,238.0,,$100-150M,2.106,-16.402714932126695
CYCU,"Cycurion, Inc.",Technology,Information Technology Services,7954359.0,10006321.0,14532217.0,-0.155,0.11168,-0.72543,-14232615.0,3020185.0,2028718.0,8079522.0,0.689,-0.703,1.0,none,0.77,15.884086,0.926,0.07605,0.14,8590021.0,7330982.0,66.0,,$10-30M,0.689,-94.17026576159309
ELSE,"Electro-Sensors, Inc.",Technology,Scientific & Technical Instruments,27129008.0,16281684.0,10482000.0,0.152,0.51469004,-0.08453,40000.0,412000.0,10812000.0,0.0,1.553,407.042,,none,4.01,7.69,7.68,0.119440004,0.03,3532423.0,,38.0,,$10-30M,1.553,-0.13003901170351995
FRGT,"Freight Technologies, Inc.",Technology,Software - Application,2431531.0,109314256.0,13062534.0,-0.054,-0.22051,-0.46209,-5885256.0,-3857218.0,346718.0,3436182.0,8.369,-18.574,,none,2.515,69.65,4.25,0.10316,0.4,572125.0,503551.0,48.0,,$100-150M,8.369,-93.89806173725772
ILLR,Triller Group Inc.,Technology,Software - Application,41085948.0,214049344.0,21871000.0,0.052,0.0,-5.46004,,,3509000.0,162028992.0,9.787,,,none,0.001,1.73,0.2323,0.00039,0.59,176865904.0,119986672.0,144.0,,$150-250M,9.787,-86.57225433526011
INLX,"Intellinetics, Inc.",Technology,Software - Application,28183612.0,28444708.0,16245283.0,-0.08,0.65296,-0.30251,-972983.0,1056598.0,2076124.0,1415746.0,1.751,-29.235,,none,6.25,14.57,6.27,0.106070004,0.77,4494994.0,2888843.0,148.0,,$10-30M,1.751,-56.96636925188745
INUV,"Inuvo, Inc.",Technology,Software - Application,23710472.0,25905242.0,86209304.0,-0.456,0.74486,-0.08507,-4443086.0,-2390975.0,2839921.0,4026105.0,0.3,-5.83,5.0,buy,1.31,6.27,1.5998,0.1201,2.18,14820898.0,12496367.0,72.0,,$10-30M,0.3,-74.48484848484848
IPM,Intelligent Protection Manageme,Technology,Software - Application,25550030.0,14756314.0,24449172.0,0.152,0.50639,-0.104890004,-366106.0,724644.0,7038629.0,4216450.0,0.604,-40.306,1.0,none,1.46,2.88,1.96,0.093789995,2.77,9035729.0,3953764.0,53.0,,$10-30M,0.604,-31.944444444444443
KPLT,"Katapult Holdings, Inc.",Technology,Software - Infrastructure,29400408.0,107101712.0,298836000.0,0.098,0.25496,0.05486,198299008.0,189950496.0,22348000.0,72045000.0,0.358,0.54,2.0,none,5.5,24.34,6.17,0.39437,11.4,4765058.0,4312139.0,87.0,,$100-150M,0.358,-74.65078060805259
LPSN,"LivePerson, Inc.",Technology,Software - Application,28004862.0,319691072.0,235998000.0,-0.12,0.71737,-0.030739998,12585000.0,-19615624.0,101499000.0,393793984.0,1.355,25.403,2.0,none,2.0,21.6,2.3,0.25892,5.21,12176027.0,10531289.0,606.0,,$250-500M,1.355,-89.35185185185185
NXPL,NextPlat Corp,Technology,Software - Application,19582506.0,10342878.0,50251000.0,-0.322,0.22794001,-0.11192001,-7158500.0,,11008000.0,1792000.0,0.206,-1.445,,none,3.4,11.1,7.23,0.04185,2.97,2708507.0,1679571.0,121.0,,$10-30M,0.206,-34.86486486486486
OBAI,"Our Bond, Inc.",Technology,Software - Infrastructure,12084263.0,21893758.0,10070000.0,0.044,0.05362,-2.71623,-13791000.0,-8076625.0,3758000.0,10149000.0,2.174,-1.588,,none,0.43,38.5,0.494,0.0624,0.11,24462071.0,18175808.0,,,$10-30M,2.174,-98.71688311688311
PSQH,"PSQ Holdings, Inc.",Technology,Software - Application,32646688.0,56628180.0,23327100.0,0.209,0.63251,-0.75181997,-21061388.0,-8186133.0,10057059.0,36455380.0,2.428,-2.689,1.0,none,0.482,2.84,0.67,0.1595,0.02,48726402.0,34395967.0,68.0,,$50-100M,2.428,-76.40845070422534
SMSI,"Smith Micro Software, Inc.",Technology,Software - Application,21915478.0,22411922.0,16963000.0,-0.087,0.75488,-0.79910004,-12114000.0,-2642125.0,1742000.0,3777000.0,1.321,-1.85,2.0,none,0.41,1.3,0.8575,0.07703,3.76,25557408.0,18659719.0,118.0,,$10-30M,1.321,-34.03846153846154
UPLD,"Upland Software, Inc.",Technology,Software - Application,27014144.0,357207392.0,201911008.0,-0.235,0.75908,0.10415,50097000.0,36472500.0,29781000.0,230280000.0,1.769,7.13,2.0,none,0.496,3.91,0.92,0.36688,1.82,29363201.0,21652424.0,760.0,,$250-500M,1.769,-76.47058823529412
USIO,"Usio, Inc.",Technology,Software - Infrastructure,44981472.0,43229668.0,88850352.0,0.157,0.22533001,0.0088599995,-218110.0,117511.0,7728795.0,4873153.0,0.487,-198.201,3.0,buy,1.03,2.02,1.63,0.25035998,1.08,27595994.0,19577426.0,107.0,,$30-50M,0.487,-19.30693069306931
VTSI,"VirTra, Inc.",Technology,Software - Application,38556480.0,29438544.0,18716088.0,-0.515,0.64862,-0.38226002,-342494.0,3582479.0,17850178.0,7714625.0,1.573,-85.953,2.0,none,3.1572,7.47,3.41,0.17659001,1.2,11306885.0,10925391.0,94.0,,$10-30M,1.573,-54.35073627844712
XBP,"XBP Global Holdings, Inc.",Technology,Software - Infrastructure,29773166.0,416114272.0,791041984.0,-0.008,0.21701999,-0.02606,56150000.0,-171460000.0,40026000.0,431192000.0,0.526,7.411,1.0,strong_buy,2.0,25.6,2.53,0.62831,0.76,11768050.0,3553951.0,10600.0,,$250-500M,0.526,-90.1171875
ACNT,Ascent Industries Co.,Basic Materials,Chemicals,123823544.0,88387104.0,76522000.0,0.089,0.22157,-0.122379996,-3491000.0,27187876.0,47821000.0,13198000.0,1.155,-25.319,,none,11.62,17.92,13.7,0.74983,5.57,9038215.0,7057129.0,197.0,,$50-100M,1.155,-23.54910714285715
AVD,American Vanguard Corporation,Basic Materials,Agricultural Inputs,75376536.0,290036032.0,522881984.0,0.067,0.29794002,0.043309998,30212000.0,-18048750.0,70914000.0,283142016.0,0.555,9.6,,none,2.05,5.92,2.635,0.67827004,3.7,28605895.0,26717906.0,739.0,,$250-500M,0.555,-55.48986486486487
CMT,Core Molding Technologies Inc,Basic Materials,Specialty Chemicals,208302256.0,221156192.0,270934016.0,-0.047,0.17634001,0.029679999,26085000.0,-18697876.0,23551000.0,34992000.0,0.816,8.478,1.0,none,15.81,28.69,24.325,0.80486,4.82,8563299.0,7126463.0,1239.0,,$150-250M,0.816,-15.214360404322068
FF,FutureFuel Corp.,Basic Materials,Specialty Chemicals,181375616.0,160543824.0,110156000.0,0.822,-0.36398,-0.65232,-44484000.0,-70096496.0,22367000.0,0.0,1.457,-3.609,,none,3.09,5.12,4.135,0.36027,1.6,43863507.0,26041325.0,493.0,,$150-250M,1.457,-19.23828125000001
FRD,Friedman Industries Inc.,Basic Materials,Steel,173039408.0,262612592.0,584350016.0,0.786,0.1259,0.02321,23206300.0,-51404812.0,3005000.0,97130000.0,0.449,11.316,,none,14.51,24.685,24.33,0.54085,5.73,7112182.0,6664826.0,271.0,,$250-500M,0.449,-1.4381203159813616
GORO,Gold Resource Corporation,Basic Materials,Other Precious Metals & Mining,227445488.0,86401616.0,131348000.0,-0.282,0.45526,-0.20518999,48310000.0,-9573875.0,13328000.0,5126000.0,0.658,1.788,1.0,none,0.43,1.87,1.405,0.40373,0.98,161882909.0,70015786.0,497.0,,$50-100M,0.658,-24.86631016042781
HDSN,"Hudson Technologies, Inc.",Basic Materials,Specialty Chemicals,226119728.0,211812384.0,251422000.0,0.087,0.24611,0.02434,27084000.0,-39827500.0,19366000.0,5269000.0,0.842,7.821,4.0,buy,4.64,10.52,5.375,0.80565,3.86,42068788.0,33045454.0,281.0,,$150-250M,0.842,-48.90684410646388
MNTK,"Montauk Renewables, Inc.",Basic Materials,Specialty Chemicals,249808688.0,380987008.0,180207008.0,0.09,0.35266,-0.0249,34595000.0,-86415624.0,25947000.0,157836992.0,2.114,11.013,4.0,none,1.07,2.78,1.755,0.17094,3.45,142341139.0,65280493.0,189.0,,$250-500M,2.114,-36.87050359712231
NTIC,Northern Technologies Internati,Basic Materials,Specialty Chemicals,75888544.0,89553712.0,89129680.0,0.153,0.36979,-0.03264,898817.0,-3864485.0,6469750.0,15079273.0,1.005,99.635,1.0,none,7.14,10.03,7.995,0.35417998,0.92,9492001.0,7594360.0,269.0,,$50-100M,1.005,-20.289132602193416
SMID,Smith-Midland Corporation,Basic Materials,Building Materials,178512480.0,164691488.0,93446000.0,0.247,0.27864,0.13998,19881000.0,-5140375.0,11884000.0,4537000.0,1.762,8.284,,none,25.6,43.66,33.64,0.58162,18.64,5306554.0,2727356.0,179.0,,$150-250M,1.762,-22.95006871278057
ANGI,Angi Inc.,Communication Services,Internet Content & Information,248148592.0,483434816.0,1022771968.0,-0.032,0.9571,0.022920001,115516000.0,38790000.0,244580000.0,499888000.0,0.473,4.185,6.0,buy,4.53,19.42,6.135,0.91336,3.53,40448016.0,28568838.0,2300.0,,$250-500M,0.473,-68.40885684860969
AREN,"The Arena Group Holdings, Inc.",Communication Services,Internet Content & Information,72594256.0,165403488.0,123419000.0,-0.359,0.48421,-0.0149,36597000.0,-75758496.0,11230000.0,99993000.0,1.34,4.52,1.0,none,1.36,7.85,1.525,0.09894,7.41,47602790.0,12245818.0,159.0,,$150-250M,1.34,-80.57324840764332
BODI,"The Beachbody Company, Inc.",Communication Services,Internet Content & Information,78283472.0,65850936.0,233648000.0,-0.25,0.73287004,0.05736,30330000.0,21727876.0,36591000.0,25098000.0,0.282,2.171,4.0,strong_buy,3.41,16.87,10.81,0.37473,2.66,4512761.0,3311464.0,270.0,,$50-100M,0.282,-35.92175459395377
BZFD,"BuzzFeed, Inc.",Communication Services,Internet Content & Information,132765760.0,137966448.0,180816992.0,-0.124,0.40258,-0.42683,-11680000.0,-11007500.0,6846000.0,80557000.0,0.763,-11.812,,none,0.54,2.68,1.72,0.10581,0.51,77156041.0,27066385.0,507.0,,$100-150M,0.763,-35.820895522388064
CNVS,Cineverse Corp.,Communication Services,Entertainment,52811268.0,56974172.0,55337000.0,-0.6,0.60048,-0.04028,-3216000.0,94000.0,2461000.0,8753000.0,1.03,-17.716,2.0,none,1.77,7.39,2.48,0.16504,3.68,21294866.0,15371347.0,213.0,,$50-100M,1.03,-66.44113667117726
CURI,CuriosityStream Inc.,Communication Services,Broadcasting,172230480.0,145838016.0,71729000.0,0.005,0.57214,-0.10184,5913000.0,32971624.0,20393000.0,3783000.0,2.033,24.664,3.0,buy,2.3,7.15,2.905,0.33363998,4.79,59287600.0,40859235.0,42.0,,$100-150M,2.033,-59.37062937062938
DIBS,"1stdibs.com, Inc.",Communication Services,Internet Content & Information,163594160.0,97226496.0,89463000.0,-0.007,0.73529,-0.12618,-14443000.0,4446250.0,85283000.0,17502000.0,1.087,-6.732,1.0,none,2.37,6.625,4.63,0.66943,3.15,35333511.0,22181318.0,266.0,,$50-100M,1.087,-30.113207547169818
ELWT,"Elauwit Connection, Inc.",Communication Services,Telecom Services,49780864.0,45411748.0,20602000.0,-0.211,0.17337999,-0.49661,,,3534000.0,1879000.0,2.204,,1.0,strong_buy,4.11,9.72,7.52,0.08592,1.1,6619796.0,2014139.0,33.0,,$30-50M,2.204,-22.633744855967088
FLNT,"Fluent, Inc.",Communication Services,Advertising Agencies,60525896.0,89422040.0,208764000.0,-0.055,0.24545,0.01644,-7043000.0,-2957125.0,12935000.0,37669000.0,0.428,-12.697,2.0,buy,1.7,4.15,2.03,0.33403,2.24,29815712.0,13449150.0,185.0,,$50-100M,0.428,-51.0843373493976
GAIA,"Gaia, Inc.",Communication Services,Entertainment,59741452.0,77500728.0,99427000.0,0.02,0.86657,-0.058730002,2268000.0,13817250.0,13098000.0,14589000.0,0.779,34.171,4.0,none,2.3,6.39,2.36,0.55191004,6.55,19914176.0,16739758.0,112.0,,$50-100M,0.779,-63.06729264475743
IZEA,"IZEA Worldwide, Inc.",Communication Services,Internet Content & Information,64449136.0,18472176.0,29842722.0,-0.175,0.48209998,-0.17830999,-2249803.0,-5523936.0,46502356.0,0.0,0.619,-8.211,,none,2.5,5.859,3.68,0.11727,1.13,17513351.0,13155329.0,75.0,,$10-30M,0.619,-37.190646868066224
KVHI,"KVH Industries, Inc.",Communication Services,Telecom Services,181524080.0,147911616.0,117913000.0,0.272,0.25563,-0.00365,1207000.0,14591500.0,59153000.0,4288000.0,1.254,122.545,,none,5.09,13.0,9.31,0.54887,0.62,19497751.0,12667104.0,258.0,,$100-150M,1.254,-28.384615384615387
LVO,"LiveOne, Inc.",Communication Services,Internet Content & Information,89718480.0,100288624.0,77513000.0,-0.312,0.26739,-0.09632,-11425000.0,-7925500.0,8624000.0,15440000.0,1.294,-8.778,4.0,strong_buy,3.7,9.2,6.66,0.13966,2.84,13471243.0,9010160.0,113.0,,$100-150M,1.294,-27.60869565217391
MCHX,"Marchex, Inc.",Communication Services,Advertising Agencies,74902744.0,63656680.0,44636000.0,-0.069,0.62532,-0.12724,-1144500.0,,9019000.0,578000.0,1.426,-55.62,1.0,none,1.32,2.31,1.6907,0.63415,1.6,39641872.0,17239259.0,139.0,,$50-100M,1.426,-26.809523809523807
MDIA,Mediaco Holding Inc.,Communication Services,Broadcasting,69314648.0,179590384.0,136692000.0,0.12,-0.093219995,-0.21596001,-20104000.0,4320625.0,3109000.0,109380000.0,1.314,-8.933,,none,0.538,1.6,0.8481,0.93656,0.37,76316142.0,40875294.0,378.0,,$150-250M,1.314,-46.99375
MRDN,Meridian Holdings Inc.,Communication Services,Electronic Gaming & Multimedia,152904464.0,144074080.0,190244192.0,0.173,0.56456,0.06301,12935980.0,4781619.0,16580882.0,18892040.0,0.757,11.137,3.0,none,5.796,23.76,12.085,0.04091,1.67,12652417.0,2153821.0,1200.0,,$100-150M,0.757,-49.137205387205384
NCMI,"National CineMedia, Inc.",Communication Services,Advertising Agencies,294939008.0,263481088.0,242300000.0,-0.026,0.45068002,-0.77647,20800000.0,34037500.0,48600000.0,22300000.0,1.087,12.667,4.0,none,2.78,5.56,3.145,0.92727995,20.37,93780289.0,65294526.0,248.0,,$250-500M,1.087,-43.43525179856115
PODC,"PodcastOne, Inc.",Communication Services,Internet Content & Information,134416144.0,128230960.0,60103000.0,0.248,0.11983,-0.009649999,-3090000.0,6620500.0,3416000.0,192000.0,2.134,-41.499,3.0,none,1.3,5.2,4.89,0.03894,0.64,27487964.0,5153360.0,40.0,,$100-150M,2.134,-5.961538461538474
SEAT,Vivid Seats Inc.,Communication Services,Internet Content & Information,97568208.0,352588608.0,532536000.0,-0.233,0.68433,-0.06987,-10888000.0,-10885250.0,143555008.0,402420992.0,0.662,-32.383,8.0,none,5.06,41.2,8.88,0.87046,7.77,10987411.0,3702428.0,557.0,,$250-500M,0.662,-78.44660194174757
SGA,"Saga Communications, Inc.",Communication Services,Broadcasting,60601592.0,40994012.0,105767000.0,-0.056,0.14511,-0.14409,1806000.0,3454250.0,30438000.0,10147000.0,0.388,22.699,1.0,none,9.21,14.27,9.51,0.57251,0.68,6363968.0,3548867.0,580.0,,$30-50M,0.388,-33.35669236159776
SKLZ,Skillz Inc.,Communication Services,Electronic Gaming & Multimedia,149598432.0,82268104.0,111704000.0,0.329,0.87751997,-0.55832,-62765000.0,-33208124.0,185400992.0,129074000.0,0.736,-1.311,1.0,none,2.23,20.0,9.585,0.37555,0.56,12177494.0,9871936.0,370.0,,$50-100M,0.736,-52.074999999999996
TZOO,Travelzoo,Communication Services,Internet Content & Information,111946032.0,109205744.0,92852000.0,0.049,0.79387003,0.14193,6714000.0,5622625.0,10571000.0,6623000.0,1.176,16.265,4.0,strong_buy,4.72,14.18,10.89,0.38971,1.23,10279709.0,5777916.0,249.0,,$100-150M,1.176,-23.20169252468265
UPXI,"Upexi, Inc.",Communication Services,Internet Content & Information,85368120.0,324332224.0,26137742.0,0.442,0.87038004,-23.43295,-217620336.0,-229092160.0,3482847.0,242798256.0,12.409,-1.49,2.0,none,0.54,13.57,1.215,0.35207,4.63,70261828.0,65550772.0,59.0,,$250-500M,12.409,-91.04642593957259
ZIP,"ZipRecruiter, Inc.",Communication Services,Internet Content & Information,266986368.0,427210848.0,446433984.0,-0.023,0.89115995,-0.01439,-4573000.0,11009000.0,393483008.0,557376000.0,0.957,-93.42,3.0,none,1.65,6.55,3.275,0.76702005,5.25,68493064.0,60012825.0,800.0,,$250-500M,0.957,-50.0
AKA,a.k.a. Brands Holding Corp.,Consumer Cyclical,Apparel Retail,102593424.0,308117984.0,604014976.0,0.03,0.58612996,-0.03098,7989000.0,10690875.0,12862000.0,215603008.0,0.51,38.568,4.0,none,8.603,16.38,9.48,0.56313,2.05,10822092.0,898842.0,1650.0,,$250-500M,0.51,-42.12454212454212
AOUT,"American Outdoor Brands, Inc.",Consumer Cyclical,Leisure,126587392.0,152233280.0,205419008.0,-0.033,0.43056,-0.00848,6746000.0,4693375.0,10395000.0,32766000.0,0.741,22.566,2.0,none,6.259,13.457,10.05,0.88537,22.3,12595760.0,11037916.0,299.0,,$150-250M,0.741,-25.317678531619226
BARK,"BARK, Inc.",Consumer Cyclical,Specialty Retail,88577128.0,101397792.0,423687008.0,-0.221,0.6159,-0.08825,-30151000.0,-29500750.0,21683000.0,38306000.0,0.239,-3.363,3.0,none,8.15,27.6,10.25,0.35173,13.15,8641671.0,5369416.0,691.0,,$100-150M,0.239,-62.86231884057971
BDL,"Flanigan's Enterprises, Inc.",Consumer Cyclical,Restaurants,64123320.0,102348320.0,211776992.0,0.059,0.23264,0.07153,15594000.0,4732500.0,22831000.0,47171000.0,0.483,6.563,,none,26.33,35.98,34.5,0.10419,1.39,1858647.0,666957.0,773.0,,$100-150M,0.483,-4.11339633129516
BRLT,"Brilliant Earth Group, Inc.",Consumer Cyclical,Luxury Goods,126501504.0,60214604.0,443103008.0,0.06,0.5654,-0.08925,-4498000.0,-1811125.0,58564000.0,38513000.0,0.136,-13.387,4.0,none,1.11,3.1,1.25,0.2692,2.8,16258882.0,14914272.0,764.0,,$50-100M,0.136,-59.67741935483871
BSET,"Bassett Furniture Industries, I",Consumer Cyclical,"Furnishings, Fixtures & Appliances",127825144.0,162322480.0,333457984.0,-0.022,0.56084,0.01365,15563000.0,5010000.0,50952000.0,85036000.0,0.487,10.43,1.0,strong_buy,13.17,19.75,14.7822,0.59618,15.15,8647234.0,7634297.0,1194.0,,$150-250M,0.487,-25.153417721518988
CATO,Cato Corporation (The),Consumer Cyclical,Apparel Retail,62170108.0,128625808.0,654673984.0,0.005,0.34289002,0.05025,1159500.0,,80970000.0,145027008.0,0.196,110.932,,none,2.52,4.92,3.16,0.33605,10.31,17910433.0,14322787.0,6700.0,,$100-150M,0.196,-35.77235772357723
CHPT,"ChargePoint Holdings, Inc.",Consumer Cyclical,Specialty Retail,187272528.0,325311648.0,411224000.0,0.073,0.30543,-0.48469,-183091008.0,23362250.0,141564000.0,276428992.0,0.791,-1.777,6.0,none,4.44,17.78,7.67,0.22374001,8.34,24416236.0,22522269.0,1440.0,,$250-500M,0.791,-56.861642294713164
CLAR,Clarus Corporation,Consumer Cyclical,Leisure,117438752.0,101179024.0,251944992.0,0.025,0.33763,-0.06158,-7871000.0,336875.0,29809000.0,11435000.0,0.402,-12.855,6.0,none,2.53,4.03,3.055,0.71027,5.86,38441486.0,24036308.0,390.0,,$100-150M,0.402,-24.193548387096776
CVGI,"Commercial Vehicle Group, Inc.",Consumer Cyclical,Auto Parts,174294624.0,291813632.0,650702016.0,0.01,0.11686,0.00974,18645000.0,30179376.0,28684000.0,143676992.0,0.448,15.651,3.0,none,1.25,5.79,5.175,0.47046003,0.72,33680120.0,23600334.0,6100.0,,$250-500M,0.448,-10.621761658031092
DLTH,Duluth Holdings Inc.,Consumer Cyclical,Apparel Retail,131544000.0,260211824.0,565184000.0,-0.105,0.53366,0.0417,15255000.0,22599250.0,16345000.0,147435008.0,0.46,17.057,1.0,none,1.82,4.66,3.45,0.2353,4.42,34764498.0,9959882.0,746.0,,$250-500M,0.46,-25.965665236051507
ESCA,"Escalade, Incorporated",Consumer Cyclical,Leisure,261881568.0,268696224.0,240464000.0,0.006,0.27864,0.1046,25981000.0,24789250.0,13051000.0,18071000.0,1.117,10.342,1.0,none,11.41,21.32,18.97,0.31171,4.51,13805038.0,10046478.0,437.0,,$250-500M,1.117,-11.022514071294564
FLWS,"1-800-FLOWERS.COM, Inc.",Consumer Cyclical,Specialty Retail,297416960.0,489919168.0,1547015040.0,-0.116,0.38066003,-0.17927,-17306000.0,13421750.0,50697000.0,252172992.0,0.317,-28.309,2.0,none,2.89,8.44,4.64,0.81267,5.55,37030262.0,10261526.0,3900.0,,$250-500M,0.317,-45.023696682464454
FOSL,"Fossil Group, Inc.",Consumer Cyclical,Footwear & Accessories,263297616.0,481100000.0,995905984.0,-0.036,0.55713004,0.06272,40830248.0,,81400000.0,299700000.0,0.483,11.783,2.0,strong_buy,1.27,5.75,4.455,0.61041,4.23,59101598.0,47737912.0,4500.0,,$250-500M,0.483,-22.52173913043478
GENK,"GEN Restaurant Group, Inc.",Consumer Cyclical,Restaurants,67907112.0,195797104.0,209100992.0,-0.06,0.111999996,-0.13374,-10492000.0,-8736375.0,4435000.0,181016000.0,0.936,-18.662,1.0,buy,1.43,4.99,2.06,0.18426001,12.44,5364808.0,4813359.0,375.0,,$150-250M,0.936,-58.717434869739485
GRWG,GrowGeneration Corp.,Consumer Cyclical,Specialty Retail,106661352.0,93300808.0,164428992.0,0.075,0.26338,-0.13713999,-9171250.0,,41119000.0,27458000.0,0.567,-10.173,2.0,none,0.87,2.4,1.775,0.30074,1.88,60090905.0,51389141.0,248.0,,$50-100M,0.567,-26.041666666666664
HBB,Hamilton Beach Brands Holding C,Consumer Cyclical,"Furnishings, Fixtures & Appliances",278093856.0,316311104.0,595443008.0,-0.086,0.26799,0.04073,46533000.0,-1865750.0,48390000.0,90671000.0,0.531,6.798,,none,12.72,21.84,20.53,0.42426997,7.53,9960258.0,6529042.0,640.0,,$250-500M,0.531,-5.9981684981684875
HOFT,Hooker Furnishings Corporation,Consumer Cyclical,"Furnishings, Fixtures & Appliances",137736032.0,165236880.0,278139008.0,-0.205,0.26424,-0.013259999,4551000.0,35378376.0,1112000.0,28136000.0,0.594,36.308,1.0,none,8.62,15.99,12.78,0.7754,3.87,10777467.0,10310426.0,840.0,,$150-250M,0.594,-20.075046904315197
HOUR,"Hour Loop, Inc.",Consumer Cyclical,Internet Retail,67568424.0,66949412.0,146533488.0,0.158,0.52211,0.03816,2721698.0,-383194.0,992886.0,2837303.0,0.457,24.598,,none,1.2,6.84,1.92,0.00187,0.6,35191890.0,1741647.0,159.0,,$50-100M,0.457,-71.9298245614035
INSE,"Inspired Entertainment, Inc.",Consumer Cyclical,Gambling,207534272.0,281563936.0,136944000.0,-0.101,0.78024,0.05673,28521000.0,-11496625.0,19733000.0,132179000.0,2.056,9.872,6.0,buy,6.1,9.95,7.78,0.84526,9.3,26675355.0,7539952.0,650.0,,$250-500M,2.056,-21.809045226130642
INTG,The Intergroup Corporation,Consumer Cyclical,Lodging,86618616.0,243635104.0,71793000.0,0.211,0.2801,0.20910999,17039000.0,8659250.0,10379000.0,194796992.0,3.394,14.299,,none,9.57,43.84,40.31,0.03367,0.21,2148812.0,594168.0,217.0,,$150-250M,3.394,-8.05200729927007
JAKK,"JAKKS Pacific, Inc.",Consumer Cyclical,Leisure,254180352.0,249027120.0,564094016.0,-0.058,0.34017,-0.052249998,23105000.0,13438625.0,62849000.0,50028000.0,0.441,10.778,2.0,none,14.87,24.45,22.21,0.66200995,6.7,11444411.0,9059281.0,652.0,,$150-250M,0.441,-9.161554192229037
JILL,"J. Jill, Inc.",Consumer Cyclical,Apparel Retail,192290560.0,381091072.0,596548992.0,-0.031,0.68685997,0.0058899997,72990000.0,15692375.0,41015000.0,224800000.0,0.639,5.221,4.0,none,10.405,18.8,12.9,0.96474,10.85,14906245.0,6799025.0,1039.0,,$250-500M,0.639,-31.382978723404253
KEQU,Kewaunee Scientific Corporation,Consumer Cyclical,"Furnishings, Fixtures & Appliances",116513352.0,170334432.0,287747008.0,0.033,0.28926,0.03721,26021000.0,15465125.0,8153000.0,59342000.0,0.592,6.546,,none,33.7,60.89,40.6482,0.41197,20.32,2866384.0,2161712.0,1239.0,,$150-250M,0.592,-33.24322548858597
LAKE,"Lakeland Industries, Inc.",Consumer Cyclical,Apparel Manufacturing,106561776.0,151982624.0,192648000.0,-0.017,0.32871,0.07835,-2401000.0,109125.0,12515000.0,47293000.0,0.789,-63.3,4.0,none,7.15,19.77,10.81,0.87578005,12.6,9857703.0,9333263.0,2570.0,,$150-250M,0.789,-45.321193727870515
LCUT,"Lifetime Brands, Inc.",Consumer Cyclical,"Furnishings, Fixtures & Appliances",205009424.0,403923616.0,651356032.0,0.024,0.37495,-0.04488,35677000.0,17341124.0,13864000.0,221006000.0,0.62,11.322,3.0,none,2.9,9.8,8.97,0.68472,2.55,22855008.0,11294488.0,1080.0,,$250-500M,0.62,-8.469387755102042
LOVE,The Lovesac Company,Consumer Cyclical,"Furnishings, Fixtures & Appliances",231305424.0,326139584.0,697115008.0,0.027,0.56406,0.17497998,20569000.0,18752876.0,101853000.0,192511008.0,0.468,15.856,6.0,none,10.33,21.15,15.65,1.01921,15.81,14779900.0,10533671.0,917.0,,$250-500M,0.468,-26.0047281323877
LVWR,"LiveWire Group, Inc.",Consumer Cyclical,Auto Manufacturers,294857024.0,314437760.0,28044000.0,0.865,-0.09991,-3.4549398,-64024000.0,-29164250.0,67495000.0,74790000.0,11.212,-4.911,,none,1.2,9.039,1.44,0.01976,14.05,204761830.0,12789424.0,151.0,,$250-500M,11.212,-84.06903418519748
MPAA,"Motorcar Parts of America, Inc.",Consumer Cyclical,Auto Parts,213433696.0,429503328.0,770636032.0,-0.099,0.19207,0.04615,57286000.0,12947625.0,19571000.0,232759008.0,0.557,7.498,3.0,none,9.29,18.12,11.11,0.91332,16.86,19210954.0,15767198.0,5700.0,,$250-500M,0.557,-38.686534216335545
MPX,Marine Products Corporation,Consumer Cyclical,Recreational Vehicles,280037408.0,234238368.0,251950000.0,0.128,0.18611999,0.033770002,17296000.0,9592625.0,45799000.0,0.0,0.93,13.543,,none,6.83,10.08,8.18,0.17085,7.62,34234398.0,9336405.0,698.0,,$150-250M,0.93,-18.849206349206348
NDLS,Noodles & Company,Consumer Cyclical,Restaurants,69644016.0,319871712.0,495080992.0,-0.0,0.15461001,0.0155299995,27629000.0,13547625.0,1444000.0,253675008.0,0.646,11.577,,none,3.57,13.95,11.82,0.51198,2.22,5892049.0,3213052.0,6500.0,,$250-500M,0.646,-15.268817204301065
PLBY,"Playboy, Inc.",Consumer Cyclical,Leisure,160614384.0,308432544.0,122289000.0,0.047,0.70915,-0.05427,1556000.0,3462125.0,30167000.0,177972000.0,2.522,198.221,3.0,none,1.185,2.75,1.385,0.46522,1.97,115967061.0,61006792.0,199.0,,$250-500M,2.522,-49.63636363636363
RCKY,"Rocky Brands, Inc.",Consumer Cyclical,Footwear & Accessories,290267072.0,420129856.0,492304000.0,0.091,0.39755002,0.02922,42059000.0,4402375.0,1667000.0,130474000.0,0.853,9.989,1.0,none,20.52,48.7,38.49,0.79276,2.74,7541363.0,7055322.0,2200.0,,$250-500M,0.853,-20.96509240246407
RENT,"Rent the Runway, Inc.",Consumer Cyclical,Apparel Retail,133180016.0,282711840.0,329800000.0,0.2,0.73166,-0.00981,900000.0,-55837500.0,50400000.0,199100000.0,0.857,314.124,,none,3.345,10.13,3.97,0.22243999,12.56,33419413.0,24132827.0,942.0,,$250-500M,0.857,-60.809476801579464
RGS,Regis Corporation,Consumer Cyclical,Personal Services,72464312.0,362355392.0,228880000.0,-0.08,0.36923,0.12229,25466000.0,7400375.0,22930000.0,312446016.0,1.583,14.229,1.0,strong_buy,18.2,31.5,28.9999,0.32477,4.33,2498778.0,2288056.0,1777.0,,$250-500M,1.583,-7.936825396825398
RICK,"RCI Hospitality Holdings, Inc.",Consumer Cyclical,Restaurants,198785968.0,453012832.0,278779008.0,-0.009,0.85082,0.15888,51746000.0,22649500.0,28631000.0,286256000.0,1.625,8.755,,none,20.76,43.1,25.98,0.48369998,16.85,7651500.0,6600490.0,3444.0,,$250-500M,1.625,-39.721577726218094
ROLR,"High Roller Technologies, Inc.",Consumer Cyclical,Gambling,61097260.0,37877300.0,18624000.0,-0.503,0.57012004,-0.89008003,-5457000.0,-8882000.0,22451000.0,798000.0,2.034,-6.941,,none,1.16,33.68,5.57,0.02856,0.37,10968987.0,4659450.0,57.0,,$30-50M,2.034,-83.46199524940617
SGC,"Superior Group of Companies, In",Consumer Cyclical,Apparel Manufacturing,202148256.0,283206144.0,569964992.0,0.028,0.37679002,0.01396,27120000.0,26133124.0,23172000.0,99227000.0,0.497,10.443,3.0,none,8.3,13.78,12.93,0.4295,11.75,15634049.0,10083180.0,6520.0,,$250-500M,0.497,-6.168359941944845
SPWH,"Sportsman's Warehouse Holdings,",Consumer Cyclical,Specialty Retail,51807960.0,496545952.0,1209181952.0,-0.016,0.3089,-0.00239,24474000.0,19430376.0,1659000.0,446207008.0,0.411,20.289,3.0,none,1.08,4.331,1.33,0.60274,0.64,38953350.0,33853382.0,1800.0,,$250-500M,0.411,-69.29115677672593
SRI,"Stoneridge, Inc.",Consumer Cyclical,Auto Parts,214870208.0,312929536.0,873052992.0,-0.262,0.19847,-0.05582,17898250.0,,70536000.0,162660000.0,0.358,17.484,,hold,4.6,9.71,7.61,0.84346,2.32,28235245.0,24652005.0,4200.0,,$250-500M,0.358,-21.627188465499493
SYPR,"Sypris Solutions, Inc.",Consumer Cyclical,Auto Parts,77202344.0,104176624.0,116190000.0,-0.125,0.05898,-0.14529,-7687000.0,-804875.0,4847000.0,27104000.0,0.897,-13.552,,none,1.79,4.74,3.355,0.199,0.6,23011130.0,10492615.0,548.0,,$100-150M,0.897,-29.219409282700425
TLYS,"Tilly's, Inc.",Consumer Cyclical,Apparel Retail,135978352.0,263413248.0,553585024.0,0.053,0.44376,0.01676,-7601000.0,9314375.0,46313000.0,170456992.0,0.476,-34.655,1.0,none,0.99,5.54,4.46,0.96049005,1.86,23182312.0,10307448.0,1314.0,,$250-500M,0.476,-19.494584837545126
UFI,"Unifi, Inc. New",Consumer Cyclical,Textile Manufacturing,74906640.0,150926256.0,525614016.0,-0.113,0.02851,-0.00090000004,-5512000.0,30154124.0,26561000.0,102023000.0,0.287,-27.381,1.0,none,2.96,5.34,4.03,0.44702998,3.42,18587254.0,15749724.0,2500.0,,$150-250M,0.287,-24.531835205992504
VENU,Venu Holding Corporation,Consumer Cyclical,Restaurants,223895488.0,408438080.0,18298490.0,0.115,0.27714002,-2.94474,-38797208.0,-158935808.0,56601280.0,120672016.0,22.321,-10.528,1.0,strong_buy,3.06,18.17,3.7425,0.33508,5.65,59443877.0,28405257.0,94.0,,$250-500M,22.321,-79.40286186020914
VIRC,Virco Manufacturing Corporation,Consumer Cyclical,"Furnishings, Fixtures & Appliances",96088632.0,121607128.0,199652000.0,-0.08,0.4069,-0.38123,9664000.0,-13459000.0,14437000.0,40374000.0,0.609,12.584,1.0,none,5.16,9.09,6.1088,0.48406,14.27,15729543.0,9344780.0,731.0,,$100-150M,0.609,-32.7964796479648
VNCE,Vince Holding Corp.,Consumer Cyclical,Apparel Manufacturing,57041988.0,177133360.0,300007008.0,0.047,0.49713,-0.034760002,12146000.0,-7466500.0,498000.0,122388000.0,0.59,14.584,2.0,strong_buy,1.02,5.9,4.44,0.071729995,0.06,12847294.0,4197982.0,558.0,,$150-250M,0.59,-24.745762711864405
VRA,"Vera Bradley, Inc.",Consumer Cyclical,Footwear & Accessories,94414992.0,147662448.0,269651008.0,-0.017,0.4637,0.02622,-19667000.0,36036248.0,18513000.0,70534000.0,0.548,-7.508,,hold,1.39,4.39,3.32,0.39308,4.91,28438252.0,18259967.0,1360.0,,$100-150M,0.548,-24.373576309794988
ACU,Acme,Consumer Defensive,Household & Personal Products,160853152.0,206838432.0,202884816.0,0.138,0.39568,0.03338,20861228.0,410684.0,4196000.0,49399000.0,1.019,9.915,1.0,none,35.5,47.31,42.2147,0.74097997,3.37,3810359.0,2978748.0,649.0,,$150-250M,1.019,-10.770027478334399
BOF,BranchOut Food Inc.,Consumer Defensive,Packaged Foods,53759264.0,59539120.0,13160495.0,-0.184,0.14477,-0.62112,-5713174.0,-6382469.0,917661.0,7616477.0,4.524,-10.421,,none,1.74,4.95,3.51,0.18436001,0.58,15316030.0,11499275.0,314.0,,$50-100M,4.524,-29.0909090909091
BRID,Bridgford Foods Corporation,Consumer Defensive,Packaged Foods,71434664.0,75091080.0,233752992.0,0.114,0.17882,0.03726,-11811000.0,7562875.0,7817000.0,14378000.0,0.321,-6.358,,none,7.0,8.74,7.87,0.055219997,4.97,9076832.0,1658337.0,649.0,,$50-100M,0.321,-9.95423340961098
BUDA,"Buda Juice, Inc.",Consumer Defensive,Beverages - Non-Alcoholic,105573816.0,87740496.0,13137000.0,0.072,0.42415002,0.16904,3457000.0,2390000.0,19828000.0,749000.0,6.679,25.381,1.0,none,6.85,12.0,8.4011,0.13232,2.26,12566666.0,1848103.0,39.0,,$50-100M,6.679,-29.990833333333335
CHGG,"Chegg, Inc.",Consumer Defensive,Education & Training Services,151144432.0,153793264.0,318783008.0,-0.479,0.66983,-0.016390001,51153000.0,36430124.0,65914000.0,51769000.0,0.482,3.007,6.0,none,0.45,1.9,1.35,0.40300998,2.58,111958838.0,108161194.0,564.0,,$150-250M,0.482,-28.947368421052623
DIT,AMCON Distributing Company,Consumer Defensive,Food Distribution,79139192.0,258763088.0,2358119680.0,0.171,0.08051,-0.00067000004,21727230.0,19191616.0,643064.0,179479216.0,0.11,11.91,,none,63.28,95.59,81.08,0.110769995,1.2,976028.0,249570.0,1341.0,,$250-500M,0.11,-15.179412072392518
FC,Franklin Covey Company,Consumer Defensive,Education & Training Services,270425920.0,257882112.0,262060992.0,0.001,0.75845003,-0.00057,18748000.0,35165752.0,13717000.0,835000.0,0.984,13.755,3.0,none,11.16,24.82,23.99,0.75327003,11.83,11272444.0,8505284.0,1120.0,,$250-500M,0.984,-3.3440773569701876
FTLF,"FitLife Brands, Inc.",Consumer Defensive,Packaged Foods,97338456.0,140016896.0,90847000.0,0.589,0.38682,0.12087,13602000.0,-1327875.0,1192000.0,42227000.0,1.541,10.294,2.0,strong_buy,8.67,20.98,10.365,0.58205,5.71,9391072.0,2895080.0,81.0,,$100-150M,1.541,-50.595805529075314
GROV,"Grove Collaborative Holdings, I",Consumer Defensive,Household & Personal Products,50223552.0,87578672.0,173716000.0,-0.143,0.53693,-0.03744,-10137000.0,-5365750.0,8490000.0,20448000.0,0.504,-8.64,1.0,none,1.03,1.84,1.195,0.30394,34.12,42028075.0,26239174.0,235.0,,$50-100M,0.504,-35.05434782608695
HFFG,HF Foods Group Inc.,Consumer Defensive,Food Distribution,106683456.0,320249088.0,1241856000.0,0.045,0.1668,0.00332,34842000.0,-1806000.0,11061000.0,221748992.0,0.258,9.191,,none,1.38,3.899,1.995,0.21073,7.94,53475417.0,39646139.0,949.0,,$250-500M,0.258,-48.83303411131059
ISPR,Ispire Technology Inc.,Consumer Defensive,Tobacco,105901888.0,89615432.0,89460344.0,-0.287,0.14631,-0.50755,-32865428.0,-25346768.0,18033652.0,4904169.0,1.002,-2.727,1.0,none,1.19,3.87,1.845,0.084350005,11.85,57399396.0,19864783.0,81.0,,$50-100M,1.002,-52.32558139534884
LFVN,Lifevantage Corporation,Consumer Defensive,Packaged Foods,99917312.0,94486352.0,195323008.0,-0.252,0.78137,0.04067,10007000.0,2032125.0,12483000.0,10206000.0,0.484,9.442,2.0,none,3.9,15.0,7.92,0.67282,13.89,12615822.0,8937174.0,232.0,,$50-100M,0.484,-47.199999999999996
LGCY,Legacy Education Inc.,Consumer Defensive,Education & Training Services,141828080.0,136304592.0,77904608.0,0.15,0.47237998,0.18451999,11765663.0,3094078.0,21681064.0,15523710.0,1.75,11.585,3.0,strong_buy,7.943,14.7,11.2099,0.49839002,0.74,12652038.0,8195231.0,280.0,,$100-150M,1.75,-23.7421768707483
LMNR,Limoneira Co,Consumer Defensive,Farm Products,233035488.0,353258304.0,143623008.0,-0.469,-0.03229,-0.57556,-17879000.0,-17812750.0,1267000.0,91882000.0,2.46,-19.758,3.0,buy,12.2,17.19,12.87,0.58876,7.12,18106877.0,16233540.0,191.0,,$250-500M,2.46,-25.130890052356037
NUS,"Nu Skin Enterprises, Inc.",Consumer Defensive,Household & Personal Products,284511040.0,394147264.0,1441277056.0,-0.12,0.69307,0.01829,131928000.0,61600000.0,200404992.0,303248992.0,0.273,2.988,,none,5.62,14.62,5.8601,0.76728994,5.8,48550543.0,47351830.0,2800.0,,$250-500M,0.273,-59.917236662106696
RYM,"RYTHM, Inc.",Consumer Defensive,Tobacco,53620772.0,102055304.0,30031000.0,23.695,0.68253,-0.30363,-14048000.0,-14395625.0,33261000.0,80621000.0,3.398,-7.265,,none,14.0,53.65,24.95,0.10695,3.03,2149128.0,1190767.0,1.0,,$100-150M,3.398,-53.494874184529365
SKIN,SkinHealth Systems Inc.,Consumer Defensive,Household & Personal Products,101334272.0,266584784.0,296120000.0,-0.067,0.64914,-0.02775,13940000.0,28420124.0,202358000.0,367128992.0,0.9,19.124,6.0,hold,0.551,2.69,0.7819,0.87908995,13.66,129600040.0,65007380.0,613.0,,$250-500M,0.9,-70.93308550185873
SLSN,"Solesence, Inc.",Consumer Defensive,Household & Personal Products,89350048.0,114944824.0,60396000.0,-0.114,0.26522,-0.038900003,1796000.0,-3867000.0,573000.0,22283000.0,1.903,64.0,,none,0.78,5.63,1.265,0.06296,19.45,70632445.0,18317112.0,115.0,,$100-150M,1.903,-77.53108348134991
SRXH,"SRX Health Solutions, Inc.",Consumer Defensive,Packaged Foods,66639764.0,67976552.0,12780000.0,,0.30164,-0.52864,-15468000.0,,26070000.0,22616000.0,5.319,-4.395,,none,0.079,0.78,0.1129,0.00257,0.52,590254769.0,549208452.0,10.0,,$50-100M,5.319,-85.52564102564102
VFF,"Village Farms International, In",Consumer Defensive,Farm Products,291447584.0,294692800.0,226495008.0,0.266,0.41717997,0.1004,49116000.0,13805875.0,50468000.0,40477000.0,1.301,6.0,3.0,none,0.98,4.99,2.5501,0.22434999,3.37,114288686.0,102022081.0,1128.0,,$250-500M,1.301,-48.895791583166336
WALD,Waldencast plc,Consumer Defensive,Household & Personal Products,158400944.0,317657248.0,272071008.0,-0.017,0.67267996,-0.22478001,-5782000.0,115169504.0,30379000.0,149011008.0,1.168,-54.939,4.0,none,0.72,3.22,1.235,0.26297,0.48,118239889.0,42150156.0,367.0,,$250-500M,1.168,-61.645962732919244
ZVIA,Zevia PBC,Consumer Defensive,Beverages - Non-Alcoholic,105150728.0,77292632.0,169326000.0,0.212,0.47644,-0.0026699998,-4711000.0,3264625.0,26594000.0,490000.0,0.456,-16.407,6.0,buy,1.11,3.66,1.465,0.65870005,2.91,71775241.0,47733406.0,91.0,,$50-100M,0.456,-59.97267759562841
AMPY,Amplify Energy Corp.,Energy,Oil & Gas E&P,191573696.0,154080208.0,228775008.0,-0.48,0.38661,-1.3202499,36932000.0,-26582250.0,41486000.0,2341000.0,0.674,4.172,2.0,none,2.84,6.79,4.64,0.62386,4.12,41287437.0,30999846.0,184.0,,$150-250M,0.674,-31.66421207658322
ANNA,"AleAnna, Inc.",Energy,Oil & Gas E&P,124048200.0,132648568.0,25035736.0,10.839,0.75253,0.03808,6100049.0,13397536.0,31826830.0,1788662.0,5.298,21.745,,none,2.31,11.01,3.03,0.75524,0.22,40940000.0,9508313.0,9.0,,$100-150M,5.298,-72.47956403269755
DTI,Drilling Tools International Co,Energy,Oil & Gas Equipment & Services,98389464.0,172633856.0,154704992.0,-0.115,0.73404,-0.012410001,31141000.0,940625.0,2840000.0,76719000.0,1.116,5.544,2.0,none,1.65,4.69,2.8,0.19469,0.32,35139094.0,11970132.0,432.0,,$150-250M,1.116,-40.29850746268657
DWSN,Dawson Geophysical Company,Energy,Oil & Gas Equipment & Services,117224472.0,136684144.0,96246000.0,1.283,0.22645001,0.2218,12366000.0,1802625.0,1744000.0,21980000.0,1.42,11.053,,none,1.18,5.54,3.775,0.86079,1.07,31052840.0,6277332.0,269.0,,$100-150M,1.42,-31.859205776173283
EP,Empire Petroleum Corporation,Energy,Oil & Gas E&P,101470120.0,116306480.0,32895000.0,-0.145,0.17111999,-0.72537005,-9717000.0,22071624.0,8785000.0,15265000.0,3.536,-11.969,,none,2.41,6.31,2.55,0.08364,0.02,39792204.0,25617027.0,61.0,,$100-150M,3.536,-59.58795562599049
EPM,Evolution Petroleum Corporation,Energy,Oil & Gas E&P,152599200.0,203484240.0,83243000.0,-0.106,0.41229,-0.51701,22593000.0,-12694000.0,2616000.0,56939000.0,2.444,9.007,4.0,buy,3.19,5.7,4.26,0.50956,3.5,35821410.0,31289197.0,11.0,,$150-250M,2.444,-25.263157894736842
EPSN,Epsilon Energy Ltd.,Energy,Oil & Gas E&P,173022080.0,214479408.0,61020204.0,0.584,0.6827,0.07611,29056894.0,18054060.0,7912858.0,46042836.0,3.515,7.381,,none,4.2,8.5,5.72,0.83602,6.95,30248617.0,18512456.0,27.0,,$150-250M,3.515,-32.70588235294119
GEOS,Geospace Technologies Corporati,Energy,Oil & Gas Equipment & Services,107106792.0,99821392.0,100885000.0,0.095,0.14264,-0.58084,-24815000.0,1936250.0,13358000.0,769000.0,0.989,-4.023,,none,5.51,29.89,8.28,0.52467,2.77,12935603.0,12552321.0,519.0,,$50-100M,0.989,-72.29842756774842
KGEI,Kolibri Global Energy Inc.,Energy,Oil & Gas E&P,179935872.0,232237104.0,60617000.0,0.195,0.83585,0.33236,38297000.0,-26111376.0,3266000.0,49510000.0,3.831,6.064,1.0,strong_buy,3.35,8.27,5.05,0.67952,2.55,35630862.0,18432914.0,8.0,,$150-250M,3.831,-38.93591293833132
KLXE,"KLX Energy Services Holdings, I",Energy,Oil & Gas Equipment & Services,55354692.0,381823008.0,627299968.0,-0.06,0.20803,-0.083620004,68400000.0,,5600000.0,332300000.0,0.609,5.582,1.0,none,1.46,4.5,2.78,0.37984002,3.99,19911759.0,13713488.0,1548.0,,$250-500M,0.609,-38.22222222222222
NCSM,"NCS Multistage Holdings, Inc.",Energy,Oil & Gas Equipment & Services,112736392.0,109906416.0,179259008.0,-0.087,0.40021,0.01858,13364000.0,16522375.0,34458000.0,12119000.0,0.613,8.224,,none,28.64,87.355,42.955,0.74219,0.91,2624523.0,835123.0,272.0,,$100-150M,0.613,-50.827084883521266
NRT,North European Oil Royality Tru,Energy,Oil & Gas E&P,73616632.0,70746496.0,10446093.0,3.295,1.0,0.87183,,7653352.0,3881094.0,0.0,6.773,,,none,4.65,10.49,8.01,0.10079,0.59,9190590.0,8897318.0,2.0,,$50-100M,6.773,-23.6415633937083
PED,Pedevco Corp.,Energy,Oil & Gas E&P,175578512.0,268174752.0,77237000.0,3.604,0.58485,0.16665001,34330000.0,22519750.0,7702000.0,98170000.0,3.472,7.812,1.0,strong_buy,8.64,18.89,13.2,0.5339,1.03,13301403.0,1517557.0,25.0,,$250-500M,3.472,-30.121757543673912
PNRG,PrimeEnergy Resources Corporati,Energy,Oil & Gas E&P,264073792.0,267802816.0,179332000.0,-0.164,0.66196,0.13272999,98459000.0,30485000.0,19373000.0,806000.0,1.493,2.72,1.0,sell,126.4,278.9,163.21,0.36694,0.89,1618000.0,595100.0,67.0,,$250-500M,1.493,-41.48081749731085
SLNG,"Stabilis Solutions, Inc.",Energy,Oil & Gas Integrated,70108048.0,98142688.0,61286000.0,-0.401,0.25004,-0.40601003,2721000.0,-18443750.0,3171000.0,29346000.0,1.601,36.069,1.0,none,3.21,6.36,3.77,0.05114,0.43,18596301.0,3305678.0,85.0,,$50-100M,1.601,-40.72327044025158
SND,"Smart Sand, Inc.",Energy,Oil & Gas Equipment & Services,184838432.0,218863552.0,357705984.0,0.42,0.11525,-0.05553,26389000.0,29374750.0,19454000.0,38864000.0,0.612,8.294,,none,1.76,5.84,4.3,0.40527,2.77,42985681.0,27029826.0,318.0,,$150-250M,0.612,-26.369863013698634
AKBA,"Akebia Therapeutics, Inc.",Healthcare,Drug Manufacturers - Specialty & Generic,277647264.0,316551168.0,232404000.0,-0.066,0.81941,-0.02764,12130000.0,65809876.0,162644000.0,197524000.0,1.362,26.097,5.0,none,0.875,4.079,1.035,0.42116,7.54,268258243.0,262289497.0,194.0,,$250-500M,1.362,-74.62613385633733
ANIK,Anika Therapeutics Inc.,Healthcare,Drug Manufacturers - Specialty & Generic,195725728.0,182969792.0,116263000.0,0.132,0.58594,-0.18533,-6860000.0,6358625.0,41020000.0,25736000.0,1.574,-26.672,2.0,none,7.87,16.24,14.71,0.94725996,4.86,13305624.0,11295543.0,235.0,,$150-250M,1.574,-9.421182266009842
APYX,Apyx Medical Corporation,Healthcare,Medical Devices,172939424.0,182356896.0,55904000.0,0.325,0.63151,-0.07294,-3587000.0,-7527000.0,31137000.0,39461000.0,3.262,-50.838,4.0,strong_buy,1.411,4.5,4.13,0.49545,0.73,41873951.0,29121658.0,205.0,,$150-250M,3.262,-8.22222222222222
ASRT,"Assertio Holdings, Inc.",Healthcare,Drug Manufacturers - Specialty & Generic,151441184.0,120217496.0,102158000.0,-0.625,0.70332,-1.85946,3827000.0,7750750.0,71569000.0,40313000.0,1.177,31.413,3.0,none,8.61,23.46,23.435,0.39941,0.55,6462180.0,5572467.0,53.0,,$100-150M,1.177,-0.10656436487639365
BDSX,"Biodesix, Inc.",Healthcare,Diagnostics & Research,172217088.0,209632192.0,96096000.0,0.423,0.81663,-0.25811002,-19673000.0,-13779875.0,25572000.0,73568000.0,2.181,-10.656,4.0,none,5.0,20.21,16.63,0.38625,1.7,10355809.0,5342385.0,334.0,,$150-250M,2.181,-17.714002968827323
BTMD,Biote Corp.,Healthcare,Medical Care Facilities,71106160.0,173114112.0,188162000.0,-0.083,0.70115995,0.09781,32858000.0,-4732875.0,5320000.0,108422000.0,0.92,5.269,5.0,none,1.27,4.75,2.0,0.66616,8.17,30331425.0,19618669.0,223.0,,$150-250M,0.92,-57.89473684210527
CCLD,"CareCloud, Inc.",Healthcare,Health Information Services,99862680.0,100971640.0,124137000.0,0.132,0.4696,0.033800002,15987000.0,21612750.0,3354000.0,5740000.0,0.813,6.316,4.0,buy,1.98,4.01,2.3501,0.28835,0.83,42492949.0,36077364.0,3650.0,,$100-150M,0.813,-41.394014962593516
CPIX,Cumberland Pharmaceuticals Inc.,Healthcare,Drug Manufacturers - Specialty & Generic,92411304.0,88328008.0,41939692.0,-0.22,0.82891,-0.3427,-2823332.0,4907510.0,11007245.0,10069787.0,2.106,-31.285,,none,1.85,6.61,6.1677,0.18492001,0.18,14983107.0,8750134.0,93.0,,$50-100M,2.106,-6.691376701966723
CVRX,"CVRx, Inc.",Healthcare,Medical Devices,148866656.0,136489360.0,59072000.0,0.196,0.86180997,-0.82341003,-49212000.0,-23050750.0,72303000.0,59395000.0,2.311,-2.773,6.0,buy,4.37,11.3,5.61,0.63568,5.15,26535944.0,18389144.0,223.0,,$100-150M,2.311,-50.35398230088496
DCGO,DocGo Inc.,Healthcare,Medical Care Facilities,64522060.0,36657456.0,301713440.0,-0.213,0.30424,-0.24766001,-79323232.0,43985496.0,35675080.0,28506964.0,0.121,-0.462,4.0,none,0.491,1.78,0.6532,0.43267,5.91,98778413.0,96111396.0,2537.0,,$30-50M,0.121,-63.30337078651686
DERM,Journey Medical Corporation,Healthcare,Drug Manufacturers - Specialty & Generic,175670416.0,168962192.0,64680000.0,0.215,0.65442,-0.09348,-2021000.0,-3300375.0,27219000.0,25467000.0,2.612,-83.603,4.0,strong_buy,4.31,9.555,6.38,0.55681,14.52,21534547.0,14859844.0,58.0,,$150-250M,2.612,-33.22867608581894
DH,Definitive Healthcare Corp.,Healthcare,Health Information Services,98876208.0,129708760.0,238259008.0,-0.055,0.84400004,-0.08647,37113000.0,57203376.0,178250000.0,169840992.0,0.544,3.495,7.0,buy,0.803,4.7,0.937,0.86753,10.2,105524238.0,38362281.0,678.0,,$100-150M,0.544,-80.06382978723404
DRIO,DarioHealth Corp.,Healthcare,Health Information Services,54989232.0,64864288.0,22359000.0,-0.312,0.64113,-1.6367799,-33517000.0,-11204875.0,26017000.0,31748000.0,2.901,-1.935,4.0,strong_buy,5.935,17.744,7.52,0.1082,3.96,7312398.0,5263812.0,160.0,,$50-100M,2.901,-57.61947700631199
ECOR,"electroCore, Inc.",Healthcare,Medical Devices,80136528.0,77307336.0,34897000.0,0.426,0.87245005,-0.55467,-14280000.0,-869750.0,8830000.0,9485000.0,2.215,-5.414,5.0,strong_buy,4.16,10.27,9.66,0.09175,5.13,8295707.0,5256409.0,83.0,,$50-100M,2.215,-5.939629990262896
ELUT,"Elutia, Inc.",Healthcare,Medical Devices,50989776.0,11660393.0,12293000.0,0.162,0.53657,-1.6786901,-17196000.0,-25104500.0,36350000.0,3942000.0,0.949,-0.678,1.0,strong_buy,0.5,2.64,1.1534,0.45724,1.81,44208236.0,24892225.0,25.0,,$10-30M,0.949,-56.31060606060606
FONR,Fonar Corporation,Healthcare,Diagnostics & Research,119975520.0,102110560.0,105338320.0,-0.026,0.40258998,0.09232,13764078.0,1072506.0,53772000.0,38831000.0,0.969,7.419,,none,13.62,19.11,19.055,0.40342999,1.3,6168625.0,5774444.0,535.0,,$100-150M,0.969,-0.28780743066457726
FORA,Forian Inc.,Healthcare,Health Information Services,67792720.0,36847632.0,30051898.0,-0.029,0.47194,-0.50908,-5642670.0,4200372.0,30951188.0,6104.0,1.226,-6.53,,none,1.64,2.71,2.17,0.14904,1.41,31240882.0,11555377.0,50.0,,$30-50M,1.226,-19.926199261992615
HCAT,"Health Catalyst, Inc",Healthcare,Health Information Services,103082152.0,165206624.0,302479008.0,-0.109,0.50442004,-0.095369995,863000.0,23985500.0,108823000.0,170578000.0,0.546,191.433,6.0,buy,0.955,4.291,1.395,0.79025,11.39,73894020.0,59846028.0,1200.0,,$150-250M,0.546,-67.49009554882312
HYPR,"Hyperfine, Inc.",Healthcare,Medical Devices,154365360.0,131177536.0,15329000.0,0.826,0.51203996,-2.1926699,-33606000.0,-16274000.0,40778000.0,13123000.0,8.557,-3.903,3.0,strong_buy,0.59,2.22,1.555,0.14667,2.02,84215048.0,80040679.0,102.0,,$100-150M,8.557,-29.95495495495496
INFU,"InfuSystems Holdings, Inc.",Healthcare,Medical Devices,188093472.0,204844224.0,142404000.0,-0.03,0.56748,0.047199998,24019000.0,17429390.0,2106000.0,24104000.0,1.438,8.528,4.0,strong_buy,5.38,11.04,9.32,0.83129,0.79,20181703.0,18896734.0,461.0,,$150-250M,1.438,-15.579710144927528
INGN,"Inogen, Inc",Healthcare,Medical Devices,175984352.0,83831336.0,351496992.0,0.034,0.44312,-0.09892,-8812000.0,-2406250.0,110171000.0,16935000.0,0.238,-9.513,3.0,strong_buy,5.34,9.13,6.5,0.77766,2.31,27074516.0,23853732.0,753.0,,$50-100M,0.238,-28.806133625410734
JYNT,The Joint Corp.,Healthcare,Medical Care Facilities,128441120.0,106815152.0,56638236.0,0.133,0.80621004,0.06066,2349001.0,9303860.0,20684014.0,2042289.0,1.886,45.473,3.0,none,7.5,13.469,9.01,0.74208,13.32,14255396.0,6624747.0,202.0,,$100-150M,1.886,-33.105650011136674
KRMD,"KORU Medical Systems, Inc.",Healthcare,Medical Instruments & Supplies,189014288.0,186597888.0,43256916.0,0.221,0.6193,-0.073520005,-1919584.0,874285.0,8767774.0,3365725.0,4.314,-97.207,5.0,none,2.68,6.608,4.115,0.57102,4.57,45933000.0,27788546.0,73.0,,$150-250M,4.314,-37.72699757869249
LFCR,"Lifecore Biomedical, Inc.",Healthcare,Drug Manufacturers - Specialty & Generic,188484784.0,364983744.0,129464592.0,,0.31367,-0.13245,8242287.0,,20795000.0,150140992.0,2.819,44.282,3.0,none,3.63,8.98,5.025,0.77184,12.12,37509407.0,19620796.0,382.0,,$250-500M,2.819,-44.04231625835189
LFMD,"LifeMD, Inc.",Healthcare,Health Information Services,214724720.0,193678816.0,193330256.0,-0.014,0.86807996,-0.17799999,-14298176.0,-4156398.0,34478136.0,6172897.0,1.002,-13.546,8.0,strong_buy,2.56,15.84,4.4399,0.37186,4.57,48362510.0,40079947.0,347.0,,$150-250M,1.002,-71.97032828282828
LNSR,"LENSAR, Inc.",Healthcare,Medical Devices,71112928.0,75488968.0,57704000.0,-0.052,0.45714,0.49240002,-11842000.0,-17200624.0,13495000.0,2574000.0,1.308,-6.375,2.0,none,5.06,13.71,5.875,0.52779,12.49,12104328.0,8697323.0,150.0,,$50-100M,1.308,-57.14806710430342
LUNG,Pulmonx Corporation,Healthcare,Medical Devices,69480200.0,65679500.0,88545000.0,-0.087,0.75488,-0.62936,-51160000.0,-8362750.0,61572000.0,56293000.0,0.742,-1.284,5.0,buy,1.13,3.88,1.645,0.7914,5.13,42237203.0,37267996.0,296.0,,$50-100M,0.742,-57.60309278350515
MDAI,"Spectral AI, Inc.",Healthcare,Medical Devices,67307728.0,71796200.0,16934000.0,-0.405,0.45966998,-0.49386,-9579000.0,-680625.0,11655000.0,9938000.0,4.24,-7.495,3.0,strong_buy,1.18,3.21,2.115,0.15204,4.14,31823985.0,27977341.0,65.0,,$50-100M,4.24,-34.11214953271027
MXCT,"MaxCyte, Inc.",Healthcare,Medical Devices,130688440.0,35965356.0,32287000.0,-0.071,0.80505997,-0.64087,-34161000.0,-14128000.0,106854000.0,17487000.0,1.114,-1.053,4.0,none,0.643,2.4,1.22,0.67964,5.0,107121672.0,97667113.0,91.0,,$30-50M,1.114,-49.16666666666667
OM,"Outset Medical, Inc.",Healthcare,Medical Devices,91017848.0,37779576.0,117587000.0,-0.063,0.40636003,-0.60722,-63392000.0,-10455875.0,156706000.0,101614000.0,0.321,-0.596,3.0,buy,3.0,21.98,4.91,0.84164,12.03,18537241.0,15589820.0,310.0,,$30-50M,0.321,-77.66151046405824
OPRX,OptimizeRx Corporation,Healthcare,Health Information Services,100486984.0,99248880.0,107345000.0,-0.095,0.70039004,0.019960001,18858000.0,11345375.0,20169000.0,23716000.0,0.925,5.263,6.0,none,4.57,22.25,5.355,0.76461,3.79,18765075.0,14476129.0,132.0,,$50-100M,0.925,-75.93258426966291
OSUR,"OraSure Technologies, Inc.",Healthcare,Medical Instruments & Supplies,296048800.0,126924376.0,113015000.0,-0.067,0.42266998,-0.78449,-61541000.0,-8891250.0,176964000.0,12659000.0,1.123,-2.062,2.0,none,2.08,4.33,4.3,0.88232005,5.35,68848553.0,61021849.0,500.0,,$100-150M,1.123,-0.6928406466512715
OWLT,"Owlet, Inc.",Healthcare,Medical Devices,162696560.0,170159008.0,107060000.0,0.064,0.50856,-0.24452,-10873000.0,-10622500.0,35459000.0,18768000.0,1.589,-15.65,4.0,strong_buy,4.19,16.94,5.61,0.73912,3.29,29001168.0,15646420.0,108.0,,$150-250M,1.589,-66.88311688311688
PARK,"Park Dental Partners, Inc.",Healthcare,Medical Care Facilities,87117968.0,117951096.0,248152000.0,0.027,0.15419,-0.02999,5446000.0,8996750.0,24372000.0,59746000.0,0.475,21.658,2.0,strong_buy,9.53,21.595,19.295,0.20701,1.22,4515054.0,3541129.0,1212.0,,$100-150M,0.475,-10.650613567955535
PDEX,"Pro-Dex, Inc.",Healthcare,Medical Instruments & Supplies,214074496.0,224704240.0,74637000.0,0.146,0.27781,0.1551,12108000.0,5395125.0,10979000.0,20172000.0,3.011,18.558,1.0,none,23.47,68.395,67.05,0.32299,7.34,3192759.0,1745928.0,179.0,,$150-250M,3.011,-1.966518020323127
PIII,P3 Health Partners Inc.,Healthcare,Medical Care Facilities,2890547968.0,331526944.0,1459079936.0,0.038,-0.04123,-0.39985,-186138000.0,16279625.0,25012000.0,287284992.0,0.227,-1.781,2.0,buy,1.52,16.89,14.225,0.073249996,0.1,3325858.0,1420333.0,320.0,,$250-500M,0.227,-15.77856719952635
POCI,"Precision Optics Corporation, I",Healthcare,Medical Instruments & Supplies,60142052.0,53686892.0,28938632.0,1.08,0.13846,-0.0074,-4490547.0,28147.0,10680046.0,4279608.0,1.855,-11.956,1.0,strong_buy,3.55,6.04,5.495,0.43726003,0.62,10944869.0,8118904.0,90.0,,$50-100M,1.855,-9.02317880794702
QTI,"QT Imaging Holdings, Inc.",Healthcare,Medical Devices,66808412.0,59116500.0,22657000.0,1.333,0.41682,-0.35972,-5631000.0,-8830269.0,6900000.0,5804000.0,2.609,-10.498,2.0,strong_buy,4.9,46.05,5.045,0.18042,8.54,13242500.0,7055460.0,31.0,,$50-100M,2.609,-89.04451682953311
QTRX,Quanterix Corporation,Healthcare,Medical Devices,146735136.0,79744240.0,144979008.0,0.201,0.45308,-0.59116,-63673000.0,-21983500.0,99265000.0,35336000.0,0.55,-1.252,3.0,none,2.395,8.77,3.115,0.85440004,3.72,47105981.0,38491239.0,450.0,,$50-100M,0.55,-64.48118586088938
RCEL,"Avita Medical, Inc.",Healthcare,Medical Devices,132031992.0,168968672.0,72347000.0,0.04,0.81362,-0.45727003,-37110000.0,-18312124.0,14261000.0,48120000.0,2.336,-4.553,3.0,strong_buy,3.22,7.12,4.29,0.16877002,14.56,30776689.0,30316270.0,226.0,,$150-250M,2.336,-39.74719101123596
RPID,"Rapid Micro Biosystems, Inc.",Healthcare,Medical Devices,100141832.0,73484272.0,34384000.0,0.111,0.02949,-1.7310699,-46890000.0,,22949000.0,4657000.0,2.137,-1.567,3.0,strong_buy,1.86,4.94,2.01,0.54206,3.98,45322280.0,27212575.0,171.0,,$50-100M,2.137,-59.31174089068827
RXST,"RxSight, Inc.",Healthcare,Medical Devices,228095312.0,24353044.0,127477000.0,-0.185,0.77015996,-0.57712,-52022000.0,-969250.0,217880000.0,10826000.0,0.191,-0.468,7.0,hold,5.3,16.36,5.51,0.93253,6.64,41396609.0,39176095.0,461.0,,$10-30M,0.191,-66.32029339853301
SCLX,Scilex Holding Company,Healthcare,Drug Manufacturers - General,67516848.0,148854960.0,33862000.0,0.721,0.59654,-3.7349398,-270086016.0,5986500.0,3361000.0,106359000.0,4.396,-0.551,,none,4.2,34.27,9.6,0.1311,1.66,7033004.0,5186489.0,34.0,,$100-150M,4.396,-71.9871607820251
SGHT,"Sight Sciences, Inc.",Healthcare,Medical Devices,268513056.0,232113312.0,79553000.0,0.125,0.86169,-0.35603002,-27012000.0,-8579000.0,84962000.0,41761000.0,2.918,-8.593,4.0,buy,3.11,9.236,4.935,0.53946,2.51,54409942.0,35387682.0,186.0,,$150-250M,2.918,-46.56777825898658
SMTI,Sanara MedTech Inc.,Healthcare,Medical Instruments & Supplies,210221456.0,252772464.0,107482416.0,0.186,0.9292,0.09521,13521802.0,5838658.0,13594459.0,48365124.0,2.352,18.694,2.0,none,16.05,35.95,22.94,0.16636999,5.2,9163969.0,4742262.0,108.0,,$250-500M,2.352,-36.18915159944367
SNWV,"SANUWAVE Health, Inc.",Healthcare,Medical Devices,141883104.0,154643936.0,44337000.0,0.031,0.76742,-0.11685,5846000.0,-5503000.0,10779000.0,22164000.0,3.488,26.453,,none,15.355,46.585,16.5,0.47239,7.03,8598976.0,5935615.0,55.0,,$150-250M,3.488,-64.58087367178275
SPOK,"Spok Holdings, Inc.",Healthcare,Health Information Services,222028912.0,209697824.0,136640000.0,-0.085,0.59891,0.08325,20421000.0,19753876.0,17078000.0,6209000.0,1.535,10.269,1.0,none,9.95,19.31,10.63,0.56302,3.19,20887010.0,18082720.0,415.0,,$150-250M,1.535,-44.95080269290522
SRTS,"Sensus Healthcare, Inc.",Healthcare,Medical Devices,52502444.0,29091142.0,27482000.0,-0.622,0.43181,-0.63738,-9921000.0,3935125.0,22083000.0,471000.0,1.059,-2.932,4.0,strong_buy,2.82,5.92,3.1893,0.29419002,11.18,16462059.0,13548933.0,60.0,,$10-30M,1.059,-46.12668918918919
STIM,"Neuronetics, Inc.",Healthcare,Medical Devices,103685880.0,183134272.0,151636000.0,0.078,0.48223,-0.26107,-25778000.0,-4582000.0,13214000.0,85388000.0,1.208,-7.104,3.0,none,0.8,4.85,1.49,0.59861,3.83,69587840.0,30457206.0,658.0,,$150-250M,1.208,-69.27835051546391
STXS,"Stereotaxis, Inc.",Healthcare,Medical Instruments & Supplies,196147792.0,199196336.0,31196000.0,-0.158,0.53856,-0.83055,-18159000.0,-8817875.0,14616000.0,5280000.0,6.385,-10.97,4.0,none,1.7,3.59,2.0069,0.4482,9.11,97736700.0,69075413.0,131.0,,$150-250M,6.385,-44.0974930362117
TKNO,"Alpha Teknova, Inc.",Healthcare,Drug Manufacturers - Specialty & Generic,272895424.0,259884368.0,41802000.0,0.131,0.34013,-0.38801,-9472000.0,-2387875.0,17784000.0,27827000.0,6.217,-27.437,3.0,buy,1.91,6.68,5.09,0.84722,12.47,53614028.0,10879895.0,158.0,,$250-500M,6.217,-23.80239520958084
TLSI,"TriSalus Life Sciences, Inc.",Healthcare,Medical Devices,206973712.0,178766064.0,44883000.0,-0.029,0.85072,-0.94516,-27439000.0,-9303375.0,56553000.0,34487000.0,3.983,-6.515,5.0,none,2.2,7.95,3.37,0.34437,3.04,61416535.0,48994427.0,102.0,,$150-250M,3.983,-57.61006289308176
TMCI,"Treace Medical Concepts, Inc.",Healthcare,Medical Devices,217000112.0,219558768.0,207318000.0,-0.102,0.79716,-0.36372003,-47678000.0,-5769750.0,51854000.0,71604000.0,1.059,-4.605,3.0,hold,1.17,7.78,3.345,0.57096,6.96,64872976.0,47997569.0,450.0,,$150-250M,1.059,-57.005141388174806
UTMD,"Utah Medical Products, Inc.",Healthcare,Medical Instruments & Supplies,210798384.0,123809336.0,37532000.0,-0.102,0.57937,0.34465,15210000.0,10035750.0,87406000.0,210000.0,3.299,8.14,,none,52.0,71.81,66.205,0.74747,12.18,3184025.0,2771280.0,140.0,,$100-150M,3.299,-7.805319593371407
XGN,Exagen Inc.,Healthcare,Diagnostics & Research,118878488.0,128364984.0,68383000.0,0.117,0.5832,-0.19726999,-11842000.0,-9068375.0,21513000.0,27146000.0,1.877,-10.84,6.0,none,2.59,12.23,4.9205,0.53029,1.37,24159839.0,15099416.0,216.0,,$100-150M,1.877,-59.76696647587899
XTNT,"Xtant Medical Holdings, Inc.",Healthcare,Medical Devices,66274248.0,69131080.0,121907000.0,-0.365,0.62343,-0.13996,7981000.0,16198625.0,12137000.0,15436000.0,0.567,8.662,3.0,none,0.44,0.95,0.4725,0.57334,0.15,140262960.0,54099965.0,151.0,,$50-100M,0.567,-50.26315789473684
AIRO,"AIRO Group Holdings, Inc.",Industrials,Aerospace & Defense,285086208.0,229680768.0,88013000.0,-0.245,0.56636,-1.92765,-30841000.0,-27987216.0,54227000.0,4356000.0,2.61,-7.447,2.0,buy,5.71,39.07,9.066,0.30666,4.77,31445644.0,17372460.0,223.0,,$150-250M,2.61,-76.79549526490914
AIRT,"Air T, Inc.",Industrials,Conglomerates,60741812.0,236723328.0,272467008.0,-0.087,0.23231001,-0.05314,-2906000.0,74457504.0,37962000.0,211671008.0,0.869,-81.46,,none,17.76,26.7,22.475,0.24334,12.48,2702639.0,904357.0,646.0,,$150-250M,0.869,-15.823970037453172
AP,Ampco-Pittsburgh Corporation,Industrials,Metal Fabrication,226131072.0,376058976.0,438228000.0,0.039,0.18198,0.03568,30709000.0,12102375.0,9226000.0,138735008.0,0.858,12.246,,none,1.75,12.3,11.125,0.56947,2.84,20326389.0,14069723.0,1432.0,,$250-500M,0.858,-9.55284552845529
ARQ,"Arq, Inc.",Industrials,Pollution & Treatment Controls,119334992.0,151705216.0,122142000.0,0.066,0.30749,-0.033800002,2241000.0,202875.0,4672000.0,38330000.0,1.242,67.695,4.0,none,1.54,7.89,2.78,0.36091,4.99,42926258.0,32736423.0,201.0,,$150-250M,1.242,-64.76552598225602
ATLN,Atlantic International Corp.,Industrials,Staffing & Employment Services,117389280.0,197894704.0,435878720.0,-0.073,0.105500005,-0.19477,-45303920.0,18415544.0,81134.0,87667832.0,0.454,-4.368,,none,1.16,5.25,1.54,0.03474,1.05,76226809.0,15926411.0,300.0,,$150-250M,0.454,-70.66666666666667
BEEP,Mobile Infrastructure Corporati,Industrials,Infrastructure Operations,93094968.0,304286016.0,34772000.0,-0.037,0.60132,0.04324,11288000.0,5321250.0,8503000.0,200076000.0,8.751,26.957,3.0,buy,1.76,4.67,2.26,0.66316,10.8,41192464.0,13107368.0,18.0,,$250-500M,8.751,-51.60599571734477
BGSF,"BGSF, Inc.",Industrials,Staffing & Employment Services,54018592.0,36624672.0,93308000.0,-0.0,0.35563,-0.05124,-4608000.0,16486750.0,18895000.0,858000.0,0.393,-7.948,,none,3.25,8.22,5.04,0.35307997,2.02,10717975.0,9338036.0,189.0,,$30-50M,0.393,-38.68613138686132
BLNK,Blink Charging Co.,Industrials,Engineering & Construction,119543640.0,90398832.0,103581000.0,0.001,0.28024,-0.56673,-56659000.0,10045375.0,37991000.0,7395000.0,0.873,-1.595,4.0,none,0.45,2.65,0.832,0.16153999,5.96,143682259.0,141891978.0,320.0,,$50-100M,0.873,-68.60377358490565
BOOM,DMC Global Inc.,Industrials,Conglomerates,140927744.0,405207840.0,586145024.0,-0.149,0.20387,-0.025940001,28110000.0,42188248.0,31511000.0,101240000.0,0.691,14.415,2.0,none,4.69,9.2,6.885,0.76448995,2.3,20468807.0,17850028.0,1500.0,,$250-500M,0.691,-25.16304347826087
BWEN,"Broadwind, Inc.",Industrials,Specialty Industrial Machinery,82031432.0,113015128.0,155271008.0,-0.075,0.10627,0.011419999,6743000.0,-8109750.0,943000.0,27948000.0,0.728,16.76,3.0,none,1.63,4.9,3.505,0.3161,0.37,23404116.0,20282709.0,341.0,,$100-150M,0.728,-28.469387755102048
BYRN,"Byrna Technologies, Inc.",Industrials,Aerospace & Defense,143486768.0,141554032.0,120979000.0,0.109,0.60297,0.03195,13380000.0,-14677250.0,9207000.0,2170000.0,1.17,10.58,3.0,none,4.84,34.3,6.325,0.58343,5.27,22685654.0,17331613.0,159.0,,$100-150M,1.17,-81.5597667638484
CODA,"Coda Octopus Group, Inc.",Industrials,Aerospace & Defense,142812464.0,115361992.0,28063524.0,0.288,0.66282,0.15053001,6308073.0,4320331.0,30502706.0,402334.0,4.111,18.288,1.0,none,5.98,17.28,12.665,0.2563,1.26,11276152.0,6006919.0,100.0,,$100-150M,4.111,-26.70717592592594
CVU,"CPI Aerostructures, Inc.",Industrials,Aerospace & Defense,68426080.0,94073952.0,71221456.0,0.127,0.18796,0.10539,3200897.0,-3396429.0,1002548.0,28499770.0,1.321,29.39,,none,2.02,5.4,5.18,0.22892,1.9,13209669.0,10792696.0,192.0,,$50-100M,1.321,-4.074074074074085
DLHC,DLH Holdings Corp.,Industrials,Specialty Business Services,81514632.0,226608000.0,292660992.0,-0.336,0.18726999,-0.00093000004,24623000.0,24653500.0,131000.0,145578000.0,0.774,9.203,1.0,none,4.98,8.1,5.6244,0.67957,3.29,14493035.0,6257223.0,2300.0,,$150-250M,0.774,-30.56296296296297
EML,Eastern Company (The),Industrials,Tools & Accessories,130629600.0,176410064.0,245334112.0,-0.057,0.22296,0.02138,18129244.0,9976428.0,7616721.0,53457492.0,0.719,9.731,,none,17.61,26.77,21.66,0.77963996,12.39,6030914.0,4731192.0,1231.0,,$150-250M,0.719,-19.088531938737386
ESOA,Energy Services of America Corp,Industrials,Engineering & Construction,278868896.0,333205184.0,440961760.0,0.215,0.11942001,0.011360001,31193652.0,5399163.0,10110449.0,37537668.0,0.756,10.682,1.0,none,7.84,19.94,14.945,0.55433,3.05,18659679.0,14339347.0,1418.0,,$250-500M,0.756,-25.05015045135407
ESP,Espey Mfg. & Electronics Corp.,Industrials,Electrical Equipment & Parts,171935968.0,132016648.0,42248628.0,0.109,0.36523,0.26118,11247961.0,2001839.0,46660144.0,0.0,3.125,11.737,1.0,hold,36.0,74.77,57.39,0.31628,0.35,2995922.0,2292959.0,152.0,,$100-150M,3.125,-23.244616824929775
EVI,"EVI Industries, Inc.",Industrials,Industrial Distribution,226110304.0,296214912.0,434652992.0,0.081,0.31326,0.02234,22432000.0,-8126500.0,4316000.0,73005000.0,0.681,13.205,1.0,none,15.61,34.82,17.57,0.39330003,4.16,12869113.0,5211991.0,850.0,,$250-500M,0.681,-49.54049396898335
FLYX,"flyExclusive, Inc.",Industrials,Airlines,246808160.0,487231264.0,384102016.0,0.093,0.16673,-0.091400005,-21898000.0,-57687248.0,19622000.0,236795008.0,1.268,-22.25,1.0,none,1.875,8.88,2.57,0.57821,0.01,46104300.0,11638108.0,,,$250-500M,1.268,-71.05855855855856
FORR,"Forrester Research, Inc.",Industrials,Consulting Services,136078128.0,51569640.0,392465984.0,-0.049,0.56749,-0.06652,17156000.0,59107248.0,146072000.0,62340000.0,0.131,3.006,1.0,hold,4.88,11.57,7.01,0.62311,18.59,19412000.0,10104334.0,1395.0,,$50-100M,0.131,-39.412273120138295
GENC,"Gencor Industries, Inc.",Industrials,Farm & Heavy Construction Machinery,206966752.0,56976680.0,103193000.0,-0.115,0.28253,0.21174999,15406000.0,,155134000.0,156000.0,0.552,3.698,1.0,none,12.22,17.4,14.12,0.62702,2.96,12338845.0,10072978.0,318.0,,$50-100M,0.552,-18.850574712643674
GPUS,"Hyperscale Data, Inc.",Industrials,Aerospace & Defense,96937680.0,198731136.0,121170000.0,0.762,0.2588,-0.48263,-53169000.0,-110621128.0,10548000.0,113464000.0,1.64,-3.738,,none,0.11,7.0,0.1997,0.06823,1.23,461457362.0,460708824.0,562.0,,$150-250M,1.64,-97.14714285714285
HQI,"HireQuest, Inc.",Industrials,Staffing & Employment Services,179690272.0,180380000.0,29691000.0,-0.127,1.0,0.22628,10001000.0,7354250.0,1015000.0,0.0,6.075,18.036,2.0,strong_buy,7.38,13.21,12.89,0.117139995,13.37,13940285.0,5536092.0,88.0,,$150-250M,6.075,-2.4224072672218044
HURC,"Hurco Companies, Inc.",Industrials,Specialty Industrial Machinery,110363296.0,72625000.0,175008000.0,-0.076,0.18643999,-0.08328,-10296000.0,2591625.0,48011000.0,11562000.0,0.415,-7.054,,none,13.19,21.46,17.12,0.76247,6.38,6446454.0,5396327.0,651.0,,$50-100M,0.415,-20.223671947809873
KSCP,"Knightscope, Inc.",Industrials,Security & Protection Services,52013768.0,46002272.0,14434000.0,1.062,-0.25232,-1.7167599,-34678000.0,-20290500.0,11401000.0,7891000.0,3.187,-1.327,3.0,strong_buy,2.515,10.14,3.015,0.093059994,5.59,16916595.0,15066912.0,90.0,,$30-50M,3.187,-70.26627218934911
LNZA,"LanzaTech Global, Inc.",Industrials,Waste Management,83508864.0,78897272.0,58382000.0,0.268,0.4635,-0.81622005,-53529000.0,-19999250.0,19861000.0,27327000.0,1.351,-1.474,1.0,hold,6.3402,71.2,6.38,0.40734002,1.85,13089163.0,5202981.0,192.0,,$50-100M,1.351,-91.03932584269663
MHH,"Mastech Digital, Inc",Industrials,Staffing & Employment Services,76608424.0,42378720.0,184136992.0,-0.15,0.27798998,0.00124,6128000.0,,33550000.0,2122000.0,0.23,6.916,2.0,strong_buy,5.5,8.37,6.385,0.18268,1.5,11998186.0,4067886.0,1288.0,,$30-50M,0.23,-23.715651135005967
NEOV,NeoVolta Inc.,Industrials,Electrical Equipment & Parts,84568376.0,75393384.0,18070406.0,0.005,0.21322,-1.29744,,-7341398.0,11480829.0,1451612.0,4.172,,1.0,hold,1.36,7.13,1.98,0.19198999,8.97,42711301.0,35951811.0,17.0,,$50-100M,4.172,-72.23001402524545
NL,"NL Industries, Inc.",Industrials,Security & Protection Services,295103872.0,277448736.0,158582000.0,0.007,0.31068,0.11602,29283000.0,15545625.0,101909000.0,1426000.0,1.75,9.475,,none,5.04,8.6,6.035,0.12347999,2.06,48898734.0,8274904.0,2812.0,,$250-500M,1.75,-29.825581395348834
NNBR,"NN, Inc.",Industrials,Conglomerates,157265072.0,490625408.0,434971008.0,0.121,0.14998001,-0.01737,21005000.0,-351750.0,8471000.0,218704000.0,1.128,23.358,4.0,none,1.1,3.16,2.98,0.57476,1.2,52773512.0,38025426.0,2300.0,,$250-500M,1.128,-5.696202531645578
OPXS,"Optex Systems Holdings, Inc.",Industrials,Aerospace & Defense,77602584.0,75422576.0,41181000.0,-0.103,0.29275998,0.17285,6239000.0,-519000.0,4164000.0,1636000.0,1.831,12.089,1.0,strong_buy,8.35,17.76,11.15,0.49658,1.02,6959873.0,4329459.0,132.0,,$50-100M,1.831,-37.218468468468465
PAL,"Proficient Auto Logistics, Inc.",Industrials,Integrated Freight & Logistics,152180000.0,223412624.0,428908832.0,-0.016,0.17719999,-0.07413,28026644.0,39032208.0,9755547.0,81543560.0,0.521,7.971,3.0,none,4.85,10.97,5.48,0.76385003,1.82,27770074.0,23889484.0,698.0,,$150-250M,0.521,-50.04557885141294
PESI,Perma-Fix Environmental Service,Industrials,Waste Management,210365856.0,184204688.0,58881000.0,-0.201,0.041350003,-0.67257005,-13663000.0,-12440250.0,6664000.0,4109000.0,3.128,-13.482,1.0,strong_buy,8.02,16.5,9.925,0.49994,6.87,21195552.0,17374591.0,293.0,,$150-250M,3.128,-39.848484848484844
POWW,Outdoor Holding Company,Industrials,Aerospace & Defense,242787648.0,186514544.0,46019480.0,0.532,0.95389,0.14706,-12803833.0,28814882.0,69857728.0,11237441.0,4.053,-14.567,2.0,none,1.08,2.23,2.07,0.53082,5.57,117288722.0,87396518.0,81.0,,$150-250M,4.053,-7.174887892376692
PPIH,Perma-Pipe International Holdin,Industrials,Building Products & Equipment,252065168.0,302772928.0,210924992.0,0.225,0.32944,0.090150006,34359000.0,-6836375.0,18720000.0,46860000.0,1.435,8.812,1.0,none,13.2,36.72,31.03,0.52935004,1.07,8123273.0,7644650.0,909.0,,$250-500M,1.435,-15.495642701525048
PPSI,"Pioneer Power Solutions, Inc.",Industrials,Electrical Equipment & Parts,59420504.0,48762500.0,25153000.0,-0.367,0.15346,-0.47351003,-5088000.0,-9818125.0,13583000.0,1427000.0,1.939,-9.584,2.0,strong_buy,2.35,6.29,5.355,0.0924,0.19,11096266.0,8600050.0,58.0,,$30-50M,1.939,-14.864864864864858
RAIL,"Freightcar America, Inc.",Industrials,Railroads,145634160.0,241923728.0,469008992.0,-0.332,0.14842,-0.0092400005,35642000.0,3927250.0,52279000.0,145698000.0,0.516,6.788,3.0,none,7.27,14.9,7.61,0.44955003,1.09,19137208.0,14518443.0,1986.0,,$150-250M,0.516,-48.92617449664429
RCMT,"RCM Technologies, Inc.",Industrials,Conglomerates,156600832.0,185080336.0,317968992.0,-0.017,0.27671,0.07151,26496000.0,798500.0,2621000.0,34538000.0,0.582,6.985,2.0,strong_buy,17.26,32.5,22.095,0.44932,2.81,7087614.0,4084663.0,4930.0,,$150-250M,0.582,-32.015384615384626
RFIL,"RF Industries, Ltd.",Industrials,Electrical Equipment & Parts,191412528.0,220154224.0,80355000.0,-0.012,0.33773997,0.009330001,5400000.0,6525375.0,5481000.0,25355000.0,2.74,40.769,1.0,none,3.98,19.77,17.7,0.44397998,0.66,10814267.0,8601452.0,289.0,,$150-250M,2.74,-10.47040971168437
RGP,"Resources Connection, Inc.",Industrials,Consulting Services,155340288.0,90584352.0,485231008.0,-0.166,0.38277,-0.03379,6840000.0,30815624.0,82764000.0,24359000.0,0.187,13.243,4.0,none,3.06,6.3,4.525,0.84054,8.41,34329344.0,30212226.0,614.0,,$50-100M,0.187,-28.174603174603163
SHIM,Shimmick Corporation,Industrials,Engineering & Construction,143451552.0,202214080.0,458767008.0,-0.279,0.086739995,-0.038110003,-2342000.0,-63591376.0,14959000.0,86166000.0,0.441,-86.342,2.0,strong_buy,1.365,6.763,3.5,0.083680004,0.06,40986160.0,8726466.0,971.0,,$150-250M,0.441,-48.24781901522993
SIF,"SIFCO Industries, Inc.",Industrials,Aerospace & Defense,129708744.0,151678048.0,95322000.0,0.39,0.19865999,0.1018,12747000.0,2838750.0,304000.0,17831000.0,1.591,11.899,,none,2.95,22.5,20.7397,0.2043,1.05,6254128.0,4720866.0,259.0,,$150-250M,1.591,-7.823555555555561
SKYX,SKYX Platforms Corp.,Industrials,Electrical Equipment & Parts,151294592.0,168689072.0,93990400.0,0.098,0.30587998,-0.36942002,-27047926.0,-1630948.0,30263740.0,36103656.0,1.795,-6.237,7.0,strong_buy,0.96,3.29,1.125,0.24425,3.02,134484086.0,85658249.0,73.0,,$150-250M,1.795,-65.80547112462007
SLND,"Southland Holdings, Inc.",Industrials,Engineering & Construction,66689224.0,351305184.0,705086976.0,-0.28,-0.25741,-0.114259996,-219264000.0,-107503752.0,20544000.0,294145984.0,0.498,-1.602,2.0,strong_buy,0.653,5.34,1.23,0.13954,7.33,54218882.0,14280711.0,1800.0,,$250-500M,0.498,-76.96629213483146
SMHI,SEACOR Marine Holdings Inc.,Industrials,Marine Shipping,207026416.0,499181408.0,216615008.0,-0.202,0.1758,-0.31219998,-7869000.0,-74456248.0,38721000.0,328390016.0,2.304,-63.436,1.0,none,4.695,8.17,7.65,0.46542,10.66,27062277.0,21202482.0,889.0,,$250-500M,2.304,-6.364749082007338
SRFM,Surf Air Mobility Inc.,Industrials,Airlines,129511960.0,215370960.0,108664000.0,0.09,0.04646,-0.52141,-61964000.0,-44363500.0,4163000.0,90022000.0,1.982,-3.476,4.0,none,1.01,9.91,1.29,0.19069,1.94,100396873.0,80293403.0,571.0,,$150-250M,1.982,-86.98284561049445
TAYD,"Taylor Devices, Inc.",Industrials,Specialty Industrial Machinery,166966000.0,131153968.0,48256176.0,0.058,0.45485002,0.20725,12271608.0,675618.0,41712348.0,0.0,2.718,10.688,1.0,none,33.67,90.37,51.8671,0.52542,1.17,3219112.0,3139020.0,135.0,,$100-150M,2.718,-42.6058426468961
TBI,"TrueBlue, Inc.",Industrials,Staffing & Employment Services,190633664.0,292373024.0,1644308992.0,0.076,0.21732001,-0.03557,-8494000.0,-33819124.0,24132000.0,130432000.0,0.178,-34.421,2.0,none,3.18,7.78,6.27,0.92336,3.03,30404091.0,29106140.0,3500.0,,$250-500M,0.178,-19.40874035989718
TG,Tredegar Corporation,Industrials,Metal Fabrication,273951456.0,316607936.0,744571008.0,0.132,0.14724,0.03413,58452000.0,10279500.0,15611000.0,58888000.0,0.425,5.417,,none,6.25,10.53,7.85,0.71322,0.99,34898277.0,28843280.0,1700.0,,$250-500M,0.425,-25.451092117758776
TGEN,Tecogen Inc.,Industrials,Electrical Equipment & Parts,187809952.0,183847728.0,26131708.0,-0.129,0.3518,-0.33675,-7713621.0,-11046593.0,9332650.0,2855187.0,7.035,-23.834,3.0,strong_buy,1.94,12.07,6.2775,0.28296,1.85,29917952.0,18144400.0,119.0,,$150-250M,7.035,-47.99088649544325
TISI,"Team, Inc.",Industrials,Specialty Business Services,71656416.0,471681536.0,912883968.0,0.083,0.25686002,-0.01567,51049000.0,-415750.0,12839000.0,357415008.0,0.517,9.24,,none,12.34,21.33,15.675,0.60753,2.71,4571382.0,2635036.0,5300.0,,$250-500M,0.517,-26.511954992967645
TOPP,Toppoint Holdings Inc.,Industrials,Trucking,51220000.0,54804632.0,16844068.0,0.077,0.0130900005,-0.17387,-7361886.0,-1037781.0,836167.0,1465798.0,3.254,-7.444,,none,0.67,3.86,2.6,0.0037099998,0.11,19700000.0,6500015.0,3.0,,$50-100M,3.254,-32.64248704663212
TUSK,"Mammoth Energy Services, Inc.",Industrials,Conglomerates,159926544.0,33335776.0,54691000.0,0.894,0.103999995,-0.07004,-13364000.0,-35988876.0,125164000.0,3872000.0,0.61,-2.494,,none,1.715,3.6,3.32,0.73178,1.97,48170647.0,42450864.0,115.0,,$30-50M,0.61,-7.777777777777784
TWIN,"Twin Disc, Incorporated",Industrials,Specialty Industrial Machinery,244322704.0,300222304.0,363548000.0,0.19,0.28181,0.05292,28509000.0,-7608375.0,16114000.0,66969000.0,0.826,10.531,,none,7.06,19.67,16.94,0.68415,0.93,14422827.0,10265880.0,980.0,,$250-500M,0.826,-13.87900355871886
ULBI,Ultralife Corporation,Industrials,Electrical Equipment & Parts,122759648.0,171217744.0,187858000.0,-0.065,0.23063,0.01332,11025000.0,6745875.0,8890000.0,50733000.0,0.911,15.53,,none,4.9,9.52,7.37,0.73803,2.35,16656669.0,9617561.0,678.0,,$150-250M,0.911,-22.584033613445374
WFCF,"Where Food Comes From, Inc.",Industrials,Specialty Business Services,56843032.0,56313960.0,24984000.0,0.017,0.37448,0.055549998,1993000.0,1294375.0,3281000.0,837000.0,2.254,28.256,,none,9.15,22.15,11.28,0.25465,0.92,5039276.0,1720510.0,87.0,,$50-100M,2.254,-49.074492099322796
XTIA,"XTI Aerospace, Inc.",Industrials,Aerospace & Defense,70414352.0,80851088.0,50186000.0,56.223,0.20059,-0.37514,-42462000.0,26029624.0,15185000.0,12721000.0,1.611,-1.904,2.0,strong_buy,1.22,7.43,1.83,0.1305,3.1,38477789.0,35267516.0,96.0,,$50-100M,1.611,-75.37012113055181
AXR,AMREP Corporation,Real Estate,Real Estate - Development,133531856.0,92451416.0,53001000.0,0.938,0.42435002,0.20634001,14109000.0,8780875.0,49998000.0,21000.0,1.744,6.553,1.0,none,17.61,29.01,25.17,0.44695,2.61,5305199.0,2807031.0,48.0,,$50-100M,1.744,-13.23681489141675
CHCI,"Comstock Holding Companies, Inc",Real Estate,Real Estate Services,155016928.0,135805456.0,62861000.0,0.415,0.26027,0.32377997,12236000.0,-2622750.0,31282000.0,5350000.0,2.16,11.099,,none,9.17,19.72,15.11,0.14257,1.86,10038978.0,3692597.0,308.0,,$100-150M,2.16,-23.377281947261665
DOUG,Douglas Elliman Inc.,Real Estate,Real Estate Services,164994544.0,169373072.0,993985024.0,-0.154,1.0,-0.06351,-13927000.0,23622376.0,97200000.0,101796000.0,0.17,-12.161,,none,1.53,3.19,1.815,0.51046,4.59,90906082.0,71314003.0,580.0,,$150-250M,0.17,-43.103448275862064
FSP,Franklin Street Properties Corp,Real Estate,REIT - Office,55298056.0,286852960.0,106280000.0,-0.033,0.44185,-0.059369996,33904000.0,29269000.0,23753000.0,252528992.0,2.699,8.461,,none,0.5,1.84,0.5333,0.6893,10.46,103690340.0,76450888.0,28.0,,$250-500M,2.699,-71.0163043478261
JFB,JFB Construction Holdings,Real Estate,Real Estate - Development,87844336.0,92665232.0,37311168.0,1.145,0.07975,-0.27037,-8785606.0,-12505927.0,3715840.0,1944170.0,2.484,-10.547,,none,2.3,17.55,5.73,0.05415,2.42,15330600.0,5080408.0,22.0,,$50-100M,2.484,-67.35042735042735
LPA,Logistic Properties of the Amer,Real Estate,Real Estate - Development,89636512.0,453343424.0,52689296.0,0.216,0.84855,0.57158,28317732.0,3705906.0,28148910.0,322290752.0,8.604,16.009,1.0,buy,2.04,8.83,2.835,0.85442,6.1,31617815.0,2984406.0,36.0,,$250-500M,8.604,-67.89354473386184
MAYS,"J. W. Mays, Inc.",Real Estate,Real Estate Services,86174592.0,113873984.0,21750032.0,-0.077,0.26522,-0.1367,628652.0,2087626.0,434420.0,28133808.0,5.236,181.14,,none,37.33,61.99,42.75,0.039189998,1.58,2015780.0,493423.0,24.0,,$100-150M,5.236,-31.03726407485079
MDV,"Modiv Industrial, Inc.",Real Estate,REIT - Industrial,188200496.0,496813536.0,47014000.0,-0.011,0.92515,0.40942,34274000.0,28453624.0,6720000.0,273422016.0,10.567,14.495,6.0,none,13.8,18.675,18.23,0.27048,0.92,10323670.0,9464741.0,9.0,,$250-500M,10.567,-2.3828647925033475
NLOP,Net Lease Office Properties,Real Estate,REIT - Office,179102176.0,133757600.0,86501000.0,-0.709,0.87707,0.25483,55579000.0,42340000.0,70609000.0,21900000.0,1.546,2.407,,none,11.235,34.53,12.09,0.5487,3.83,14814075.0,14716450.0,,,$100-150M,1.546,-64.98696785403996
OZ,"Belpointe PREP, LLC",Real Estate,Real Estate - Development,187498416.0,447409504.0,11683000.0,1.435,-0.4777,-1.33152,-9723000.0,-28705624.0,19624000.0,275516000.0,38.296,-46.016,,none,47.25,69.0,48.0999,0.35626,21.0,3898104.0,3897873.0,,,$250-500M,38.296,-30.290000000000006
REFI,Chicago Atlantic Real Estate Fi,Real Estate,REIT - Mortgage,241550336.0,332046272.0,49830376.0,-0.342,1.0,0.54342,,,27855944.0,116443248.0,6.664,,4.0,none,10.74,14.97,11.39,0.32602,5.81,21207228.0,17969521.0,,,$250-500M,6.664,-23.914495657982627
SACH,Sachem Capital Corp.,Real Estate,REIT - Mortgage,56755512.0,343793216.0,14691000.0,,1.0,11.447121,,,11565000.0,298288992.0,23.402,,1.0,hold,0.901,1.45,1.1835,0.19608,1.14,47955647.0,45263897.0,26.0,,$250-500M,23.402,-18.37931034482758
SELF,"Global Self Storage, Inc.",Real Estate,REIT - Specialty,58479268.0,66482640.0,12752695.0,0.015,0.60904,0.18016,4471795.0,4253058.0,7407189.0,15638994.0,5.213,14.867,2.0,none,4.73,5.83,5.12,0.28355,4.78,11421732.0,10487092.0,36.0,,$50-100M,5.213,-12.178387650085764
SITC,SITE Centers Corp.,Real Estate,REIT - Retail,269720832.0,79416344.0,93133000.0,-0.698,0.63885,-0.46541,20151000.0,42894624.0,193452992.0,0.0,0.853,3.941,1.0,none,5.135,13.095,5.14,1.0842401,6.98,52474874.0,45207629.0,155.0,,$50-100M,0.853,-60.748377243222606
SRG,Seritage Growth Properties,Real Estate,Real Estate Services,150105072.0,158833536.0,15547000.0,-0.984,0.07558,-89.19277,-20224000.0,-34324352.0,44499000.0,48663600.0,10.216,-7.854,,none,2.31,4.56,2.665,0.45076,18.25,56324607.0,39875569.0,5.0,,$150-250M,10.216,-41.557017543859644
STHO,Star Holdings - Shares of Benef,Real Estate,Real Estate Services,107227400.0,269323808.0,124460000.0,0.432,0.33493,-0.27893,28548000.0,95833128.0,46378000.0,207518000.0,2.164,9.434,,none,6.22,9.25,8.87,0.69358003,5.27,12081333.0,8633562.0,,,$250-500M,2.164,-4.108108108108121
STRS,Stratus Properties Inc.,Real Estate,Real Estate - Diversified,226709328.0,456497792.0,28662000.0,-0.248,0.020550001,-1.9773101,-15736000.0,83191000.0,73539000.0,159744992.0,15.927,-29.01,,none,15.35,32.93,28.4,0.50471,2.75,7982723.0,5540569.0,34.0,,$250-500M,15.927,-13.756453082295783
SUNS,"Sunrise Realty Trust, Inc.",Real Estate,REIT - Mortgage,118216704.0,251214368.0,22282428.0,0.608,1.0,0.58709,,,5658839.0,139400000.0,11.274,,4.0,strong_buy,7.336,11.78,8.745,0.3389,5.5,13518205.0,9655783.0,,,$250-500M,11.274,-25.76400679117148
AEYE,"AudioEye, Inc.",Technology,Software - Application,98073304.0,103906096.0,41131000.0,0.084,0.77970004,-0.17843,-2272000.0,7125750.0,8563000.0,16943000.0,2.526,-45.733,4.0,none,5.31,16.39,7.85,0.36466,4.17,12493415.0,8201811.0,116.0,,$100-150M,2.526,-52.10494203782795
AIB,BlockchAIn Digital Infrastructu,Technology,Software - Application,124921160.0,134737072.0,18930172.0,0.092,0.15100999,-0.05645,-652302.0,4571529.0,1251712.0,86240.0,7.118,-206.556,,none,0.9,6.28,3.3183,0.00242,1.42,37646133.0,35187841.0,3.0,,$100-150M,7.118,-47.160828025477706
AIFC,AI Financial Corporation,Technology,Software - Infrastructure,124034992.0,145122128.0,24703000.0,-0.028,0.47912997,-0.58213,-20630000.0,-3169375.0,15522000.0,28488000.0,5.875,-7.035,1.0,none,0.73,10.95,0.887,0.36196998,5.09,139836511.0,124409747.0,15.0,,$100-150M,5.875,-91.89954337899543
AISP,"Airship AI Holdings, Inc",Technology,Software - Infrastructure,104834016.0,89787512.0,16171619.0,0.155,0.53356,-0.24893999,,-3201177.0,12567574.0,758376.0,5.552,,1.0,strong_buy,2.03,7.2,3.044,0.28565,8.61,34439562.0,22064739.0,65.0,,$50-100M,5.552,-57.72222222222223
ASUR,Asure Software Inc,Technology,Software - Application,260716032.0,309051200.0,148444000.0,0.227,0.67861,0.05447,23476000.0,5160375.0,19221000.0,75587000.0,2.082,13.165,9.0,strong_buy,6.8,11.48,9.09,0.74544,13.45,28681633.0,25978963.0,627.0,,$250-500M,2.082,-20.818815331010455
BZAI,"Blaize Holdings, Inc.",Technology,Software - Application,257661632.0,195773136.0,40363000.0,1.719,0.17566,-8.542,-88018000.0,-14893000.0,33219000.0,2736000.0,4.85,-2.224,5.0,strong_buy,1.0,6.76,1.8107,0.34742,1.01,142299461.0,106252162.0,228.0,,$150-250M,4.85,-73.21449704142012
CHRN,ChronoScale Corporation,Technology,Information Technology Services,2612169472.0,233622240.0,84376000.0,,-0.08453,-0.39408,24911000.0,,2000.0,168450000.0,2.769,9.378,,none,2.73,20.7,18.255,0.0102699995,0.84,143093381.0,81673.0,,,$150-250M,2.769,-11.811594202898556
CMRC,"Commerce.com, Inc. - Series 1",Technology,Software - Application,263626608.0,264125712.0,346820992.0,0.054,0.78099,0.0769,14380000.0,45944248.0,155140000.0,165128000.0,0.762,18.368,5.0,hold,2.41,5.545,3.195,0.72959,6.9,82512244.0,64258060.0,1079.0,,$250-500M,0.762,-42.38052299368801
CSPI,CSP Inc.,Technology,Information Technology Services,100970264.0,76871352.0,57961000.0,0.218,0.32689,-0.053150002,-2472000.0,-2143750.0,23101000.0,2074000.0,1.326,-31.097,,none,7.55,15.49,10.025,0.2992,18.7,10071847.0,6865676.0,123.0,,$50-100M,1.326,-35.28082633957391
CTM,"Castellum, Inc.",Technology,Information Technology Services,80001664.0,57580356.0,52866000.0,0.219,0.36638,-0.11071,-1315698.0,-1946446.0,14884778.0,1221087.0,1.089,-43.764,1.0,none,0.48,1.56,0.8448,0.11614,3.41,94698939.0,74353322.0,244.0,,$50-100M,1.089,-45.84615384615385
DHX,"DHI Group, Inc.",Technology,Software - Application,153354704.0,221838752.0,125218000.0,-0.102,0.84822,0.115150005,29992000.0,19663376.0,7613000.0,27132000.0,1.772,7.397,3.0,buy,1.44,4.1,3.55,0.75601995,0.91,43198507.0,40122158.0,270.0,,$150-250M,1.772,-13.414634146341465
DOMO,"Domo, Inc.",Technology,Software - Application,189163424.0,276565952.0,318856992.0,0.011,0.74992996,-0.09012,-33386000.0,40552876.0,42951000.0,143446000.0,0.867,-8.284,6.0,none,2.39,18.489,4.19,0.75459,3.96,41882739.0,33552352.0,876.0,,$250-500M,0.867,-77.33787657526096
EGAN,eGain Corporation,Technology,Software - Application,206147360.0,122509592.0,92220000.0,0.071,0.73595,0.08925,10496000.0,9787750.0,80462000.0,3135000.0,1.328,11.672,3.0,buy,4.97,15.95,7.5099,0.55199003,4.37,27450081.0,15042644.0,444.0,,$100-150M,1.328,-52.91598746081505
EXFY,"Expensify, Inc.",Technology,Software - Application,113141200.0,50898220.0,139996000.0,-0.058,0.49613,-0.05805,-17773800.0,17930750.0,66528000.0,5558000.0,0.364,-2.864,2.0,none,0.691,2.64,1.1732,0.36418998,5.54,84278255.0,59974866.0,117.0,,$50-100M,0.364,-55.56060606060606
EXOD,"Exodus Movement, Inc.",Technology,Software - Infrastructure,206938176.0,134469376.0,108302000.0,-0.368,0.98754,-0.39359,-23381000.0,-70919248.0,72919000.0,0.0,1.242,-5.751,6.0,none,5.89,39.93,6.895,0.1342,5.12,10828976.0,4507021.0,215.0,,$100-150M,1.242,-82.73228149261207
FATN,"FatPipe, Inc.",Technology,Software - Infrastructure,106866448.0,107920776.0,19208294.0,0.904,0.91002,0.30242002,3958619.0,-348045.0,5214775.0,5708126.0,5.618,27.262,3.0,strong_buy,1.31,10.9,7.62,0.025510002,0.06,14024468.0,7896757.0,172.0,,$100-150M,5.618,-30.091743119266056
GNSS,Genasys Inc.,Technology,Scientific & Technical Instruments,99964704.0,113437480.0,59455000.0,1.237,0.46756,0.076230004,-4688000.0,-5776750.0,961000.0,17394000.0,1.908,-24.197,3.0,strong_buy,1.4,2.7,2.195,0.58044,2.16,45542009.0,38493472.0,187.0,,$100-150M,1.908,-18.70370370370371
GOAI,Eva Live Inc.,Technology,Software - Infrastructure,119839728.0,119205728.0,17259040.0,0.06,0.45831,-2.33304,-2887476.0,-1260013.0,6130169.0,1480927.0,6.907,-41.284,,none,2.75,18.0,3.2801,0.010650001,0.99,36535389.0,8898194.0,3.0,,$100-150M,6.907,-81.77722222222222
HCKT,"The Hackett Group, Inc.",Technology,Information Technology Services,292694880.0,361436640.0,292457984.0,-0.11,0.40570998,0.16055,38625000.0,26117124.0,6068000.0,81107000.0,1.236,9.358,3.0,none,9.16,26.09,11.62,0.86504,3.69,25188887.0,22207530.0,1535.0,,$250-500M,1.236,-55.461862782675354
HIT,"Health In Tech, Inc.",Technology,Software - Application,66197528.0,53879600.0,34084172.0,0.094,0.58946997,-0.24604,,-4286154.0,10325208.0,121595.0,1.581,,3.0,strong_buy,0.555,4.02,1.01,0.04808,3.3,53842109.0,20068699.0,87.0,,$50-100M,1.581,-74.87562189054727
IDN,"Intellicheck, Inc.",Technology,Software - Application,89915416.0,77018248.0,23296000.0,0.129,0.90715,0.098120004,2718000.0,2998000.0,10062000.0,0.0,3.306,28.336,3.0,none,4.0,9.08,4.44,0.53948003,1.15,20251221.0,17719818.0,38.0,,$50-100M,3.306,-51.10132158590308
III,"Information Services Group, Inc",Technology,Information Technology Services,218147072.0,261804912.0,246324992.0,0.027,0.43085,0.081999995,23896000.0,18745000.0,22689000.0,67782000.0,1.063,10.956,3.0,none,3.74,6.45,4.56,0.69396,2.15,47839274.0,35116419.0,1500.0,,$250-500M,1.063,-29.302325581395362
KLTR,"Kaltura, Inc.",Technology,Software - Application,230073344.0,211288608.0,178496000.0,-0.05,0.71172994,-0.02743,1228000.0,30780376.0,61804000.0,44523000.0,1.184,172.059,2.0,none,1.055,2.275,1.53,0.32985002,2.97,150374742.0,77739230.0,494.0,,$150-250M,1.184,-32.747252747252745
LAW,"CS Disco, Inc.",Technology,Software - Application,257820320.0,157255248.0,162078000.0,0.143,0.74876,-0.24099001,-34830000.0,3393250.0,103038000.0,6321000.0,0.97,-4.515,3.0,buy,2.45,9.11,4.02,0.78107,2.43,64134406.0,27277646.0,577.0,,$150-250M,0.97,-55.87266739846323
MIND,"MIND Technology, Inc.",Technology,Scientific & Technical Instruments,62078244.0,44847372.0,40947000.0,-0.349,0.45581,0.00796,3731000.0,3180250.0,19050000.0,1092000.0,1.095,12.02,1.0,none,5.51,14.5,6.83,0.15913999,2.54,9089055.0,8920817.0,157.0,,$30-50M,1.095,-52.89655172413793
NRDY,Nerdy Inc.,Technology,Software - Application,158441248.0,91569864.0,180128000.0,0.024,0.6451,-0.11897001,-42143000.0,-1699500.0,44698000.0,21425000.0,0.508,-2.173,3.0,none,0.75,1.9,0.8306,0.17562,19.78,126378213.0,63848801.0,500.0,,$50-100M,0.508,-56.28421052631578
NTWK,NETSOL Technologies Inc.,Technology,Software - Application,53563812.0,56893016.0,72062160.0,0.13,0.50398,0.15158,6956074.0,-3585578.0,14744392.0,9334564.0,0.789,8.179,,none,2.73,5.75,4.5101,0.20458001,0.3,11876414.0,9393770.0,,,$50-100M,0.789,-21.563478260869562
RDZN,"Roadzen, Inc.",Technology,Software - Application,159940928.0,175845600.0,50304684.0,0.188,0.60933,-0.16464001,-9694687.0,-18143374.0,5621618.0,29928538.0,3.496,-18.138,2.0,none,0.811,2.56,1.895,0.02973,0.82,84401542.0,38523294.0,294.0,,$150-250M,3.496,-25.9765625
REKR,"Rekor Systems, Inc.",Technology,Software - Infrastructure,114847728.0,123079400.0,49515000.0,0.116,0.56585,-0.85911006,-17647000.0,-8388250.0,12175000.0,29420000.0,2.486,-6.975,1.0,none,0.71,3.42,0.8346,0.39361,4.21,137608115.0,110481427.0,233.0,,$100-150M,2.486,-75.59649122807018
RSSS,"Research Solutions, Inc",Technology,Software - Application,74588000.0,60889004.0,48664312.0,-0.043,0.51392,0.086210005,5210667.0,5446130.0,12050396.0,0.0,1.251,11.685,3.0,strong_buy,2.0,4.12,2.23,0.47619,0.29,33447532.0,25638199.0,136.0,,$50-100M,1.251,-45.87378640776699
SCOR,"comScore, Inc.",Technology,Software - Application,121655200.0,233977152.0,357081984.0,-0.005,0.40646,-0.05298,9895000.0,903250.0,22044000.0,49391000.0,0.655,23.646,1.0,none,4.39,10.18,8.06,0.36178002,1.13,15093696.0,3093453.0,1116.0,,$150-250M,0.655,-20.825147347740657
SMRT,"SmartRent, Inc.",Technology,Software - Application,244904336.0,159266864.0,149664992.0,-0.064,0.34335,-0.13073,-23158000.0,-7060500.0,98821000.0,5470000.0,1.064,-6.877,2.0,hold,0.784,2.2,1.27,0.62984,1.8,192838069.0,171718444.0,418.0,,$150-250M,1.064,-42.27272727272727
SOTK,Sono-Tek Corporation,Technology,Scientific & Technical Instruments,77800240.0,64633228.0,20420804.0,-0.036,0.49909002,0.06374,2191555.0,-1432027.0,11719261.0,0.0,3.165,29.492,2.0,none,3.23,5.7,4.94,0.43395,0.26,15749037.0,7705474.0,79.0,,$50-100M,3.165,-13.33333333333333
SSTI,"SoundThinking, Inc.",Technology,Software - Application,98320384.0,85123968.0,99956000.0,-0.147,0.52159,-0.24344,-3037000.0,11957125.0,14357000.0,5824000.0,0.852,-28.029,6.0,buy,5.78,16.92,7.59,0.63278997,7.45,12953937.0,7146428.0,302.0,,$50-100M,0.852,-55.14184397163121
THRY,"Thryv Holdings, Inc.",Technology,Software - Application,173851152.0,424018656.0,771328000.0,-0.075,0.67763,0.02214,66561000.0,36425876.0,7952000.0,258563008.0,0.55,6.37,3.0,none,1.91,14.28,3.92,0.92157,3.05,44349786.0,33060104.0,2702.0,,$250-500M,0.55,-72.54901960784314
TONX,TON Strategy Company,Technology,Software - Application,226122464.0,177932112.0,16727000.0,3.025,0.72535,-0.73958,-34225000.0,322750.0,34784000.0,168000.0,10.637,-5.199,,none,1.75,29.77,4.0,0.38955003,4.97,56530617.0,32325903.0,25.0,,$150-250M,10.637,-86.56365468592543
TRAK,"ReposiTrak, Inc.",Technology,Software - Application,189732000.0,165854352.0,23471760.0,-0.005,0.85433,0.38265,8192748.0,5338538.0,26409558.0,349462.0,7.066,20.244,1.0,buy,6.94,22.17,10.44,0.41261002,8.29,18173565.0,12727675.0,69.0,,$150-250M,7.066,-52.909336941813265
VERI,"Veritone, Inc.",Technology,Software - Infrastructure,199387184.0,225393248.0,89988000.0,-0.098,0.68525004,-0.95873,-58124000.0,-18846624.0,15087000.0,45392000.0,2.505,-3.878,3.0,none,1.22,9.42,2.145,0.25641,3.53,92954401.0,82717420.0,437.0,,$150-250M,2.505,-77.22929936305732
WYY,WidePoint Corporation,Technology,Information Technology Services,109648840.0,98998032.0,157611360.0,0.211,0.13849,-0.0014399999,869327.0,8699286.0,10927910.0,4470842.0,0.628,113.879,2.0,strong_buy,2.8,11.16,11.09,0.18576999,0.54,9887181.0,8088348.0,243.0,,$50-100M,0.628,-0.6272401433691788
GWRS,"Global Water Resources, Inc.",Utilities,Utilities - Regulated Water,210549808.0,350124896.0,56587000.0,0.067,0.71292,0.02928,22221000.0,-50890752.0,1800000.0,139074000.0,6.187,15.756,2.0,buy,6.55,11.17,7.32,0.31388,4.99,28763634.0,13577011.0,126.0,,$250-500M,6.187,-34.46732318710832
NXXT,"NextNRG, Inc.",Utilities,Utilities - Renewable,109504440.0,135526432.0,86621736.0,0.294,0.09352,-0.47931,-54704604.0,13795756.0,208048.0,25686536.0,1.565,-2.477,1.0,strong_buy,0.275,3.24,0.6547,0.0672,1.28,167258958.0,66844493.0,,,$100-150M,1.565,-79.79320987654322
PCYO,Pure Cycle Corporation,Utilities,Utilities - Regulated Water,251403760.0,259623584.0,30644000.0,0.294,0.64848,0.05088,14200000.0,-1609000.0,4815000.0,7973000.0,8.472,18.283,,none,9.65,12.44,10.43,0.7372,8.49,24103908.0,18619546.0,44.0,,$250-500M,8.472,-16.157556270096464
RGCO,RGC Resources Inc.,Utilities,Utilities - Regulated Gas,238896272.0,382176960.0,107300104.0,0.247,0.31277,0.25204,31056796.0,2225852.0,3988835.0,147113424.0,3.562,12.306,,none,19.68,24.5,22.955,0.4181,6.3,10407156.0,8209581.0,106.0,,$250-500M,3.562,-6.3061224489796
SAFX,"XCF Global, Inc.",Utilities,Utilities - Renewable,158533024.0,402638240.0,21164644.0,,-0.19288999,-29.688501,,25855020.0,1047539.0,254664096.0,19.024,,1.0,none,0.119,45.9,0.4767,0.03964,0.73,332563485.0,182424374.0,53.0,,$250-500M,19.024,-98.96143790849673
STEM,"Stem, Inc.",Utilities,Utilities - Renewable,89211256.0,424170496.0,152754000.0,-0.108,0.40804002,-0.37469003,-266000.0,140250.0,36586000.0,368923008.0,2.777,-1594.626,6.0,none,5.925,32.23,9.96,0.24566,6.58,8956953.0,8683856.0,423.0,,$250-500M,2.777,-69.09711448960596
ALTO,"Alto Ingredients, Inc.",Basic Materials,Specialty Chemicals,420361824.0,474665312.0,916067008.0,-0.008,0.05015,0.01122,44538000.0,6820500.0,20309000.0,91271000.0,0.518,10.658,2.0,none,0.9,6.0,5.425,0.5023,0.78,77485153.0,69359312.0,390.0,,$250-500M,0.518,-9.583333333333332
IPI,"Intrepid Potash, Inc",Basic Materials,Agricultural Inputs,523753856.0,424123616.0,242400992.0,0.062,0.2603,0.08986,63539000.0,1466750.0,99259000.0,3680000.0,1.75,6.675,1.0,none,22.55,50.34,38.99,0.61899,1.06,13433030.0,10630113.0,478.0,,$250-500M,1.75,-22.546682558601518
MSB,Mesabi Trust,Basic Materials,Steel,348139456.0,324255264.0,17523780.0,-0.476,1.0,0.78439003,,-65392016.0,23162608.0,0.0,18.504,,,none,22.55,42.38,26.535,0.53497005,2.22,13120010.0,13109908.0,,,$250-500M,18.504,-37.387918829636625
AENT,Alliance Entertainment Holding ,Communication Services,Entertainment,675835520.0,414501600.0,1108636032.0,0.212,0.13824001,0.01406,47706000.0,5409500.0,1237000.0,85423000.0,0.374,8.689,3.0,strong_buy,2.66,8.8,6.09,0.47919998,14.32,50974630.0,3159408.0,697.0,,$250-500M,0.374,-30.795454545454547
CXDO,"Crexendo, Inc.",Communication Services,Telecom Services,322857120.0,316351040.0,72820000.0,0.29,0.62078,0.06176,7759000.0,8918500.0,7249000.0,905000.0,4.344,40.772,6.0,none,5.13,10.15,9.96,0.31586,1.35,32415373.0,19133822.0,187.0,,$250-500M,4.344,-1.871921182266001
EVER,"EverQuote, Inc.",Communication Services,Internet Content & Information,689425216.0,491961216.0,716740992.0,0.145,0.97452,0.12269,74562000.0,60355376.0,178492000.0,2252000.0,0.686,6.598,6.0,buy,13.88,28.73,19.49,0.96893,4.15,31769000.0,27454970.0,356.0,,$250-500M,0.686,-32.16150365471633
NXDR,"Nextdoor Holdings, Inc.",Communication Services,Internet Content & Information,818076608.0,484452352.0,265139008.0,0.138,0.83936995,-0.24858999,-53675000.0,21567250.0,373152000.0,29993000.0,1.827,-9.026,4.0,hold,1.33,3.72,2.145,0.65005,2.41,253892530.0,246231543.0,463.0,,$250-500M,1.827,-42.33870967741936
BH,Biglari Holdings Inc.,Consumer Cyclical,Restaurants,921961536.0,219825248.0,397707008.0,0.026,0.38542,0.029409999,62940000.0,10706000.0,314262016.0,357712000.0,0.553,3.493,,none,234.92,483.6,293.71,0.98871005,2.52,2083140.0,176708.0,2359.0,,$150-250M,0.553,-39.26592224979323
BRCB,"Black Rock Coffee Bar, Inc.",Consumer Cyclical,Restaurants,178623536.0,395726592.0,210955008.0,0.237,0.43682998,0.05031,13311000.0,,20018000.0,172162000.0,1.876,29.729,6.0,none,6.13,30.4,8.28,1.01595,2.08,21572893.0,19588187.0,2800.0,,$250-500M,1.876,-72.76315789473684
FLXS,"Flexsteel Industries, Inc.",Consumer Cyclical,"Furnishings, Fixtures & Appliances",243133552.0,317255648.0,458424000.0,0.01,0.23177,0.07142,40108000.0,21862750.0,57283000.0,53903000.0,0.692,7.91,2.0,strong_buy,29.38,60.9696,59.655,0.70421,2.34,4075661.0,4697443.0,1400.0,,$250-500M,0.692,-2.1561565107857006
FWDI,"Forward Industries, Inc.",Consumer Cyclical,Footwear & Accessories,349874368.0,376144896.0,44836508.0,3.15,0.67263,0.18829,8400925.0,7646602.0,16633010.0,52985288.0,8.389,44.774,2.0,strong_buy,4.03,46.0,4.685,0.34927,2.17,74679699.0,72535645.0,60.0,,$250-500M,8.389,-89.81521739130434
HVT,"Haverty Furniture Companies, In",Consumer Cyclical,Home Improvement Retail,375182656.0,495173312.0,766478016.0,0.041,0.60749,0.026129998,46908000.0,16746000.0,107456000.0,219238000.0,0.646,10.556,2.0,none,19.32,27.67,23.31,0.8297,0.04,14885377.0,13608943.0,2392.0,,$250-500M,0.646,-15.757137694253709
JOUT,Johnson Outdoors Inc.,Consumer Cyclical,Leisure,474189312.0,407584384.0,651832000.0,0.155,0.37455,0.05316,27292000.0,18544876.0,107876000.0,45985000.0,0.625,14.934,1.0,none,26.4,53.54,45.27,0.69775003,4.81,9268482.0,5810248.0,1300.0,,$250-500M,0.625,-15.446395218528197
MCFT,"MasterCraft Boat Holdings, Inc.",Consumer Cyclical,Recreational Vehicles,570434432.0,306782752.0,298483008.0,0.03,0.23075001,-0.0166,20642000.0,20957124.0,84623000.0,0.0,1.028,14.862,5.0,hold,16.46,28.44,23.55,0.64989996,4.83,24222270.0,8965498.0,700.0,,$250-500M,1.028,-17.194092827004226
NATH,"Nathan's Famous, Inc.",Consumer Cyclical,Restaurants,414353760.0,442791776.0,157784000.0,0.089,0.3065,0.14942001,32710000.0,19223124.0,24545000.0,52983000.0,2.806,13.537,,none,88.67,118.5,101.2,0.55486,6.46,4094405.0,2831404.0,131.0,,$250-500M,2.806,-14.599156118143453
NEGG,"Newegg Commerce, Inc.",Consumer Cyclical,Internet Retail,369484480.0,346274624.0,1444467968.0,0.213,0.11663,-0.0026800002,-1956000.0,-32636500.0,107798000.0,63250000.0,0.24,-177.032,,none,4.82,137.84,17.6171,0.00629,2.3,20973060.0,1203822.0,714.0,,$250-500M,0.24,-87.21916715031921
ORBS,Eightco Holdings Inc.,Consumer Cyclical,Packaging & Containers,361743168.0,341821600.0,30629104.0,-0.237,-0.00208,-1.39028,-30687956.0,-177565696.0,40155992.0,9125000.0,11.16,-11.139,,none,0.725,83.12,0.9323,0.23389,1.3,388011544.0,269567140.0,9.0,,$250-500M,11.16,-98.87836862367662
SES,SES AI Corporation,Consumer Cyclical,Auto Parts,487454048.0,339656032.0,21918000.0,0.158,0.3634,-2.66264,-66753000.0,-24361250.0,177679008.0,7724000.0,15.497,-5.088,2.0,none,0.8,3.73,1.32,0.32314,2.01,325402113.0,285119993.0,215.0,,$250-500M,15.497,-64.6112600536193
SFIX,"Stitch Fix, Inc.",Consumer Cyclical,Apparel Retail,489433280.0,356663104.0,1319666944.0,0.094,0.43764,-0.013890001,-3347000.0,47293752.0,227707008.0,80602000.0,0.27,-106.562,5.0,hold,2.95,5.94,3.585,0.92697996,10.35,121382902.0,103579636.0,4165.0,,$250-500M,0.27,-39.64646464646465
STRT,STRATTEC SECURITY CORPORATION,Consumer Cyclical,Auto Parts,334471072.0,251729456.0,579577984.0,-0.045,0.16757,0.0344,47724000.0,49250000.0,106957000.0,1000000.0,0.434,5.275,2.0,none,52.42,92.5,80.04,0.8843,2.08,4178799.0,4017372.0,2848.0,,$250-500M,0.434,-13.470270270270268
WEYS,"Weyco Group, Inc.",Consumer Cyclical,Footwear & Accessories,338011872.0,256172480.0,276144000.0,-0.0,0.43063998,0.11132,32645000.0,43545624.0,90763000.0,9785000.0,0.928,7.847,,none,27.25,36.58,35.46,0.25615,3.95,9532202.0,5640164.0,408.0,,$250-500M,0.928,-3.0617823947512224
ZUMZ,Zumiez Inc.,Consumer Cyclical,Apparel Retail,426906560.0,468376544.0,929057024.0,0.044,0.35847,0.0904,43562000.0,44829624.0,160624000.0,199328992.0,0.504,10.752,1.0,none,11.41,31.7,24.74,0.80100995,13.58,17255722.0,13135527.0,2400.0,,$250-500M,0.504,-21.95583596214511
ALCO,"Alico, Inc.",Consumer Defensive,Farm Products,308370880.0,346663008.0,16419000.0,-0.703,5.58786,-1.46461,73840000.0,62064376.0,52879000.0,85458000.0,21.114,4.695,2.0,buy,30.89,45.01,41.58,0.63881,6.39,7416327.0,5609858.0,20.0,,$250-500M,21.114,-7.620528771384139
BRCC,BRC Inc.,Consumer Defensive,Packaged Foods,194811664.0,275307840.0,417516000.0,0.214,0.34469002,0.02151,-3687000.0,9350875.0,9971000.0,61300000.0,0.659,-74.67,2.0,none,0.6,2.1,1.665,0.52424,5.29,117004009.0,72361129.0,468.0,,$250-500M,0.659,-20.71428571428572
COUR,"Coursera, Inc.",Consumer Defensive,Education & Training Services,1573540608.0,113983000.0,773900032.0,0.091,0.548,-0.12928,-66300000.0,69350000.0,789800000.0,4800000.0,0.147,-1.719,10.0,buy,5.0,13.56,5.495,0.69859004,4.03,286358632.0,164036463.0,1307.0,,$100-150M,0.147,-59.47640117994099
CVGW,"Calavo Growers, Inc.",Consumer Defensive,Food Distribution,466334752.0,442750720.0,616251008.0,-0.208,0.102419995,0.03726,26413000.0,21583376.0,47670000.0,22396000.0,0.718,16.763,1.0,hold,18.4,28.98,26.09,0.89607,3.05,17874079.0,15159900.0,1969.0,,$250-500M,0.718,-9.972394755003455
HNST,"The Honest Company, Inc.",Consumer Defensive,Household & Personal Products,401236544.0,329788672.0,352166016.0,-0.197,0.39720002,0.00811,7783000.0,48110624.0,90367000.0,11764000.0,0.936,42.373,6.0,buy,2.07,5.28,3.645,0.46234,5.73,110078615.0,96276958.0,174.0,,$250-500M,0.936,-30.965909090909093
LWAY,"Lifeway Foods, Inc.",Consumer Defensive,Packaged Foods,365084288.0,368958944.0,229416992.0,0.367,0.29674998,0.10038,25021000.0,-22558000.0,5604000.0,7492000.0,1.608,14.746,2.0,buy,17.31,34.2,23.89,0.42925,8.51,15281888.0,7226346.0,293.0,,$250-500M,1.608,-30.146198830409364
NATR,"Nature's Sunshine Products, Inc",Consumer Defensive,Packaged Foods,379217760.0,318905568.0,489788000.0,0.085,0.72706,0.07767,41685000.0,23175500.0,87578000.0,22430000.0,0.651,7.65,2.0,none,12.97,28.14,21.565,0.88132006,3.59,17584871.0,12590592.0,806.0,,$250-500M,0.651,-23.365316275764037
USNA,"USANA Health Sciences, Inc.",Consumer Defensive,Packaged Foods,342119616.0,250328128.0,925936000.0,0.003,0.77553004,0.05545,81565000.0,29565250.0,162751008.0,14000000.0,0.27,3.069,1.0,none,16.6,38.32,18.53,0.56591,5.38,18463011.0,9837277.0,1570.0,,$250-500M,0.27,-51.644050104384135
VITL,"Vital Farms, Inc.",Consumer Defensive,Farm Products,431021216.0,450570336.0,784409984.0,0.154,0.35208,-0.012460001,80228000.0,-53856752.0,51432000.0,54236000.0,0.574,5.616,9.0,hold,7.95,53.125,10.0592,1.11642,3.3,42848454.0,34714103.0,739.0,,$250-500M,0.574,-81.06503529411765
EU,enCore Energy Corp.,Energy,Uranium,307859328.0,333227808.0,43217000.0,0.003,-0.43330002,-1.33769,-69159000.0,-81254248.0,111679000.0,113540000.0,7.711,-4.818,4.0,strong_buy,1.34,4.18,1.585,0.49839002,8.34,194233004.0,191162180.0,168.0,,$250-500M,7.711,-62.08133971291866
FTW,Presidio Production Company,Energy,Oil & Gas E&P,331827584.0,222609184.0,178368992.0,,0.61551,-0.22258,78035000.0,,88815000.0,310036000.0,1.248,2.853,,strong_buy,9.5,17.2,12.0001,0.44089,6.07,27652068.0,87652.0,125.0,,$150-250M,1.248,-30.23197674418604
NC,"NACCO Industries, Inc.",Energy,Thermal Coal,377140576.0,463227136.0,274401984.0,-0.043,0.15711,-0.096379995,-13795000.0,-65806000.0,53161000.0,133853000.0,1.688,-33.579,,none,35.43,59.42,50.0146,0.37063998,1.65,5978790.0,4240387.0,600.0,,$250-500M,1.688,-15.828677213059573
NINE,"Nine Energy Service, Inc.",Energy,Oil & Gas Equipment & Services,448860864.0,261888400.0,541440000.0,-0.136,0.14850001,-0.09267,16245000.0,-4104500.0,11249000.0,126523000.0,0.484,16.121,,strong_buy,7.32,11.4,10.36,0.83517,0.96,13950000.0,7961259.0,1072.0,,$250-500M,0.484,-9.122807017543867
RNGR,"Ranger Energy Services, Inc.",Energy,Oil & Gas Equipment & Services,363077600.0,416488576.0,570800000.0,0.177,0.17344,0.028280001,68700000.0,-13337500.0,6900000.0,63400000.0,0.73,6.062,3.0,none,10.59,18.815,15.28,0.79630995,1.0,23761623.0,18673784.0,2300.0,,$250-500M,0.73,-18.788200903534424
SD,"SandRidge Energy, Inc.",Energy,Oil & Gas E&P,536053152.0,432181728.0,163530000.0,0.168,0.69346,0.36165002,107779000.0,-6447875.0,102749000.0,1693000.0,2.643,4.01,1.0,hold,9.701,18.45,14.52,0.81624,4.55,36918259.0,36171353.0,102.0,,$250-500M,2.643,-21.30081300813008
AIRS,"AirSculpt Technologies, Inc.",Healthcare,Medical Care Facilities,380241216.0,445149088.0,151836000.0,0.0,0.66063005,-0.04575,7514000.0,13016375.0,16690000.0,71016000.0,2.932,59.243,1.0,hold,1.51,12.0,5.39,0.66041,2.76,70545681.0,14955684.0,330.0,,$250-500M,2.932,-55.08333333333333
ANGO,"AngioDynamics, Inc.",Healthcare,Medical Instruments & Supplies,476407104.0,465015936.0,313724992.0,0.089,0.54295,-0.08198,-659000.0,13942250.0,37810000.0,11394000.0,1.482,-705.639,4.0,none,8.36,13.99,11.53,0.94676,5.95,41318915.0,34610729.0,675.0,,$250-500M,1.482,-17.583988563259478
AQST,"Aquestive Therapeutics, Inc.",Healthcare,Drug Manufacturers - Specialty & Generic,508700224.0,437156480.0,50271000.0,0.657,0.63453996,-0.29101,-55342000.0,-25688000.0,110734000.0,43581000.0,8.696,-7.899,9.0,strong_buy,2.64,7.55,4.055,0.6059,9.35,125450119.0,114683990.0,147.0,,$250-500M,8.696,-46.29139072847682
BBNX,"Beta Bionics, Inc.",Healthcare,Medical Devices,536077184.0,346588512.0,110238000.0,0.566,0.57152003,-0.87856,-75455000.0,-44055752.0,199520000.0,6912000.0,3.144,-4.593,11.0,buy,8.8,32.71,12.03,1.12608,5.81,44561695.0,25374320.0,420.0,,$250-500M,3.144,-63.222256190767354
BIOA,"BioAge Labs, Inc.",Healthcare,Drug Manufacturers - Specialty & Generic,764364800.0,378759104.0,10316000.0,0.91,0.0,-9.15404,-101470000.0,-58337752.0,383193984.0,4034000.0,36.716,-3.733,8.0,buy,3.88,24.0,17.195,0.85510004,4.21,44452734.0,33688504.0,60.0,,$250-500M,36.716,-28.354166666666668
CARL,"Carlsmed, Inc.",Healthcare,Health Information Services,310859712.0,241293056.0,56438000.0,0.582,0.75887,-0.57558,-33791000.0,-26400876.0,97016000.0,17255000.0,4.275,-7.141,5.0,strong_buy,8.5,17.19,11.435,0.3973,4.53,27184933.0,9909180.0,127.0,,$150-250M,4.275,-33.47876672484003
CCRN,"Cross Country Healthcare, Inc.",Healthcare,Medical Care Facilities,405431872.0,319693536.0,1001942016.0,-0.178,0.20211,-0.008090001,14113000.0,47087752.0,105584000.0,2043000.0,0.319,22.652,4.0,none,7.43,14.99,13.075,0.95056,1.04,31008174.0,29683969.0,7890.0,,$250-500M,0.319,-12.775183455637096
CLPT,ClearPoint Neuro Inc.,Healthcare,Medical Devices,373822912.0,395067264.0,40614000.0,0.429,0.62333,-0.69904,-23606000.0,-11632625.0,35593000.0,63588000.0,9.727,-16.736,3.0,strong_buy,8.27,30.1,12.4651,0.50659,8.6,29989563.0,26268458.0,172.0,,$250-500M,9.727,-58.58770764119602
CSTL,"Castle Biosciences, Inc.",Healthcare,Diagnostics & Research,643298240.0,445634240.0,339920000.0,-0.049,0.77884,-0.21997,-18353000.0,12890500.0,261684992.0,36724000.0,1.311,-24.281,8.0,none,14.59,44.28,21.21,0.93004996,3.06,30329952.0,26857779.0,942.0,,$250-500M,1.311,-52.100271002710016
CTKB,"Cytek Biosciences, Inc.",Healthcare,Medical Devices,545627392.0,297324448.0,204171008.0,0.065,0.517,-0.41833,-36303000.0,6412875.0,262224992.0,27482000.0,1.456,-8.19,4.0,none,2.54,6.18,4.225,0.67587,7.89,129142587.0,96621901.0,678.0,,$250-500M,1.456,-31.634304207119747
CV,"CapsoVision, Inc.",Healthcare,Medical Devices,333257120.0,315112832.0,13563000.0,0.003,0.51669997,-2.54047,-26848000.0,-13235500.0,17933000.0,788000.0,23.233,-11.737,1.0,strong_buy,3.434,15.37,6.67,0.08101,11.48,49963586.0,31581483.0,99.0,,$250-500M,23.233,-56.60377358490566
DCTH,"Delcath Systems, Inc.",Healthcare,Medical Devices,378012032.0,289620032.0,90441000.0,0.263,0.85971,-0.0655,-1322000.0,19651124.0,89299000.0,907000.0,3.202,-219.077,6.0,none,8.12,17.352,10.95,0.48798,8.45,34521647.0,28600839.0,156.0,,$250-500M,3.202,-36.89488243430152
ELMD,"Electromed, Inc.",Healthcare,Medical Devices,317383136.0,308419712.0,71752000.0,0.184,0.78441,0.20275,14509000.0,8324500.0,16985000.0,81000.0,4.298,21.257,3.0,strong_buy,17.73,39.65,38.331,0.59204,2.61,8280064.0,6474348.0,177.0,,$250-500M,4.298,-3.326607818411087
FLGT,"Fulgent Genetics, Inc.",Healthcare,Diagnostics & Research,526263584.0,246239360.0,320345984.0,-0.032,0.38714,-0.45014,-77195000.0,-105941128.0,276302016.0,10169000.0,0.769,-3.19,2.0,none,13.46,31.04,18.53,0.63613,4.95,28400623.0,17575726.0,1315.0,,$150-250M,0.769,-40.30283505154638
LAB,Standard BioTools Inc.,Healthcare,Medical Devices,460634368.0,19334656.0,86255000.0,0.046,0.5327,-0.44529,-68210000.0,-13438500.0,455176000.0,29491000.0,0.224,-0.283,2.0,none,0.87,1.72,1.18,0.76969004,5.15,390368119.0,210615311.0,385.0,,$10-30M,0.224,-31.3953488372093
MASS,908 Devices Inc.,Healthcare,Medical Devices,321529216.0,230399632.0,57801000.0,0.136,0.52013,-0.48599,-18883000.0,13737500.0,111742000.0,4466000.0,3.986,-12.201,2.0,none,5.025,9.34,8.503,0.90626,12.3,37813621.0,23886864.0,172.0,,$150-250M,3.986,-8.961456102783727
MYGN,"Myriad Genetics, Inc.",Healthcare,Diagnostics & Research,377792832.0,247871440.0,557000000.0,-0.208,0.68060994,-0.2141,-111900000.0,-46062500.0,150700000.0,0.0,0.445,-2.215,8.0,hold,3.53,8.59,4.0,0.97633004,5.33,94448210.0,85994151.0,2700.0,,$150-250M,0.445,-53.43422584400466
ORGO,Organogenesis Holdings Inc.,Healthcare,Drug Manufacturers - Specialty & Generic,330050208.0,453401312.0,514704000.0,-0.571,0.7389,-1.74688,40904000.0,26109000.0,91379000.0,70861000.0,0.881,11.085,1.0,buy,2.04,7.077,2.565,0.49782002,10.83,128674548.0,57379841.0,854.0,,$250-500M,0.881,-63.75582874099195
SENS,"Senseonics Holdings, Inc.",Healthcare,Medical Devices,352364768.0,228038528.0,35257000.0,0.718,0.44709,-1.4678,-66825000.0,-46501000.0,94030000.0,41371000.0,6.468,-3.412,6.0,none,4.79,12.58,6.7499,0.21052,4.41,52202965.0,38620555.0,130.0,,$150-250M,6.468,-46.34419713831478
SIGA,SIGA Technologies Inc.,Healthcare,Drug Manufacturers - Specialty & Generic,339613600.0,196445568.0,93776664.0,-0.113,0.43557,-0.8524,21213638.0,59444608.0,145562144.0,601016.0,2.095,9.26,,none,4.1,9.62,4.735,0.49967,6.87,71724097.0,41123728.0,49.0,,$150-250M,2.095,-50.77962577962577
SLP,"Simulations Plus, Inc.",Healthcare,Health Information Services,348746624.0,296305600.0,80535000.0,0.083,0.61973,0.23177,13962000.0,17182124.0,41836000.0,508000.0,3.679,21.222,3.0,none,11.09,32.32,17.26,0.82938004,3.38,20205482.0,16711348.0,212.0,,$250-500M,3.679,-46.59653465346534
VMD,"Viemed Healthcare, Inc.",Healthcare,Medical Devices,380876128.0,388359392.0,286564992.0,0.275,0.57581,0.06267,54623000.0,28273750.0,9762000.0,12437000.0,1.355,7.11,1.0,strong_buy,5.93,10.18,9.935,0.70426005,1.55,38336802.0,30249654.0,1387.0,,$250-500M,1.355,-2.406679764243602
WEAV,"Weave Communications, Inc.",Healthcare,Health Information Services,479780768.0,436880064.0,248715008.0,0.174,0.72335,-0.087969996,-15237000.0,39839752.0,72707000.0,51289000.0,1.757,-28.672,4.0,none,4.24,10.04,6.03,0.88446,2.62,79565635.0,63956449.0,904.0,,$250-500M,1.757,-39.9402390438247
ABAT,American Battery Technology Com,Industrials,Waste Management,503369216.0,479546176.0,16284496.0,6.971,-0.42671,-4.4046397,-56586544.0,-580404.0,37685028.0,220589.0,29.448,-8.475,2.0,none,1.2,11.49,3.69,0.36347,4.52,136414409.0,131674008.0,157.0,,$250-500M,29.448,-67.88511749347259
ACTG,Acacia Research Corporation,Industrials,Business Equipment & Supplies,447690656.0,237488928.0,215048992.0,-0.564,0.17483,-0.15408,2727000.0,34659876.0,358463008.0,103261000.0,1.104,87.088,1.0,none,3.12,5.27,4.635,0.88523,6.13,96589132.0,34222495.0,986.0,,$150-250M,1.104,-12.049335863377609
ASLE,AerSale Corporation,Industrials,Airports & Air Services,309742272.0,475534720.0,340124000.0,0.074,0.31368,-0.04719,39634000.0,70711248.0,8368000.0,171088992.0,1.398,11.998,1.0,hold,5.56,9.12,6.555,0.68772006,4.38,47252829.0,27115091.0,704.0,,$250-500M,1.398,-28.125
ASPN,"Aspen Aerogels, Inc.",Industrials,Building Products & Equipment,527514976.0,482882368.0,230264000.0,-0.519,0.21524,-0.53867,-24214000.0,40141376.0,173870000.0,128823000.0,2.097,-19.942,5.0,none,2.3,9.78,6.365,0.70247,3.85,82877453.0,76718001.0,854.0,,$250-500M,2.097,-34.91820040899795
BOC,Boston Omaha Corporation,Industrials,Conglomerates,391760800.0,449552960.0,114895344.0,0.019,0.42206,-0.0783,19873200.0,2751449.0,76854000.0,105649000.0,3.913,22.621,,none,10.52,14.97,12.885,0.69819,7.74,29823849.0,21301328.0,380.0,,$250-500M,3.913,-13.927855711422854
CIX,CompX International Inc.,Industrials,Security & Protection Services,306967360.0,267539184.0,158582000.0,0.007,0.31068,0.17378001,27360000.0,13916625.0,49438000.0,1014000.0,1.687,9.778,,none,20.29,32.3,24.91,0.06568,11.84,12323057.0,1504029.0,549.0,,$250-500M,1.687,-22.87925696594426
EBF,"Ennis, Inc.",Industrials,Business Equipment & Supplies,517997888.0,494160480.0,392403008.0,0.04,0.30686,0.11236,68579000.0,25341124.0,34570000.0,9215000.0,1.259,7.206,1.0,none,16.3,22.36,20.48,0.86914,7.19,25292866.0,22953529.0,1835.0,,$250-500M,1.259,-8.407871198568873
ELMT,The Elmet Group Co.,Industrials,Aerospace & Defense,451397792.0,392293632.0,201636000.0,,0.20844999,0.0777,21715000.0,28625.0,1961000.0,64717000.0,1.946,18.066,4.0,strong_buy,13.38,22.25,14.98,0.07619,1.07,30133363.0,5971355.0,532.0,,$250-500M,1.946,-32.67415730337079
ERII,"Energy Recovery, Inc.",Industrials,Pollution & Treatment Controls,421124768.0,367529600.0,136628000.0,0.203,0.64267,-1.03328,29972000.0,20733500.0,86151000.0,8845000.0,2.69,12.262,3.0,buy,8.13,18.32,8.17,0.98163,1.34,51545259.0,49622621.0,230.0,,$250-500M,2.69,-55.40393013100437
ISSC,Innovative Solutions and Suppor,Industrials,Aerospace & Defense,307039552.0,347581088.0,90564056.0,0.02,0.50741,0.22103001,26759504.0,,6764157.0,54920908.0,3.838,12.989,4.0,strong_buy,8.13,30.94,17.16,0.5603,0.75,17892747.0,16172475.0,147.0,,$250-500M,3.838,-44.53781512605042
MTRX,Matrix Service Company,Industrials,Engineering & Construction,368131424.0,157883840.0,845478016.0,0.033,0.0622,0.009380001,-2472000.0,99415752.0,233020992.0,18694000.0,0.187,-63.869,2.0,strong_buy,9.88,16.11,13.085,0.87156,1.63,28133850.0,26736442.0,2239.0,,$150-250M,0.187,-18.777157045313466
OFLX,"Omega Flex, Inc.",Industrials,Specialty Industrial Machinery,307271168.0,267337040.0,98059000.0,-0.01,0.59163,0.10007,16556000.0,10383000.0,49757000.0,4521000.0,2.726,16.147,,none,25.58,37.92,30.44,0.30364,1.24,10094322.0,3507676.0,172.0,,$250-500M,2.726,-19.72573839662447
PPHC,"Public Policy Holding Company, ",Industrials,Consulting Services,320147680.0,371885888.0,197352992.0,0.275,0.12085,-0.03252,-9177000.0,,42852000.0,73103000.0,1.884,-40.524,2.0,none,10.5716,15.15,10.9079,0.27743998,2.35,29350077.0,16068874.0,450.0,,$250-500M,1.884,-28.0006600660066
RLGT,"Radiant Logistics, Inc.",Industrials,Integrated Freight & Logistics,394790944.0,425544864.0,893500032.0,0.001,0.17023,0.01329,30384000.0,26375624.0,39688000.0,83793000.0,0.476,14.006,2.0,none,5.78,8.73,8.43,0.55936,2.92,46831666.0,33869901.0,988.0,,$250-500M,0.476,-3.436426116838498
SBC,SBC Medical Group Holdings Inco,Industrials,Consulting Services,334252576.0,227403392.0,169339344.0,-0.09,0.70803,0.41151002,63730768.0,55655272.0,167618960.0,51899800.0,1.343,3.568,4.0,strong_buy,2.78,5.75,3.25,0.01429,1.51,102846943.0,12269640.0,863.0,,$150-250M,1.343,-43.47826086956522
