Ticker,Company,Sector,Industry,Country,Market Cap,P/E,Price,Change,Volume,cap_category,sector_filter
CAPS,Capstone Holding Corp,Basic Materials,Building Materials,USA,4020000.0,,0.32,0.0449,528237.0,Nano,Basic Materials
GRML,Greenland Mines Ltd,Basic Materials,Other Precious Metals & Mining,USA,43220000.0,,0.36,-0.0093,2602537.0,Nano,Basic Materials
JCTC,Jewett-Cameron Trading Co Ltd,Basic Materials,Lumber & Wood Production,USA,7740000.0,,2.2,-0.1093,86354.0,Nano,Basic Materials
ORGN,Origin Materials Inc,Basic Materials,Chemicals,USA,8310000.000000001,,1.51,0.0,31912.0,Nano,Basic Materials
SNES,SenesTech Inc,Basic Materials,Specialty Chemicals,USA,9490000.0,,1.79,0.0,21850.0,Nano,Basic Materials
ACCS,ACCESS Newswire Inc,Communication Services,Advertising Agencies,USA,25040000.0,,6.45,0.0206,14898.0,Nano,Communication Services
BBGI,Beasley Broadcast Group Inc,Communication Services,Broadcasting,USA,28360000.0,,15.7,-0.0101,4110.0,Nano,Communication Services
CAST,Freecast Inc,Communication Services,Broadcasting,USA,32970000.0,,0.81,-0.0197999999999999,236393.0,Nano,Communication Services
CDLX,Cardlytics Inc,Communication Services,Advertising Agencies,USA,40900000.0,,0.71,-0.0042,280490.0,Nano,Communication Services
DLPN,Dolphin Entertainment Inc,Communication Services,Advertising Agencies,USA,16660000.0,,1.28,0.024,6532.0,Nano,Communication Services
DRCT,Direct Digital Holdings Inc,Communication Services,Advertising Agencies,USA,2510000.0,,2.89,-0.0521,24670.0,Nano,Communication Services
EDUC,Educational Development Corp,Communication Services,Publishing,USA,12380000.0,5.42,1.46,0.0034,311171.0,Nano,Communication Services
GAME,GameSquare Holdings Inc,Communication Services,Electronic Gaming & Multimedia,USA,38940000.0,,0.42,0.0092,903778.0,Nano,Communication Services
GDC,GD Culture Group Limited,Communication Services,Electronic Gaming & Multimedia,USA,6790000.0,,0.11,-0.0542999999999999,46966756.0,Nano,Communication Services
GIFT,Giftify Inc,Communication Services,Internet Content & Information,USA,30020000.0,,0.88,0.0137,62263.0,Nano,Communication Services
GXAI,Gaxos.AI Inc,Communication Services,Electronic Gaming & Multimedia,USA,11900000.0,,1.16,-0.021,367473.0,Nano,Communication Services
IQST,iQSTEL Inc,Communication Services,Telecom Services,USA,7780000.0,,1.15,-0.0043,163442.0,Nano,Communication Services
KUST,Kustom Entertainment Inc,Communication Services,Entertainment,USA,2060000.0,,3.28,0.0446,71451.0,Nano,Communication Services
MSGM,Motorsport Games Inc,Communication Services,Electronic Gaming & Multimedia,USA,20030000.0,3.51,4.11,-0.0191,7373.0,Nano,Communication Services
ONFO,Onfolio Holdings Inc,Communication Services,Internet Content & Information,USA,4530000.0,,0.68,0.0074,37813.0,Nano,Communication Services
RDI,Reading International Inc,Communication Services,Entertainment,USA,36850000.0,,1.09,-0.0345,23835.0,Nano,Communication Services
SLE,Super League Enterprise Inc,Communication Services,Internet Content & Information,USA,5000000.0,,3.33,-0.0235,43059.0,Nano,Communication Services
SNAL,Snail Inc,Communication Services,Electronic Gaming & Multimedia,USA,38470000.0,,0.9,-0.0059,801417.0,Nano,Communication Services
SURG,Surgepays Inc,Communication Services,Telecom Services,USA,14440000.0,,0.58,0.0143,64789.0,Nano,Communication Services
SWAG,Stran & Company Inc,Communication Services,Advertising Agencies,USA,38200000.0,101.24,2.04,0.033,21662.0,Nano,Communication Services
TBH,Brag House Holdings Inc,Communication Services,Electronic Gaming & Multimedia,USA,14040000.0,,0.58,-0.0883999999999999,706346.0,Nano,Communication Services
TOON,Kartoon Studios Inc,Communication Services,Entertainment,USA,41590000.0,,0.7,0.0327,355792.0,Nano,Communication Services
TULP,Bloomia Holdings Inc,Communication Services,Advertising Agencies,USA,18420000.0,,3.86,-0.0166,2727.0,Nano,Communication Services
UONE,Urban One Inc,Communication Services,Broadcasting,USA,27220000.0,,6.82,0.0944999999999999,33444.0,Nano,Communication Services
XHLD,TEN Holdings Inc,Communication Services,Broadcasting,USA,5770000.0,,1.45,0.0,11791.0,Nano,Communication Services
ZDGE,Zedge Inc,Communication Services,Internet Content & Information,USA,41090000.0,,3.15,0.0465,71925.0,Nano,Communication Services
ZNB,Zeta Network Group,Communication Services,Entertainment,USA,2910000.0,,1.84,0.0774,19171.0,Nano,Communication Services
ARKR,Ark Restaurants Corp,Consumer Cyclical,Restaurants,USA,22840000.0,,6.34,-0.0162,407.0,Nano,Consumer Cyclical
ATER,Aterian Inc,Consumer Cyclical,"Furnishings, Fixtures & Appliances",USA,12280000.0,,1.13,-0.013,119020.0,Nano,Consumer Cyclical
BIRD,Allbirds Inc,Consumer Cyclical,Apparel Retail,USA,36850000.0,,4.18,-0.0210999999999999,263369.0,Nano,Consumer Cyclical
BTBD,BT Brands Inc,Consumer Cyclical,Restaurants,USA,6990000.0,,1.17,0.0174,8863.0,Nano,Consumer Cyclical
CENN,Cenntro Inc,Consumer Cyclical,Auto Manufacturers,USA,6780000.0,,4.62,0.0115,6248.0,Nano,Consumer Cyclical
CNTY,Century Casinos Inc,Consumer Cyclical,Resorts & Casinos,USA,38310000.0,,1.36,0.0149,11305.0,Nano,Consumer Cyclical
CRWS,Crown Crafts Inc,Consumer Cyclical,"Furnishings, Fixtures & Appliances",USA,30700000.0,,2.87,-0.0103,57056.0,Nano,Consumer Cyclical
CULP,Culp Inc,Consumer Cyclical,Textile Manufacturing,USA,40140000.0,,3.17,0.0496999999999999,37742.0,Nano,Consumer Cyclical
DBGI,Digital Brands Group Inc,Consumer Cyclical,Apparel Retail,USA,10920000.0,,0.47,-0.0366,1535415.0,Nano,Consumer Cyclical
DSS,DSS Inc,Consumer Cyclical,Packaging & Containers,USA,4920000.0,,0.49,-0.0078,20203.0,Nano,Consumer Cyclical
DXLG,Destination XL Group Inc,Consumer Cyclical,Apparel Retail,USA,40020000.0,,0.72,-0.0131,17935.0,Nano,Consumer Cyclical
EFOI,Energy Focus Inc,Consumer Cyclical,"Furnishings, Fixtures & Appliances",USA,23630000.0,,3.75,-0.0132,27254.0,Nano,Consumer Cyclical
EVTV,Envirotech Vehicles Inc,Consumer Cyclical,Auto Manufacturers,USA,27030000.0,,2.09,-0.1144,768522.0,Nano,Consumer Cyclical
FABC,Fabric.AI Inc,Consumer Cyclical,Auto Manufacturers,USA,26510000.0,,5.46,-0.0285,446373.0,Nano,Consumer Cyclical
FGI,FGI Industries Ltd,Consumer Cyclical,"Furnishings, Fixtures & Appliances",USA,11680000.0,,6.05,0.0237,28381.0,Nano,Consumer Cyclical
FLYE,Fly-E Group Inc,Consumer Cyclical,Auto Manufacturers,USA,3490000.0,,2.14,0.1823,52349.0,Nano,Consumer Cyclical
FMFC,Kandal M Venture Ltd,Consumer Cyclical,Footwear & Accessories,USA,6660000.0,,0.36,0.0103,24154.0,Nano,Consumer Cyclical
GTEC,Greenland Technologies Holding Corp,Consumer Cyclical,Auto Parts,USA,17380000.0,2.44,0.66,0.022,116288.0,Nano,Consumer Cyclical
GTIM,Good Times Restaurants Inc,Consumer Cyclical,Restaurants,USA,13780000.0,7.67,1.3,-0.0038,4527.0,Nano,Consumer Cyclical
HWH,HWH International Inc,Consumer Cyclical,Leisure,USA,8070000.0,,1.08,-0.0093,13812.0,Nano,Consumer Cyclical
IPW,iPower Inc,Consumer Cyclical,Internet Retail,USA,2570000.0,,3.89,-0.0892999999999999,131927.0,Nano,Consumer Cyclical
JRSH,Jerash holdings (US) Inc,Consumer Cyclical,Apparel Manufacturing,USA,43050000.0,24.85,3.39,0.0,95554.0,Nano,Consumer Cyclical
LESL,Leslies Inc,Consumer Cyclical,Specialty Retail,USA,35940000.0,,3.84,-0.1253,280764.0,Nano,Consumer Cyclical
LIVE,Live Ventures Inc,Consumer Cyclical,Home Improvement Retail,USA,31490000.0,13.78,10.25,-0.0049,10035.0,Nano,Consumer Cyclical
LVLU,Lulus Fashion Lounge Holdings Inc,Consumer Cyclical,Apparel Retail,USA,26440000.0,,9.23,-0.0524,3963.0,Nano,Consumer Cyclical
MAMO,Massimo Group,Consumer Cyclical,Recreational Vehicles,USA,41140000.0,15.88,0.99,-0.0408,58862.0,Nano,Consumer Cyclical
MWYN,Marwynn Holdings Inc,Consumer Cyclical,"Furnishings, Fixtures & Appliances",USA,16210000.0,,0.8,-0.057,32353.0,Nano,Consumer Cyclical
NCL,Northann Corp,Consumer Cyclical,"Furnishings, Fixtures & Appliances",USA,8770000.0,,0.16,-0.022,252425.0,Nano,Consumer Cyclical
NHTC,Natural Health Trends Corp,Consumer Cyclical,Internet Retail,USA,23420000.0,,2.73,-0.0319,18760.0,Nano,Consumer Cyclical
NTRP,NextTrip Inc,Consumer Cyclical,Travel Services,USA,29930000.0,,2.19,0.0282,8882.0,Nano,Consumer Cyclical
NVVE,Nuvve Holding Corp,Consumer Cyclical,Specialty Retail,USA,3680000.0,,0.39,-0.0863,270857.0,Nano,Consumer Cyclical
NWTG,Newton Golf Co Inc,Consumer Cyclical,Leisure,USA,4550000.0,,0.99,-0.0388,30075.0,Nano,Consumer Cyclical
PMNT,Perfect Moment Ltd,Consumer Cyclical,Apparel Manufacturing,USA,10330000.0,,0.22,-0.0375999999999999,109838.0,Nano,Consumer Cyclical
PRPL,Purple Innovation Inc,Consumer Cyclical,"Furnishings, Fixtures & Appliances",USA,44030000.0,,0.4,-0.0297,141010.0,Nano,Consumer Cyclical
PRTS,CarParts.com Inc,Consumer Cyclical,Auto Parts,USA,44810000.0,,5.56,-0.043,82856.0,Nano,Consumer Cyclical
RAVE,Rave Restaurant Group Inc,Consumer Cyclical,Restaurants,USA,43220000.0,14.81,3.04,0.0273,75377.0,Nano,Consumer Cyclical
REBN,Reborn Coffee Inc,Consumer Cyclical,Restaurants,USA,16510000.000000002,,2.01,-0.0147,19630.0,Nano,Consumer Cyclical
SEGG,Sports Entertainment Gaming Global Corp,Consumer Cyclical,Gambling,USA,22260000.0,,1.76,0.0731,720381.0,Nano,Consumer Cyclical
SNBR,Sleep Number Corp,Consumer Cyclical,"Furnishings, Fixtures & Appliances",USA,32610000.0,,1.41,-0.2225,2402382.0,Nano,Consumer Cyclical
TLF,Tandy Leather Factory Inc,Consumer Cyclical,Specialty Retail,USA,19470000.0,,2.39,0.0214,7224.0,Nano,Consumer Cyclical
TRNR,Interactive Strength Inc,Consumer Cyclical,Personal Services,USA,1820000.0,,0.78,-0.0208,135307.0,Nano,Consumer Cyclical
TRUG,TruGolf Holdings Inc,Consumer Cyclical,Leisure,USA,1940000.0,,1.74,0.1153999999999999,202204.0,Nano,Consumer Cyclical
VEEE,Twin Vee PowerCats Co,Consumer Cyclical,Recreational Vehicles,USA,3730000.0,,7.06,-0.01,21109.0,Nano,Consumer Cyclical
VSTD,Vestand Inc,Consumer Cyclical,Restaurants,USA,6190000.0,,0.44,0.0187,21275.0,Nano,Consumer Cyclical
WKHS,Workhorse Group Inc,Consumer Cyclical,Auto Manufacturers,USA,44880000.0,,4.12,-0.0965,251085.0,Nano,Consumer Cyclical
WKSP,Worksport Ltd,Consumer Cyclical,Auto Parts,USA,9390000.0,,0.75,-0.0132,479629.0,Nano,Consumer Cyclical
XELB,Xcel Brands Inc,Consumer Cyclical,Apparel Manufacturing,USA,12820000.0,,2.12,-0.0093,10602.0,Nano,Consumer Cyclical
YHGJ,Yunhong Green CTI Ltd,Consumer Cyclical,Packaging & Containers,USA,8920000.0,,3.42,-0.0447,1075.0,Nano,Consumer Cyclical
AMBO,Ambow Education Holding Ltd ADR,Consumer Defensive,Education & Training Services,USA,6940000.0,,2.65,0.0729,103337.0,Nano,Consumer Defensive
AQB,AquaBounty Technologies Inc,Consumer Defensive,Farm Products,USA,5300000.0,,1.03,-0.0093,63206.0,Nano,Consumer Defensive
BRFH,Barfresh Food Group Inc,Consumer Defensive,Beverages - Non-Alcoholic,USA,40850000.0,,2.53,0.0812,4583.0,Nano,Consumer Defensive
EDBL,Edible Garden AG Inc,Consumer Defensive,Farm Products,USA,1430000.0,,0.26,-0.0962,923900.0,Nano,Consumer Defensive
EEIQ,EpicQuest Education Group International Limited,Consumer Defensive,Education & Training Services,USA,4820000.0,,3.26,0.2302,3535617.0,Nano,Consumer Defensive
EPSM,Epsium Enterprise Ltd,Consumer Defensive,Beverages - Wineries & Distilleries,USA,3410000.0,,1.28,0.0579,3047.0,Nano,Consumer Defensive
GNLN,Greenlane Holdings Inc,Consumer Defensive,Tobacco,USA,2180000.0,,3.45,0.0263,9845.0,Nano,Consumer Defensive
HCWC,Healthy Choice Wellness Corp,Consumer Defensive,Packaged Foods,USA,8900000.0,,0.34,0.1712999999999999,376670.0,Nano,Consumer Defensive
JVA,Coffee Holding Co Inc,Consumer Defensive,Packaged Foods,USA,24490000.0,12.9,4.29,-0.0227999999999999,18072.0,Nano,Consumer Defensive
KIDZ,Classover Holdings Inc,Consumer Defensive,Education & Training Services,USA,3320000.0,,0.42,0.0072,5198968.0,Nano,Consumer Defensive
LOCL,Local Bounti Corp,Consumer Defensive,Farm Products,USA,41720000.0,,1.83,-0.0054,19513.0,Nano,Consumer Defensive
LSF,Laird Superfood Inc,Consumer Defensive,Packaged Foods,USA,37470000.0,,3.4,0.0287,34342.0,Nano,Consumer Defensive
MEHA,Functional Brands Inc,Consumer Defensive,Packaged Foods,USA,3630000.0,,0.08,0.0455999999999999,50762851.0,Nano,Consumer Defensive
MSS,Maison Solutions Inc,Consumer Defensive,Grocery Stores,USA,5600000.0,,0.95,-0.0669,36594.0,Nano,Consumer Defensive
MTEX,Mannatech Inc,Consumer Defensive,Food Distribution,USA,10360000.0,,5.37,-0.0595,3658.0,Nano,Consumer Defensive
NAII,Natural Alternatives International Inc,Consumer Defensive,Packaged Foods,USA,16260000.000000002,,2.59,-0.0189,13118.0,Nano,Consumer Defensive
PAVS,Paranovus Entertainment Technology Ltd,Consumer Defensive,Packaged Foods,USA,1160000.0,,1.11,0.0571,46357.0,Nano,Consumer Defensive
REED,Reeds Inc,Consumer Defensive,Beverages - Non-Alcoholic,USA,20160000.0,,1.7,-0.0341,13654.0,Nano,Consumer Defensive
RKDA,Arcadia Biosciences Inc,Consumer Defensive,Packaged Foods,USA,2020000.0,,0.98,0.0229,79431.0,Nano,Consumer Defensive
RMCF,Rocky Mountain Chocolate Factory Inc,Consumer Defensive,Confectioners,USA,18010000.0,,1.93,-0.0302,19888.0,Nano,Consumer Defensive
SBEV,Splash Beverage Group Inc,Consumer Defensive,Beverages - Wineries & Distilleries,USA,1940000.0,,0.18,0.0097,2531942.0,Nano,Consumer Defensive
SDOT,Sadot Group Inc,Consumer Defensive,Farm Products,USA,2120000.0,,2.86,-0.1033999999999999,278618.0,Nano,Consumer Defensive
SOWG,Sow Good Inc,Consumer Defensive,Confectioners,USA,31090000.0,,1.54,-0.0222,10635.0,Nano,Consumer Defensive
UG,United-Guardian Inc,Consumer Defensive,Household & Personal Products,USA,31510000.0,13.33,6.86,-0.0227999999999999,4115.0,Nano,Consumer Defensive
WVVI,Willamette Valley Vineyard Inc,Consumer Defensive,Beverages - Wineries & Distilleries,USA,13940000.0,,2.8,0.0237999999999999,2378.0,Nano,Consumer Defensive
XXII,22nd Century Group Inc,Consumer Defensive,Tobacco,USA,2470000.0,,0.56,-0.0194,329641.0,Nano,Consumer Defensive
YHC,LQR House Inc,Consumer Defensive,Beverages - Wineries & Distilleries,USA,19450000.0,,0.91,0.0213,84095.0,Nano,Consumer Defensive
BATL,Battalion Oil Corp,Energy,Oil & Gas E&P,USA,31820000.0,,1.45,-0.0617,2405968.0,Nano,Energy
BRN,Barnwell Industries Inc,Energy,Oil & Gas E&P,USA,14830000.0,,1.03,-0.019,106092.0,Nano,Energy
CKX,CKX Lands Inc,Energy,Oil & Gas E&P,USA,21550000.0,7.31,10.5,0.0243999999999999,328.0,Nano,Energy
EONR,EON Resources Inc,Energy,Oil & Gas E&P,USA,29410000.0,,0.59,-0.0476999999999999,804234.0,Nano,Energy
MARPS,Marine Petroleum Trust,Energy,Oil & Gas Midstream,USA,10080000.0,16.06,5.04,-0.0195,19331.0,Nano,Energy
MTR,Mesa Royalty Trust,Energy,Oil & Gas E&P,USA,7020000.0,18.19,3.77,-0.0118,1902.0,Nano,Energy
MVO,MV Oil Trust,Energy,Oil & Gas E&P,USA,21730000.0,2.35,1.89,0.0161,74872.0,Nano,Energy
MXC,Mexco Energy Corp,Energy,Oil & Gas E&P,USA,17930000.0,14.43,8.76,-0.0085,2218.0,Nano,Energy
PRT,PermRock Royalty Trust,Energy,Oil & Gas E&P,USA,23600000.0,6.46,1.94,0.0052,32481.0,Nano,Energy
SKYQ,Sky Quarry Inc,Energy,Oil & Gas Integrated,USA,10840000.0,,2.26,-0.0383,200023.0,Nano,Energy
TPET,Trio Petroleum Corp,Energy,Oil & Gas E&P,USA,12160000.0,,0.36,-0.0204,659564.0,Nano,Energy
VIVK,Vivakor Inc,Energy,Oil & Gas Integrated,USA,5550000.0,,1.29,-0.0429,25814.0,Nano,Energy
VOC,VOC Energy Trust,Energy,Oil & Gas E&P,USA,49470000.0,6.61,2.91,-0.0613,116473.0,Nano,Energy
AAME,Atlantic American Corp,Financial,Insurance - Life,USA,44670000.0,9.72,2.19,-0.0223,3294.0,Nano,Financial
ALCY,Alchemy Investments Acquisition Corp 1,Financial,Shell Companies,USA,49650000.0,,11.8,0.0,0.0,Nano,Financial
ANY,Sphere 3D Corp,Financial,Capital Markets,USA,8230000.0,,1.94,0.0104,137465.0,Nano,Financial
ATCH,AtlasClear Holdings Inc,Financial,Capital Markets,USA,36040000.0,,0.24,0.0108,1188199.0,Nano,Financial
BAFN,BayFirst Financial Corp,Financial,Banks - Regional,USA,25900000.0,,6.3,0.0285,8390.0,Nano,Financial
BAYA,Bayview Acquisition Corp,Financial,Shell Companies,USA,33410000.0,,12.2,-0.0355,10551.0,Nano,Financial
BCG,Binah Capital Group Inc,Financial,Asset Management,USA,26730000.0,13.5,1.59,-0.0185,45215.0,Nano,Financial
BGDE,Big Digital Energy Inc,Financial,Capital Markets,USA,38370000.0,,6.95,-0.0156,43568.0,Nano,Financial
BHV,BlackRock Virginia Municipal Bond Trust,Financial,Closed-End Fund - Debt,USA,18060000.0,,11.37,-0.0026,1348.0,Nano,Financial
BKHA,Black Hawk Acquisition Corp,Financial,Shell Companies,USA,49430000.0,102.06,11.91,0.0,0.0,Nano,Financial
BLNE,Beeline Holdings Inc,Financial,Mortgage Finance,USA,41470000.0,,1.33,0.0472,422571.0,Nano,Financial
BNBX,BNB Plus Corp,Financial,Asset Management,USA,2970000.0,,0.41,0.052,180405.0,Nano,Financial
BNKK,Bonk Inc,Financial,Asset Management,USA,15120000.0,,1.89,0.0739,1977742.0,Nano,Financial
BTM,Bitcoin Depot Inc,Financial,Capital Markets,USA,5580000.0,0.51,0.49,0.0,0.0,Nano,Financial
CIF,MFS Intermediate High Income Fund,Financial,Closed-End Fund - Debt,USA,28820000.0,11.5,1.61,-0.0062,47578.0,Nano,Financial
COHN,Cohen & Company Inc,Financial,Capital Markets,USA,27330000.0,2.09,11.03,-0.0239,13786.0,Nano,Financial
CWD,CaliberCos Inc,Financial,Asset Management,USA,9030000.0,,1.02,0.0748,107116.0,Nano,Financial
DTSQ,DT Cloud Star Acquisition Corp,Financial,Shell Companies,USA,41170000.0,72.01,11.27,0.0,1947.0,Nano,Financial
EQS,Equus Total Return Inc,Financial,Asset Management,USA,19560000.0,,1.4,-0.0317,5026.0,Nano,Financial
EZRA,Reliance Global Group Inc,Financial,Insurance Brokers,USA,2140000.0,,3.86,0.0452,418576.0,Nano,Financial
FCO,abrdn Global Income Fund Inc,Financial,Closed-End Fund - Debt,USA,34500000.0,8.0,2.56,0.0,0.0,Nano,Financial
FMY,First Trust Mortgage Income Fund,Financial,Closed-End Fund - Debt,USA,49250000.0,10.82,11.69,0.0021,973.0,Nano,Financial
GOCO,GoHealth Inc,Financial,Insurance Brokers,USA,19530000.0,,0.67,-0.0506,124199.0,Nano,Financial
GREE,Greenidge Generation Holdings Inc,Financial,Capital Markets,USA,26550000.0,4.08,1.58,-0.0032,164624.0,Nano,Financial
GRF,Eagle Capital Growth Fund Inc,Financial,Closed-End Fund - Equity,USA,40310000.0,8.0,10.16,0.015,689.0,Nano,Financial
GROW,U.S. Global Investors Inc,Financial,Asset Management,USA,32500000.0,10.03,2.62,0.0,5315.0,Nano,Financial
HERZ,Herzfeld Credit Income Fund Inc,Financial,Asset Management,USA,36440000.0,,18.22,-0.0283,2460.0,Nano,Financial
HGBL,Heritage Global Inc,Financial,Capital Markets,USA,44680000.0,14.07,1.29,0.0208,46927.0,Nano,Financial
ICMB,Investcorp Credit Management BDC Inc,Financial,Asset Management,USA,18600000.0,,1.29,0.0068,56393.0,Nano,Financial
IPST,IP Strategy Holdings Inc,Financial,Capital Markets,USA,3290000.0,,4.76,-0.0412,85403.0,Nano,Financial
KFFB,Kentucky First Federal Bancorp,Financial,Banks - Regional,USA,36390000.0,26.6,4.62,-0.0022,3053.0,Nano,Financial
LMFA,LM Funding America Inc,Financial,Capital Markets,USA,4730000.0,,0.27,0.079,463321.0,Nano,Financial
MBBC,Marathon Bancorp Inc,Financial,Banks - Regional,USA,40400000.0,32.93,13.69,0.0066,7545.0,Nano,Financial
MDBH,MDB Capital Holdings LLC,Financial,Capital Markets,USA,35340000.0,,3.38,-0.0596999999999999,3975.0,Nano,Financial
MLCI,Mount Logan Capital Inc,Financial,Asset Management,USA,35140000.0,,3.14,-0.0187,8939.0,Nano,Financial
NCPL,Netcapital Inc,Financial,Capital Markets,USA,7970000.0,,1.01,-0.433,3243146.0,Nano,Financial
OFS,OFS Capital Corp,Financial,Asset Management,USA,46490000.0,,3.47,0.0,36681.0,Nano,Financial
PRHI,Presurance Holdings Inc,Financial,Insurance - Property & Casualty,USA,17050000.0,,0.65,-0.0008,21620.0,Nano,Financial
QETA,Quetta Acquisition Corp,Financial,Shell Companies,USA,44900000.0,,11.98,0.0231,7.0,Nano,Financial
RAND,Rand Capital Corp,Financial,Asset Management,USA,32610000.0,,10.98,0.0262,1083.0,Nano,Financial
RCG,RENN Fund Inc,Financial,Closed-End Fund - Equity,USA,20070000.0,26.0,2.86,0.0250999999999999,5861.0,Nano,Financial
RMCO,Royalty Management Holding Corp,Financial,Asset Management,USA,36280000.0,,2.39,0.0279,3813.0,Nano,Financial
SDEV,Stablecoin Development Corp,Financial,Asset Management,USA,35250000.0,,1.3,-0.0076,83326.0,Nano,Financial
SHFS,SHF Holdings Inc,Financial,Banks - Regional,USA,3160000.0,,0.49,0.0537,17341.0,Nano,Financial
TCBS,Texas Community Bancshares Inc,Financial,Banks - Regional,USA,48330000.0,15.71,16.75,-0.0059,142.0,Nano,Financial
TWAV,TaoWeave Inc,Financial,Asset Management,USA,4700000.0,,1.36,-0.0144999999999999,38626.0,Nano,Financial
XFLH,XFLH Capital Corp,Financial,Shell Companies,USA,43860000.0,,9.99,0.005,2633.0,Nano,Financial
ABVC,ABVC BioPharma Inc,Healthcare,Biotechnology,USA,36270000.0,,1.39,-0.0106,52394.0,Nano,Healthcare
ACON,Aclarion Inc,Healthcare,Health Information Services,USA,8029999.999999999,,3.26,0.0349,96703.0,Nano,Healthcare
ACTU,Actuate Therapeutics Inc,Healthcare,Biotechnology,USA,49170000.0,,2.06,-0.012,74172.0,Nano,Healthcare
ACXP,Acurx Pharmaceuticals Inc,Healthcare,Biotechnology,USA,8500000.0,,1.98,-0.0053,43968.0,Nano,Healthcare
ADGM,Adagio Medical Holdings Inc,Healthcare,Medical Devices,USA,16440000.000000002,,0.74,0.0204,62400.0,Nano,Healthcare
ADIL,Adial Pharmaceuticals Inc,Healthcare,Biotechnology,USA,5210000.0,,2.43,-0.0395,32190.0,Nano,Healthcare
ADTX,Aditxt Inc,Healthcare,Biotechnology,USA,100000.0,,0.12,-0.2421,31930411.0,Nano,Healthcare
AEMD,Aethlon Medical Inc,Healthcare,Medical Devices,USA,3580000.0,,2.28,-0.2231,692729.0,Nano,Healthcare
AEON,AEON Biopharma Inc,Healthcare,Biotechnology,USA,19220000.0,,0.73,0.0200999999999999,24458.0,Nano,Healthcare
AIDX,20/20 Biolabs Inc,Healthcare,Medical Devices,USA,9090000.0,,0.86,-0.0978,230478.0,Nano,Healthcare
AIM,AIM ImmunoTech Inc,Healthcare,Biotechnology,USA,5630000.0,,0.39,-0.1128,8883347.0,Nano,Healthcare
AKTX,Akari Therapeutics Plc ADR,Healthcare,Biotechnology,USA,19330000.0,,16.96,-0.2307999999999999,453430.0,Nano,Healthcare
ALGS,Aligos Therapeutics Inc,Healthcare,Biotechnology,USA,35420000.0,,5.72,-0.0113999999999999,79596.0,Nano,Healthcare
ALLR,Allarity Therapeutics Inc,Healthcare,Biotechnology,USA,26410000.0,,1.66,-0.006,158842.0,Nano,Healthcare
ALZN,Alzamend Neuro Inc,Healthcare,Biotechnology,USA,4460000.0,,1.17,0.0174,55513.0,Nano,Healthcare
AMIX,Autonomix Medical Inc,Healthcare,Medical Devices,USA,4560000.0,,0.4,-0.0361,113849.0,Nano,Healthcare
AMS,American Shared Hospital Services,Healthcare,Medical Care Facilities,USA,9610000.0,,1.45,-0.1158,58743.0,Nano,Healthcare
APLM,Apollomics Inc,Healthcare,Biotechnology,USA,31190000.0,,14.2,0.01,20649.0,Nano,Healthcare
APRE,Aprea Therapeutics Inc,Healthcare,Biotechnology,USA,11510000.0,,0.93,-0.0009,46788.0,Nano,Healthcare
APUS,Apimeds Pharmaceuticals US Inc,Healthcare,Drug Manufacturers - Specialty & Generic,USA,22480000.0,,1.49,0.0956,7571.0,Nano,Healthcare
APVO,Aptevo Therapeutics Inc,Healthcare,Biotechnology,USA,6220000.0,,4.99,-0.002,17028.0,Nano,Healthcare
ARAY,Accuray Inc,Healthcare,Medical Devices,USA,44850000.0,,0.38,-0.1024,3611145.0,Nano,Healthcare
ARTL,Artelo Biosciences Inc,Healthcare,Biotechnology,USA,3340000.0,,1.43,-0.0202,352669.0,Nano,Healthcare
ASBP,Aspire Biopharma Holdings Inc,Healthcare,Biotechnology,USA,7060000.0,,5.46,-0.0135,123658.0,Nano,Healthcare
ATNM,Actinium Pharmaceuticals Inc,Healthcare,Biotechnology,USA,39220000.0,,1.25,0.087,97339.0,Nano,Healthcare
ATOS,Atossa Therapeutics Inc,Healthcare,Biotechnology,USA,43920000.0,,5.1,-0.0173,16989.0,Nano,Healthcare
AYTU,Aytu BioPharma Inc,Healthcare,Drug Manufacturers - Specialty & Generic,USA,24150000.0,,2.25,0.0045,17551.0,Nano,Healthcare
AZTR,Azitra Inc,Healthcare,Biotechnology,USA,3490000.0,,0.22,0.0507,947384.0,Nano,Healthcare
BBLG,Bone Biologics Corp,Healthcare,Biotechnology,USA,2380000.0,,1.33,0.0192,30746.0,Nano,Healthcare
BCAB,BioAtla Inc,Healthcare,Biotechnology,USA,6620000.0,,3.99,-0.0136,25482.0,Nano,Healthcare
BCDA,BioCardia Inc,Healthcare,Biotechnology,USA,10940000.0,,0.96,0.0493,84336.0,Nano,Healthcare
BEAT,HeartBeam Inc,Healthcare,Health Information Services,USA,48850000.0,,0.88,-0.0191,253855.0,Nano,Healthcare
BFRG,Bullfrog AI Holdings Inc,Healthcare,Health Information Services,USA,14830000.0,,0.8,0.1110999999999999,425465.0,Nano,Healthcare
BFRI,Biofrontera Inc,Healthcare,Drug Manufacturers - Specialty & Generic,USA,10880000.0,,0.85,-0.0115,35949.0,Nano,Healthcare
BIAF,BioAffinity Technologies Inc,Healthcare,Diagnostics & Research,USA,7620000.0,,1.68,0.0182,60594.0,Nano,Healthcare
BIVI,BioVie Inc,Healthcare,Biotechnology,USA,10900000.0,,1.45,0.0034999999999999,18207.0,Nano,Healthcare
BJDX,Bluejay Diagnostics Inc,Healthcare,Medical Devices,USA,2230000.0,,2.15,-0.0138,95900.0,Nano,Healthcare
BMRA,Biomerica Inc,Healthcare,Medical Devices,USA,7390000.0,,2.39,-0.0165,5894.0,Nano,Healthcare
BNGO,Bionano Genomics Inc,Healthcare,Medical Instruments & Supplies,USA,14230000.0,,1.24,-0.008,145121.0,Nano,Healthcare
BOLD,Boundless Bio Inc,Healthcare,Biotechnology,USA,32150000.0,,1.43,-0.0199,31236.0,Nano,Healthcare
BOLT,Bolt Biotherapeutics Inc,Healthcare,Biotechnology,USA,9970000.0,,5.19,-0.0208,18522.0,Nano,Healthcare
BRTX,BioRestorative Therapies Inc,Healthcare,Biotechnology,USA,13460000.0,,0.53,0.1035,14513973.0,Nano,Healthcare
BTAI,BioXcel Therapeutics Inc,Healthcare,Drug Manufacturers - Specialty & Generic,USA,37060000.0,,1.2,-0.0475999999999999,607533.0,Nano,Healthcare
CALC,CalciMedica Inc,Healthcare,Biotechnology,USA,12640000.0,,0.8,-0.0803,298420.0,Nano,Healthcare
CCEL,Cryo-Cell International Inc,Healthcare,Medical Care Facilities,USA,29000000.0,,3.6,-0.0055,7688.0,Nano,Healthcare
CDIO,Cardio Diagnostics Holdings Inc,Healthcare,Biotechnology,USA,5420000.0,,1.83,0.015,25504.0,Nano,Healthcare
CDT,CDT Equity Inc,Healthcare,Biotechnology,USA,10770000.0,,2.21,1.3313,35455969.0,Nano,Healthcare
CELU,Celularity Inc,Healthcare,Biotechnology,USA,29240000.0,,1.01,0.0192,43251.0,Nano,Healthcare
CELZ,Creative Medical Technology Holdings Inc,Healthcare,Biotechnology,USA,8470000.0,,2.29,0.0155,59021.0,Nano,Healthcare
CLDI,Calidi Biotherapeutics Inc,Healthcare,Biotechnology,USA,3490000.0,,0.18,-0.0479,1171062.0,Nano,Healthcare
CLRB,Cellectar Biosciences Inc,Healthcare,Biotechnology,USA,24530000.0,,3.07,-0.0223,163520.0,Nano,Healthcare
CNSP,Cns Pharmaceuticals Inc,Healthcare,Biotechnology,USA,7380000.0,,5.05,0.0327,13635.0,Nano,Healthcare
COCP,Cocrystal Pharma Inc,Healthcare,Biotechnology,USA,15510000.0,,1.12,-0.0044,80382.0,Nano,Healthcare
CODX,Co-Diagnostics Inc,Healthcare,Medical Devices,USA,31160000.0,,8.65,-0.2269999999999999,2882737.0,Nano,Healthcare
CRIS,Curis Inc,Healthcare,Biotechnology,USA,21140000.0,,0.54,0.0365,117153.0,Nano,Healthcare
CRVO,CervoMed Inc,Healthcare,Biotechnology,USA,28790000.0,,3.11,-0.0096,59782.0,Nano,Healthcare
CTSO,Cytosorbents Corp,Healthcare,Medical Devices,USA,31390000.0,,0.5,0.0085,54143.0,Nano,Healthcare
CTXR,Citius Pharmaceuticals Inc,Healthcare,Biotechnology,USA,18260000.0,,0.67,0.0191,294980.0,Nano,Healthcare
CURX,Curanex Pharmaceuticals Inc,Healthcare,Biotechnology,USA,9930000.0,,0.35,0.0207,29347.0,Nano,Healthcare
CVKD,Cadrenal Therapeutics Inc,Healthcare,Biotechnology,USA,14230000.0,,4.96,-0.008,21888.0,Nano,Healthcare
CVM,Cel-Sci Corp,Healthcare,Biotechnology,USA,22610000.0,,1.56,0.0541,150844.0,Nano,Healthcare
CYCN,Cyclerion Therapeutics Inc,Healthcare,Biotechnology,USA,13730000.0,,3.17,-0.0031,30342.0,Nano,Healthcare
DARE,Dare Bioscience Inc,Healthcare,Biotechnology,USA,34150000.0,,2.28,0.0,98137.0,Nano,Healthcare
DCOY,Decoy Therapeutics Inc,Healthcare,Biotechnology,USA,4340000.0,,8.15,0.0297,6228.0,Nano,Healthcare
DRMA,Dermata Therapeutics Inc,Healthcare,Biotechnology,USA,5310000.0,,1.32,-0.0222,49175.0,Nano,Healthcare
DYAI,"Dyadic International Inc, DE",Healthcare,Biotechnology,USA,28010000.0,,0.77,0.0825999999999999,511547.0,Nano,Healthcare
ELAB,PMGC Holdings Inc,Healthcare,Biotechnology,USA,8039999.999999999,,1.77,-0.0781,1641609.0,Nano,Healthcare
ENSC,Ensysce Biosciences Inc,Healthcare,Biotechnology,USA,4320000.0,,0.29,-0.0236,722788.0,Nano,Healthcare
ENVB,Enveric Biosciences Inc,Healthcare,Biotechnology,USA,8430000.0,,2.29,-0.0129,81680.0,Nano,Healthcare
ERNA,Ernexa Therapeutics Inc,Healthcare,Biotechnology,USA,12480000.0,,10.7,-0.0823,43302.0,Nano,Healthcare
ESLA,Estrella Immunopharma Inc,Healthcare,Biotechnology,USA,46480000.0,,1.08,-0.0526,6126.0,Nano,Healthcare
FBLG,FibroBiologics Inc,Healthcare,Biotechnology,USA,5890000.0,,1.13,0.0,27943.0,Nano,Healthcare
FEED,ENvue Medical Inc,Healthcare,Medical Devices,USA,5610000.0,,0.92,-0.0059,58223.0,Nano,Healthcare
FEMY,Femasys Inc,Healthcare,Medical Instruments & Supplies,USA,22940000.0,,0.38,0.0011,738965.0,Nano,Healthcare
GCTK,GlucoTrack Inc,Healthcare,Medical Instruments & Supplies,USA,4100000.0,,0.66,0.0077,339226.0,Nano,Healthcare
GNPX,Genprex Inc,Healthcare,Biotechnology,USA,8250000.0,,0.78,-0.0185,201294.0,Nano,Healthcare
GOSS,Gossamer Bio Inc,Healthcare,Biotechnology,USA,49600000.0,,0.21,0.0012,6462778.0,Nano,Healthcare
GOVX,Geovax Labs Inc,Healthcare,Biotechnology,USA,7070000.0,,2.04,-0.1521,872096.0,Nano,Healthcare
GRCE,Grace Therapeutics Inc,Healthcare,Biotechnology,USA,39690000.0,,2.57,0.0556,210817.0,Nano,Healthcare
GRDX,GridAI Technologies Corp,Healthcare,Biotechnology,USA,37650000.0,,5.66,0.1434,93279.0,Nano,Healthcare
GRI,GRI Bio Inc,Healthcare,Biotechnology,USA,3780000.0,,2.13,0.0148,18012.0,Nano,Healthcare
GTBP,GT Biopharma Inc,Healthcare,Biotechnology,USA,17330000.0,,0.48,0.0793,2624599.0,Nano,Healthcare
HBIO,Harvard Bioscience Inc,Healthcare,Medical Instruments & Supplies,USA,26570000.0,,5.89,-0.0101,5581.0,Nano,Healthcare
HCTI,Healthcare Triangle Inc,Healthcare,Health Information Services,USA,5150000.0,,2.54,-0.0268,45338.0,Nano,Healthcare
HCWB,HCW Biologics Inc,Healthcare,Biotechnology,USA,13740000.0,,2.04,-0.0235,1881639.0,Nano,Healthcare
HIND,Vyome Holdings Inc,Healthcare,Biotechnology,USA,16629999.999999998,,2.37,0.0086,13841.0,Nano,Healthcare
HOWL,Werewolf Therapeutics Inc,Healthcare,Biotechnology,USA,21870000.0,,0.45,-0.0132,208552.0,Nano,Healthcare
HSCS,HeartSciences Inc,Healthcare,Medical Devices,USA,5420000.0,,1.7,-0.0529,48588.0,Nano,Healthcare
ICU,SeaStar Medical Holding Corp,Healthcare,Biotechnology,USA,14620000.0,,3.66,-0.0005,35123.0,Nano,Healthcare
IGC,IGC Pharma Inc,Healthcare,Biotechnology,USA,28780000.0,,0.29,-0.0074,202822.0,Nano,Healthcare
IMNN,Imunon Inc,Healthcare,Biotechnology,USA,9490000.0,,2.26,-0.0174,58911.0,Nano,Healthcare
INAB,IN8bio Inc,Healthcare,Biotechnology,USA,17720000.0,,1.8,0.0,26800.0,Nano,Healthcare
INBS,Intelligent Bio Solutions Inc,Healthcare,Medical Devices,USA,6080000.0,,2.54,0.0079,33492.0,Nano,Healthcare
INMB,INmune Bio Inc,Healthcare,Biotechnology,USA,37480000.0,,1.41,-0.0069999999999999,255271.0,Nano,Healthcare
INTS,Intensity Therapeutics Inc,Healthcare,Biotechnology,USA,11980000.0,,4.43,0.0023,17170.0,Nano,Healthcare
IRIX,IRIDEX Corp,Healthcare,Medical Devices,USA,17580000.0,,1.01,-0.0194,22419.0,Nano,Healthcare
ISPC,iSpecimen Inc,Healthcare,Diagnostics & Research,USA,4570000.0,,3.18,-0.0421999999999999,94930.0,Nano,Healthcare
IVF,INVO Fertility Inc,Healthcare,Medical Devices,USA,2810000.0,,1.74,0.0235,17016.0,Nano,Healthcare
JAGX,Jaguar Health Inc,Healthcare,Biotechnology,USA,1930000.0,,3.21,-0.0227999999999999,42339.0,Nano,Healthcare
JSPR,Jasper Therapeutics Inc,Healthcare,Biotechnology,USA,23970000.0,,0.86,-0.0385,233591.0,Nano,Healthcare
JUNS,Jupiter Neurosciences Inc,Healthcare,Biotechnology,USA,9530000.0,,0.26,-0.0922,4166589.0,Nano,Healthcare
KALA,Kala Bio Inc,Healthcare,Biotechnology,USA,41830000.0,,2.25,-0.0175,47276.0,Nano,Healthcare
KAPA,Kairos Pharma Ltd,Healthcare,Biotechnology,USA,10910000.0,,0.51,-0.0332,113512.0,Nano,Healthcare
KPRX,Kiora Pharmaceuticals Inc,Healthcare,Biotechnology,USA,12540000.0,,2.83,0.0,30133.0,Nano,Healthcare
KTTA,Pasithea Therapeutics Corp,Healthcare,Biotechnology,USA,22890000.0,,0.69,-0.0147,1084273.0,Nano,Healthcare
KYNB,Kyntra Bio Inc,Healthcare,Biotechnology,USA,27990000.0,0.25,6.91,-0.015,4962.0,Nano,Healthcare
LABT,Lakewood-Amedex Biotherapeutics Inc,Healthcare,Biotechnology,USA,9350000.0,,0.67,-0.0867,341724.0,Nano,Healthcare
LFWD,Lifeward Ltd,Healthcare,Medical Devices,USA,21530000.0,,7.65,-0.0365,2733.0,Nano,Healthcare
LGVN,Longeveron Inc,Healthcare,Biotechnology,USA,24520000.0,,0.77,-0.049,135357.0,Nano,Healthcare
LIMN,Liminatus Pharma Inc,Healthcare,Biotechnology,USA,7230000.0,,0.16,-0.105,3166575.0,Nano,Healthcare
LITS,Lite Strategy Inc,Healthcare,Biotechnology,USA,34710000.0,,1.02,0.0,206821.0,Nano,Healthcare
LNAI,Lunai Bioworks Inc,Healthcare,Biotechnology,USA,13420000.0,,2.96,-0.0263,81950.0,Nano,Healthcare
LPCN,Lipocine Inc,Healthcare,Biotechnology,USA,18630000.0,,2.26,0.0,67871.0,Nano,Healthcare
LSTA,Lisata Therapeutics Inc,Healthcare,Biotechnology,USA,29140000.0,,3.2,-0.0302999999999999,103169.0,Nano,Healthcare
LTRN,Lantern Pharma Inc,Healthcare,Biotechnology,USA,39460000.0,,3.49,-0.0029,79165.0,Nano,Healthcare
LUCY,Innovative Eyewear Inc,Healthcare,Medical Instruments & Supplies,USA,6660000.0,,1.04,0.0,45528.0,Nano,Healthcare
MBIO,Mustang Bio Inc,Healthcare,Biotechnology,USA,5030000.0,,0.66,0.0474,37046.0,Nano,Healthcare
MBRX,Moleculin Biotech Inc,Healthcare,Biotechnology,USA,14780000.0,,2.77,0.0109,197833.0,Nano,Healthcare
MGRX,Mangoceuticals Inc,Healthcare,Health Information Services,USA,7930000.0,,0.46,-0.0429,237797.0,Nano,Healthcare
MIRA,Mira Pharmaceuticals Inc,Healthcare,Drug Manufacturers - General,USA,45380000.0,,1.08,-0.0001,55921.0,Nano,Healthcare
MLSS,Milestone Scientific Inc,Healthcare,Medical Instruments & Supplies,USA,33640000.0,,0.38,-0.0448,57335.0,Nano,Healthcare
MODD,Modular Medical Inc,Healthcare,Medical Devices,USA,26460000.0,,4.89,-0.0486,22998.0,Nano,Healthcare
MRKR,Marker Therapeutics Inc,Healthcare,Biotechnology,USA,26260000.0,,1.58,0.043,81969.0,Nano,Healthcare
MTNB,Matinas Biopharma Holdings Inc,Healthcare,Biotechnology,USA,4740000.0,,0.74,-0.0686,30288.0,Nano,Healthcare
MTVA,MetaVia Inc,Healthcare,Biotechnology,USA,15030000.0,,2.91,-0.0613,892779.0,Nano,Healthcare
MYO,Myomo Inc,Healthcare,Medical Devices,USA,41540000.0,,1.08,-0.0138,220483.0,Nano,Healthcare
NDRA,ENDRA Life Sciences Inc,Healthcare,Diagnostics & Research,USA,7210000.0,,5.68,0.0289999999999999,8041.0,Nano,Healthcare
NEPH,Nephros Inc,Healthcare,Medical Instruments & Supplies,USA,39740000.0,51.77,3.66,-0.0108,2475.0,Nano,Healthcare
NEUP,Neuphoria Therapeutics Inc,Healthcare,Biotechnology,USA,9950000.0,,5.29,-0.0125,16272.0,Nano,Healthcare
NMTC,NeuroOne Medical Technologies Corp,Healthcare,Medical Devices,USA,32370000.0,,3.76,0.0093999999999999,8600.0,Nano,Healthcare
NNVC,NanoViricides Inc,Healthcare,Biotechnology,USA,37120000.0,,1.72,-0.078,771378.0,Nano,Healthcare
NOTV,Inotiv Inc,Healthcare,Diagnostics & Research,USA,9650000.0,,0.28,-0.0223,302297.0,Nano,Healthcare
NSPR,InspireMD Inc,Healthcare,Medical Devices,USA,45380000.0,,0.97,0.0764,189662.0,Nano,Healthcare
NSYS,Nortech Systems Inc,Healthcare,Medical Devices,USA,43090000.0,44.07,15.42,-0.0575,77182.0,Nano,Healthcare
NTRB,Nutriband Inc,Healthcare,Biotechnology,USA,41940000.0,,3.45,-0.0535,6530.0,Nano,Healthcare
NUWE,Nuwellis Inc,Healthcare,Medical Devices,USA,2040000.0,,0.76,-0.1048,211832.0,Nano,Healthcare
NVNO,enVVeno Medical Corp,Healthcare,Medical Devices,USA,7360000.0,,11.02,-0.0072,4956.0,Nano,Healthcare
NXGL,Nexgel Inc,Healthcare,Medical Instruments & Supplies,USA,7170000.0,,0.61,0.0187,31367.0,Nano,Healthcare
NXL,Nexalin Technology Inc,Healthcare,Medical Devices,USA,12080000.0,,0.59,0.005,223746.0,Nano,Healthcare
NXTC,Nextcure Inc,Healthcare,Biotechnology,USA,22790000.0,,6.31,-0.0141,4893.0,Nano,Healthcare
OGEN,Oragenics Inc,Healthcare,Biotechnology,USA,2620000.0,,0.58,-0.0327,16091.0,Nano,Healthcare
ONCO,Onconetix Inc,Healthcare,Biotechnology,USA,1370000.0,,1.2,0.0256,542823.0,Nano,Healthcare
ONMD,OneMedNet Corp,Healthcare,Health Information Services,USA,42020000.0,,0.77,-0.0255,342620.0,Nano,Healthcare
OSRH,OSR Holdings Inc,Healthcare,Biotechnology,USA,15530000.0,,0.44,-0.0378,914050.0,Nano,Healthcare
PASG,Passage Bio Inc,Healthcare,Biotechnology,USA,18820000.0,,5.86,0.0271,19607.0,Nano,Healthcare
PAVM,PAVmed Inc,Healthcare,Medical Devices,USA,44680000.0,,6.24,-0.0048,7087.0,Nano,Healthcare
PBM,Psyence Biomedical Ltd,Healthcare,Biotechnology,USA,1290000.0,,4.29,-0.0183,39599.0,Nano,Healthcare
PCSA,Processa Pharmaceuticals Inc,Healthcare,Biotechnology,USA,7090000.0,,2.58,-0.0227,15502.0,Nano,Healthcare
PETS,Petmed Express Inc,Healthcare,Pharmaceutical Retailers,USA,46650000.0,,2.18,-0.0091,90941.0,Nano,Healthcare
PFSA,Profusa Inc,Healthcare,Medical Devices,USA,1620000.0,,0.35,-0.037,133911.0,Nano,Healthcare
PHGE,BiomX Inc,Healthcare,Biotechnology,USA,14310000.0,,1.41,-0.0962,1537604.0,Nano,Healthcare
PHIO,Phio Pharmaceuticals Corp,Healthcare,Biotechnology,USA,13120000.0,,1.13,-0.0088,76651.0,Nano,Healthcare
PMCB,PharmaCyte Biotech Inc,Healthcare,Biotechnology,USA,8900000.0,,0.83,-0.0325,111451.0,Nano,Healthcare
PMI,Picard Medical Inc,Healthcare,Medical Devices,USA,13280000.0,,0.14,-0.0412999999999999,14955991.0,Nano,Healthcare
PRPO,Precipio Inc,Healthcare,Diagnostics & Research,USA,41430000.0,,23.18,-0.0069,17997.0,Nano,Healthcare
PSTV,Plus Therapeutics Inc,Healthcare,Biotechnology,USA,40890000.0,,5.94,-0.0762,125137.0,Nano,Healthcare
PTN,Palatin Technologies Inc,Healthcare,Biotechnology,USA,25410000.0,,14.28,0.02,6042.0,Nano,Healthcare
PULM,Pulmatrix Inc,Healthcare,Biotechnology,USA,4710000.0,,1.29,-0.0652,7159.0,Nano,Healthcare
QNCX,Quince Therapeutics Inc,Healthcare,Biotechnology,USA,19480000.0,,1.2,0.0214,505646.0,Nano,Healthcare
QNRX,Quoin Pharmaceuticals Ltd ADR,Healthcare,Biotechnology,USA,9820000.0,,5.01,0.0141999999999999,31924.0,Nano,Healthcare
QUCY,Quantum Cyber NV,Healthcare,Diagnostics & Research,USA,39480000.0,,2.69,-0.0963,3266492.0,Nano,Healthcare
REVB,Revelation Biosciences Inc,Healthcare,Biotechnology,USA,4260000.0,,1.09,-0.0091,27030.0,Nano,Healthcare
RKTO,Rocket One Inc,Healthcare,Biotechnology,USA,29080000.0,,1.52,-0.1058,20302968.0,Nano,Healthcare
RMTI,Rockwell Medical Inc,Healthcare,Drug Manufacturers - Specialty & Generic,USA,29250000.0,,0.74,-0.0209,176724.0,Nano,Healthcare
RNAZ,TransCode Therapeutics Inc,Healthcare,Biotechnology,USA,5090000.0,,5.35,0.0115,3692.0,Nano,Healthcare
RNXT,RenovoRx Inc,Healthcare,Biotechnology,USA,41880000.0,,0.93,-0.0601,225322.0,Nano,Healthcare
RVP,Retractable Technologies Inc,Healthcare,Medical Instruments & Supplies,USA,20950000.0,,0.7,-0.0387,175508.0,Nano,Healthcare
SBFM,Sunshine Biopharma Inc,Healthcare,Drug Manufacturers - Specialty & Generic,USA,1370000.0,,0.27,-0.1388,4430925.0,Nano,Healthcare
SCNX,Scienture Holdings Inc,Healthcare,Pharmaceutical Retailers,USA,16970000.0,,0.42,-0.0032,71245.0,Nano,Healthcare
SER,Serina Therapeutics Inc,Healthcare,Biotechnology,USA,27750000.0,,1.85,-0.0513,29369.0,Nano,Healthcare
SHPH,Shuttle Pharmaceuticals Holdings Inc,Healthcare,Drug Manufacturers - Specialty & Generic,USA,3130000.0,,0.53,-0.0067,216752.0,Nano,Healthcare
SILO,SILO Pharma Inc,Healthcare,Biotechnology,USA,7190000.0,,0.44,0.0426999999999999,169952.0,Nano,Healthcare
SINT,SINTX Technologies Inc,Healthcare,Medical Devices,USA,9610000.0,,2.22,0.0113999999999999,16713.0,Nano,Healthcare
SKYE,Skye Bioscience Inc,Healthcare,Biotechnology,USA,27260000.0,,0.78,-0.0873,240098.0,Nano,Healthcare
SNGX,Soligenix Inc,Healthcare,Biotechnology,USA,13270000.0,,0.9,-0.0796,10881564.0,Nano,Healthcare
SNOA,Sonoma Pharmaceuticals Inc,Healthcare,Drug Manufacturers - Specialty & Generic,USA,3980000.0,,1.14,0.0315,98244.0,Nano,Healthcare
SNSE,Sensei Biotherapeutics Inc,Healthcare,Biotechnology,USA,28440000.0,,21.2,0.2052,52437.0,Nano,Healthcare
SNTI,Senti Biosciences Holdings Inc,Healthcare,Biotechnology,USA,30210000.0,,0.97,-0.03,121344.0,Nano,Healthcare
SNYR,Synergy CHC Corp,Healthcare,Medical Distribution,USA,3980000.0,,0.27,-0.0399,4325516.0,Nano,Healthcare
SXTP,60 Degrees Pharmaceuticals Inc,Healthcare,Biotechnology,USA,3950000.0,,1.49,-0.0034,9985.0,Nano,Healthcare
TCRT,Alaunos Therapeutics Inc,Healthcare,Biotechnology,USA,7230000.0,,2.96,-0.0327,15452.0,Nano,Healthcare
TELA,TELA Bio Inc,Healthcare,Medical Devices,USA,42520000.0,,0.95,0.055,50004.0,Nano,Healthcare
TLPH,Talphera Inc,Healthcare,Drug Manufacturers - Specialty & Generic,USA,41120000.0,,0.79,-0.0355,164822.0,Nano,Healthcare
TNON,Tenon Medical Inc,Healthcare,Medical Devices,USA,8060000.000000001,,0.7,-0.002,32183.0,Nano,Healthcare
TOVX,Theriva Biologics Inc,Healthcare,Biotechnology,USA,13160000.0,,0.29,-0.0717,1278023.0,Nano,Healthcare
TPST,Tempest Therapeutics Inc,Healthcare,Biotechnology,USA,22810000.0,,1.54,-0.1098,191440.0,Nano,Healthcare
TRAW,Traws Pharma Inc,Healthcare,Biotechnology,USA,22270000.0,,1.47,-0.0329,250159.0,Nano,Healthcare
TVGN,Tevogen Bio Holdings Inc,Healthcare,Biotechnology,USA,31700000.0,,7.57,-0.0584999999999999,22366.0,Nano,Healthcare
TVRD,Tvardi Therapeutics Inc,Healthcare,Biotechnology,USA,31610000.0,,3.37,-0.0344,30356.0,Nano,Healthcare
TXMD,TherapeuticsMD Inc,Healthcare,Drug Manufacturers - Specialty & Generic,USA,23730000.0,133.12,2.05,-0.0283999999999999,6979.0,Nano,Healthcare
VBIO,Valion Bio Inc,Healthcare,Biotechnology,USA,2290000.0,,0.71,-0.0875,87866.0,Nano,Healthcare
VERU,Veru Inc,Healthcare,Biotechnology,USA,37400000.0,,2.33,0.0043,35497.0,Nano,Healthcare
VIVS,VivoSim Labs Inc,Healthcare,Biotechnology,USA,3520000.0,2.9,1.35,0.0305,49316.0,Nano,Healthcare
VNRX,VolitionRX Ltd,Healthcare,Medical Devices,USA,24200000.0,,2.9,0.0087,97217.0,Nano,Healthcare
VSEE,VSee Health Inc,Healthcare,Health Information Services,USA,9240000.0,,0.19,0.0438999999999999,2273308.0,Nano,Healthcare
VTAK,Catheter Precision Inc,Healthcare,Medical Devices,USA,2340000.0,,0.87,-0.0278,11382.0,Nano,Healthcare
VTGN,Vistagen Therapeutics Inc,Healthcare,Biotechnology,USA,25360000.0,,0.64,0.0107,455074.0,Nano,Healthcare
VVOS,Vivos Therapeutics Inc,Healthcare,Medical Devices,USA,9380000.0,,0.68,0.0076,31417.0,Nano,Healthcare
VYNE,VYNE Therapeutics Inc,Healthcare,Biotechnology,USA,22710000.0,,0.68,-0.0085,52624.0,Nano,Healthcare
WGRX,Wellgistics Health Inc,Healthcare,Pharmaceutical Retailers,USA,5530000.0,,3.61,-0.0296,240633.0,Nano,Healthcare
XAIR,Beyond Air Inc,Healthcare,Medical Devices,USA,5900000.0,,0.47,0.0449,137557.0,Nano,Healthcare
XBIO,Xenetic Biosciences Inc,Healthcare,Biotechnology,USA,7140000.0,,3.11,0.0109,4275.0,Nano,Healthcare
XCUR,Exicure Inc,Healthcare,Biotechnology,USA,20010000.0,,3.14,0.0572,11162.0,Nano,Healthcare
XLO,Xilio Therapeutics Inc,Healthcare,Biotechnology,USA,49770000.0,,8.32,-0.0235,14018.0,Nano,Healthcare
XWEL,XWELL Inc,Healthcare,Diagnostics & Research,USA,10810000.0,,1.28,-0.0375999999999999,134931.0,Nano,Healthcare
YCBD,cbdMD Inc,Healthcare,Drug Manufacturers - Specialty & Generic,USA,8380000.000000001,,0.8,-0.0337,134693.0,Nano,Healthcare
AIRI,Air Industries Group,Industrials,Aerospace & Defense,USA,14700000.0,,3.03,-0.0033,31681.0,Nano,Industrials
AQMS,Aqua Metals Inc,Industrials,Waste Management,USA,13720000.0,,4.08,0.0,23006.0,Nano,Industrials
ARTW,Art's-way Manufacturing Co Inc,Industrials,Farm & Heavy Construction Machinery,USA,13520000.0,10.33,2.61,0.0,7584.0,Nano,Industrials
AWX,Avalon Holdings Corp,Industrials,Waste Management,USA,9900000.0,16.93,2.54,-0.0116999999999999,1064.0,Nano,Industrials
BCHT,Birchtech Corp,Industrials,Pollution & Treatment Controls,USA,46030000.0,,1.75,-0.0278,71082.0,Nano,Industrials
BTOC,Armlogi Holding Corp,Industrials,Integrated Freight & Logistics,USA,15080000.0,,0.33,0.0219,943104.0,Nano,Industrials
BURU,Nuburu Inc,Industrials,Specialty Industrial Machinery,USA,31950000.0,,0.18,-0.0509,13327741.0,Nano,Industrials
CETY,Clean Energy Technologies Inc,Industrials,Specialty Industrial Machinery,USA,8740000.0,,0.72,-0.0014,20760.0,Nano,Industrials
CLIR,ClearSign Technologies Corp,Industrials,Pollution & Treatment Controls,USA,24190000.0,,4.47,-0.0197,43250.0,Nano,Industrials
CTNT,Cheetah Net Supply Chain Service Inc,Industrials,Integrated Freight & Logistics,USA,5030000.0,,1.7,0.0559,346556.0,Nano,Industrials
CVR,Chicago Rivet & Machine Co,Industrials,Tools & Accessories,USA,9370000.0,,9.7,-0.03,3694.0,Nano,Industrials
CVV,CVD Equipment Corp,Industrials,Specialty Industrial Machinery,USA,41010000.0,,5.91,0.0008,60307.0,Nano,Industrials
DETX,Liberty Defense Holdings Ltd,Industrials,Security & Protection Services,USA,25440000.0,,4.49,0.0429,27776.0,Nano,Industrials
DEVS,DevvStream Corp,Industrials,Pollution & Treatment Controls,USA,3840000.0,,0.29,1.3112,529714026.0,Nano,Industrials
DFLI,Dragonfly Energy Holdings Corp,Industrials,Electrical Equipment & Parts,USA,27100000.0,,2.12,-0.043,285004.0,Nano,Industrials
DFNS,T3 Defense Inc,Industrials,Aerospace & Defense,USA,25430000.0,,0.42,0.0243,13288899.0,Nano,Industrials
FBGL,FBS Global Ltd,Industrials,Engineering & Construction,USA,7730000.0,,0.57,-0.0371,83101.0,Nano,Industrials
FLUX,Flux Power Holdings inc,Industrials,Electrical Equipment & Parts,USA,22750000.0,,1.07,-0.0491,34952.0,Nano,Industrials
FTEK,Fuel Tech Inc,Industrials,Pollution & Treatment Controls,USA,46440000.0,,1.49,-0.0132,299875.0,Nano,Industrials
GWAV,Greenwave Technology Solutions Inc,Industrials,Waste Management,USA,3030000.0,,3.65,0.0,7062.0,Nano,Industrials
GWH,ESS Tech Inc,Industrials,Electrical Equipment & Parts,USA,29480000.0,,1.0,0.0029,282966.0,Nano,Industrials
HHS,Harte-Hanks Inc,Industrials,Conglomerates,USA,18990000.0,,2.56,-0.0078,4826.0,Nano,Industrials
HYFM,Hydrofarm Holdings Group Inc,Industrials,Farm & Heavy Construction Machinery,USA,4720000.0,,0.99,0.0123,2031.0,Nano,Industrials
IPDN,Professional Diversity Network Inc,Industrials,Staffing & Employment Services,USA,7260000.0,,0.69,-0.0617,24869.0,Nano,Industrials
IVDA,Iveda Solutions Inc,Industrials,Security & Protection Services,USA,4630000.0,,0.4,-0.0019,415483.0,Nano,Industrials
JOB,GEE Group Inc,Industrials,Staffing & Employment Services,USA,25820000.0,,0.23,-0.0167,34193.0,Nano,Industrials
KITT,Nauticus Robotics Inc,Industrials,Aerospace & Defense,USA,8710000.0,,1.74,0.0116,233676.0,Nano,Industrials
LASE,Laser Photonics Corp,Industrials,Specialty Industrial Machinery,USA,35910000.0,,0.93,-0.0009,766797.0,Nano,Industrials
LSH,Lakeside Holding Ltd,Industrials,Integrated Freight & Logistics,USA,24790000.0,,0.72,0.2332999999999999,278469.0,Nano,Industrials
NIXX,Nixxy Inc,Industrials,Staffing & Employment Services,USA,21750000.0,,0.81,0.1392,1935362.0,Nano,Industrials
NTIP,Network-1 Technologies Inc,Industrials,Specialty Business Services,USA,33840000.0,,1.48,-0.0067,12518.0,Nano,Industrials
OESX,Orion Energy Systems Inc,Industrials,Electrical Equipment & Parts,USA,39030000.0,,9.63,-0.0123,12909.0,Nano,Industrials
OLOX,Olenox Industries Inc,Industrials,Metal Fabrication,USA,7940000.0,,8.26,0.6779000000000001,26011948.0,Nano,Industrials
PLAG,Planet Green Holdings Corp,Industrials,Conglomerates,USA,22060000.0,,1.55,-0.019,1816.0,Nano,Industrials
POLA,Polar Power Inc,Industrials,Electrical Equipment & Parts,USA,7320000.0,,2.01,-0.0243,54621.0,Nano,Industrials
QRHC,Quest Resource Holding Corp,Industrials,Waste Management,USA,24380000.0,,1.16,-0.0252,7405.0,Nano,Industrials
RAIN,Rain Enhancement Technologies Holdco Inc,Industrials,Pollution & Treatment Controls,USA,17440000.0,,2.13,-0.0448,5262.0,Nano,Industrials
SCWO,374Water Inc,Industrials,Pollution & Treatment Controls,USA,44000000.0,,2.52,-0.0401,33803.0,Nano,Industrials
SDST,Stardust Power Inc,Industrials,Electrical Equipment & Parts,USA,25180000.0,,2.38,-0.0042,32101.0,Nano,Industrials
SGLY,Singularity Future Technology Ltd,Industrials,Integrated Freight & Logistics,USA,2660000.0,,0.37,-0.0566,66435.0,Nano,Industrials
SGRP,Spar Group Inc,Industrials,Specialty Business Services,USA,18120000.0,,0.72,-0.025,45856.0,Nano,Industrials
SOAR,Volato Group Inc,Industrials,Airports & Air Services,USA,4940000.0,0.14,0.16,0.0968,5088868.0,Nano,Industrials
SST,System1 Inc,Industrials,Specialty Business Services,USA,29080000.0,,2.92,0.0192,110484.0,Nano,Industrials
STI,Solidion Technology Inc,Industrials,Electrical Equipment & Parts,USA,35780000.0,,4.62,-0.0253,11948.0,Nano,Industrials
STRR,Star Equity Holdings Inc,Industrials,Conglomerates,USA,42560000.0,,11.51,-0.0031,1238.0,Nano,Industrials
TOMZ,TOMI Environmental Solutions Inc,Industrials,Pollution & Treatment Controls,USA,21360000.0,,0.92,0.0039,119553.0,Nano,Industrials
TPCS,Techprecision Corp,Industrials,Metal Fabrication,USA,39490000.0,,3.94,-0.0013,6130.0,Nano,Industrials
UGRO,Urban-gro Inc,Industrials,Farm & Heavy Construction Machinery,USA,6140000.0,,3.7,-0.0704,61068.0,Nano,Industrials
UUU,Universal Safety Products Inc,Industrials,Building Products & Equipment,USA,19300000.0,,7.1,0.026,21569.0,Nano,Industrials
VRME,VerifyMe Inc,Industrials,Security & Protection Services,USA,8860000.0,,0.68,0.0647,87940.0,Nano,Industrials
XOS,Xos Inc,Industrials,Farm & Heavy Construction Machinery,USA,27640000.0,,2.28,-0.0044,18227.0,Nano,Industrials
XPON,Expion360 Inc,Industrials,Electrical Equipment & Parts,USA,6120000.0,,0.53,0.0092,49953.0,Nano,Industrials
AHT,Ashford Hospitality Trust Inc,Real Estate,REIT - Hotel & Motel,USA,19830000.0,,3.06,0.0377,21158.0,Nano,Real Estate
AIRE,reAlpha Tech Corp,Real Estate,Real Estate Services,USA,13620000.0,,2.54,0.032,71805.0,Nano,Real Estate
ALBT,Avalon GloboCare Corp,Real Estate,Real Estate Services,USA,4280000.0,,0.36,0.0384,250376.0,Nano,Real Estate
CMCT,Creative Media & Community Trust,Real Estate,REIT - Office,USA,12790000.0,,4.84,-0.0040999999999999,54420.0,Nano,Real Estate
FTHM,Fathom Holdings Inc,Real Estate,Real Estate Services,USA,19280000.0,,0.59,0.0002,71496.0,Nano,Real Estate
GBR,New Concept Energy Inc,Real Estate,Real Estate Services,USA,3850000.0,,0.75,-0.0256,28130.0,Nano,Real Estate
GIPR,Generation Income Properties Inc,Real Estate,REIT - Diversified,USA,1310000.0,,0.2,-0.2858,4677517.0,Nano,Real Estate
GYRO,Gyrodyne LLC,Real Estate,Real Estate Services,USA,15550000.0,,7.07,-0.0194,1241.0,Nano,Real Estate
IHT,Innsuites Hospitality Trust,Real Estate,REIT - Hotel & Motel,USA,18220000.0,,1.49,-0.0067,9260.0,Nano,Real Estate
LHAI,Linkhome Holdings Inc,Real Estate,Real Estate Services,USA,15010000.0,,0.92,-0.0125,10812.0,Nano,Real Estate
LOAN,Manhattan Bridge Capital Inc,Real Estate,REIT - Mortgage,USA,48120000.0,9.61,4.21,0.0,11641.0,Nano,Real Estate
LRHC,La Rosa Holdings Corp,Real Estate,Real Estate Services,USA,1340000.0,,1.28,0.0323,102963.0,Nano,Real Estate
MDRR,Medalist Diversified Inc,Real Estate,Real Estate Services,USA,23070000.0,3.07,11.55,0.0,2042.0,Nano,Real Estate
MKZR,Mackenzie Realty Capital Inc,Real Estate,REIT - Diversified,USA,5210000.0,,2.31,-0.0151,5763.0,Nano,Real Estate
NYC,American Strategic Investment Co,Real Estate,Real Estate Services,USA,24910000.0,,8.53,-0.0426,1902.0,Nano,Real Estate
OPAD,Offerpad Solutions Inc,Real Estate,Real Estate Services,USA,36160000.0,,0.76,0.015,169799.0,Nano,Real Estate
PW,Power REIT,Real Estate,REIT - Specialty,USA,2830000.0,,0.77,0.0798,76879.0,Nano,Real Estate
RENX,RenX Enterprises Corp,Real Estate,Real Estate - Development,USA,4600000.0,,1.76,-0.0069,107913.0,Nano,Real Estate
SQFT,Presidio Property Trust Inc,Real Estate,REIT - Diversified,USA,4260000.0,,2.96,0.0533999999999999,8002.0,Nano,Real Estate
WHLR,Wheeler Real Estate Investment Trust Inc,Real Estate,REIT - Retail,USA,1100000.0,,1.05,-0.0366999999999999,164061.0,Nano,Real Estate
ACFN,Acorn Energy Inc,Technology,Scientific & Technical Instruments,USA,43810000.0,22.55,17.47,0.0356,9186.0,Nano,Technology
AIFA,All InFutureTech Alliance Inc,Technology,Software - Infrastructure,USA,21270000.0,,0.56,0.0091,240569.0,Nano,Technology
AIFF,Firefly Neuroscience Inc,Technology,Software - Application,USA,27410000.0,,1.76,-0.0222,119550.0,Nano,Technology
AIMD,Ainos Inc,Technology,Scientific & Technical Instruments,USA,20040000.0,,2.35,-0.1423,292332.0,Nano,Technology
AIXC,AIxCrypto Holdings Inc,Technology,Software - Infrastructure,USA,25900000.0,,1.28,0.0407,58736.0,Nano,Technology
AMOD,Alpha Modus Holdings Inc,Technology,Software - Application,USA,12100000.0,,0.23,-0.0091,316875.0,Nano,Technology
AMST,Amesite Inc,Technology,Software - Application,USA,8430000.0,,1.44,-0.1628,569829.0,Nano,Technology
AMZE,Amaze Holdings Inc,Technology,Software - Application,USA,8810000.0,,0.15,-0.0458999999999999,1268747.0,Nano,Technology
ARAI,Arrive AI Inc,Technology,Scientific & Technical Instruments,USA,33310000.000000004,,0.64,0.0070999999999999,669022.0,Nano,Technology
ATHR,Aether Holdings Inc,Technology,Software - Application,USA,43890000.0,,3.61,0.0296,8179.0,Nano,Technology
AUID,authID Inc,Technology,Software - Infrastructure,USA,21300000.0,,1.32,0.0559999999999999,150123.0,Nano,Technology
AUUD,Auddia Inc,Technology,Software - Application,USA,7510000.0,,1.4,0.0219,376339.0,Nano,Technology
AWRE,Aware Inc,Technology,Software - Application,USA,33770000.0,,1.56,-0.0127,23052.0,Nano,Technology
AXIL,AXIL Brands Inc,Technology,Consumer Electronics,USA,47380000.0,61.02,6.95,0.0236,7510.0,Nano,Technology
BEEM,Beam Global,Technology,Solar,USA,33410000.0,,1.5,0.0101,403073.0,Nano,Technology
BLIN,Bridgeline Digital Inc,Technology,Software - Infrastructure,USA,15620000.0,,1.24,0.0333,123618.0,Nano,Technology
BNZI,Banzai International Inc,Technology,Software - Application,USA,5490000.0,,3.77,0.0886999999999999,368839.0,Nano,Technology
BOXL,Boxlight Corp,Technology,Consumer Electronics,USA,3580000.0,,0.9,-0.0159,18202.0,Nano,Technology
CETX,Cemtrex Inc,Technology,Software - Infrastructure,USA,10660000.0,,0.96,0.0424,209104.0,Nano,Technology
CISO,CISO Global Inc,Technology,Software - Infrastructure,USA,19330000.0,,0.43,0.016,569750.0,Nano,Technology
CLRO,ClearOne Inc,Technology,Communication Equipment,USA,8730000.0,,3.26,-0.0060999999999999,5368.0,Nano,Technology
CREX,Creative Realities Inc,Technology,Software - Application,USA,39150000.0,,3.7,0.0277,42094.0,Nano,Technology
CSAI,Cloudastructure Inc,Technology,Software - Infrastructure,USA,12100000.0,,0.48,-0.0528,197731.0,Nano,Technology
CXAI,CXApp Inc,Technology,Software - Application,USA,14690000.0,,0.21,0.2259,32717215.0,Nano,Technology
CYCU,Cycurion Inc,Technology,Information Technology Services,USA,7900000.0,,0.92,-0.0419,12730948.0,Nano,Technology
CYN,Cyngn Inc,Technology,Software - Application,USA,21640000.0,,1.5,0.0274,129711.0,Nano,Technology
DAIC,CID Holdco Inc,Technology,Information Technology Services,USA,4110000.000000001,,0.14,-0.0037,1015375.0,Nano,Technology
DAIO,Data io Corp,Technology,Electronic Components,USA,39980000.0,,4.26,0.0012,316078.0,Nano,Technology
DTST,Data Storage Corp,Technology,Information Technology Services,USA,8000000.0,,3.69,-0.0081,14822.0,Nano,Technology
ELSE,Electro-Sensors Inc,Technology,Scientific & Technical Instruments,USA,27090000.0,105.07,7.67,0.0,4771.0,Nano,Technology
EXYN,Exyn Technologies Inc,Technology,Software - Infrastructure,USA,47260000.0,,6.13,0.0268,108398.0,Nano,Technology
FCUV,Focus Universal Inc,Technology,Scientific & Technical Instruments,USA,1650000.0,,0.79,0.0037,65972.0,Nano,Technology
FKWL,Franklin Wireless Corp,Technology,Communication Equipment,USA,34650000.0,,2.94,-0.0134,7280.0,Nano,Technology
FOXX,Foxx Development Holdings Inc,Technology,Consumer Electronics,USA,18800000.0,,2.67,-0.0326,17357.0,Nano,Technology
FRGT,Freight Technologies Inc,Technology,Software - Application,USA,2410000.0,,4.22,-0.1032,33001.0,Nano,Technology
FTFT,Future FinTech Group Inc,Technology,Software - Application,USA,7130000.0,1.43,1.21,0.0116999999999999,9091.0,Nano,Technology
FUSE,Fusemachines Inc,Technology,Software - Application,USA,41090000.0,17.23,1.42,-0.0207,11591.0,Nano,Technology
GGRP,Glimpse Group Inc,Technology,Software - Infrastructure,USA,17180000.0,,0.81,0.0319,57642.0,Nano,Technology
IDAI,T Stamp Inc,Technology,Software - Application,USA,13330000.0,,2.38,-0.0124,16295.0,Nano,Technology
ILLR,Triller Group Inc,Technology,Software - Application,USA,47230000.0,,0.24,-0.1433,1103617.0,Nano,Technology
INLX,Intellinetics Inc,Technology,Software - Application,USA,30120000.0,,6.7,0.0347,621.0,Nano,Technology
INTZ,Intrusion Inc,Technology,Software - Infrastructure,USA,16900000.0,,0.83,0.0233,73443.0,Nano,Technology
INUV,Inuvo Inc,Technology,Software - Application,USA,23570000.0,,1.59,-0.0536,143716.0,Nano,Technology
IPM,Intelligent Protection Management Corp,Technology,Software - Application,USA,17740000.0,,1.96,0.0096,16080.0,Nano,Technology
JTAI,Jet.AI Inc,Technology,Software - Application,USA,12810000.0,0.12,9.01,-0.0249,185198.0,Nano,Technology
KOSS,Koss Corp,Technology,Consumer Electronics,USA,38820000.0,,4.1,0.0060999999999999,10917.0,Nano,Technology
KPLT,Katapult Holdings Inc,Technology,Software - Infrastructure,USA,29450000.0,4.86,6.18,-0.0016,5756.0,Nano,Technology
KTCC,Key Tronic Corp,Technology,Computer Hardware,USA,36870000.0,,3.39,0.0287,15436.0,Nano,Technology
LGL,LGL Group Inc,Technology,Scientific & Technical Instruments,USA,45920000.0,278.57,7.02,-0.0139999999999999,3613.0,Nano,Technology
LPSN,Liveperson Inc,Technology,Software - Application,USA,27900000.0,,2.29,0.0182,77264.0,Nano,Technology
MITQ,Moving iMage Technologies Inc,Technology,Communication Equipment,USA,6160000.0,,0.62,-0.0005,29169.0,Nano,Technology
MOBX,Mobix Labs Inc,Technology,Semiconductors,USA,32200000.000000004,,2.4,-0.0139,578578.0,Nano,Technology
MOVE,Corvex Inc,Technology,Software - Infrastructure,USA,38160000.0,,19.26,-0.0834999999999999,28672.0,Nano,Technology
MSAI,MultiSensor AI Holdings Inc,Technology,Electronic Components,USA,12120000.0,,6.0,-0.005,30299.0,Nano,Technology
MSN,Emerson Radio Corp,Technology,Consumer Electronics,USA,9120000.0,,0.43,-0.0212,7009.0,Nano,Technology
MYSE,Myseum.AI Inc,Technology,Software - Application,USA,9110000.0,,1.82,0.0168,49355.0,Nano,Technology
NXPL,NextPlat Corp,Technology,Software - Application,USA,18960000.0,,7.0,-0.0278,6324.0,Nano,Technology
OBAI,Our Bond Inc,Technology,Software - Infrastructure,USA,11930000.0,,0.49,0.108,422477.0,Nano,Technology
OLB,OLB Group Inc,Technology,Software - Infrastructure,USA,7120000.0,,0.49,0.105,513717.0,Nano,Technology
PHUN,Phunware Inc,Technology,Software - Application,USA,41810000.0,,2.05,0.0124,116114.0,Nano,Technology
PRSO,Peraso Inc,Technology,Semiconductors,USA,16290000.0,,1.11,-0.0556,633476.0,Nano,Technology
PSQH,PSQ Holdings Inc,Technology,Software - Application,USA,33640000.0,,0.65,0.044,264500.0,Nano,Technology
PXLW,Pixelworks Inc,Technology,Semiconductors,USA,45240000.0,,7.11,0.0056999999999999,52901.0,Nano,Technology
QCLS,Q/C Technologies Inc,Technology,Computer Hardware,USA,33960000.0,,4.32,-0.0914,440145.0,Nano,Technology
REFR,Research Frontiers Inc,Technology,Electronic Components,USA,26680000.0,,0.77,0.0066,14577.0,Nano,Technology
RIME,Algorhythm Holdings Inc,Technology,Consumer Electronics,USA,11510000.0,,0.79,0.0404,2278835.0,Nano,Technology
RMSG,Real Messenger Corp,Technology,Software - Application,USA,4460000.0,,0.88,0.0862,105107.0,Nano,Technology
RTB,RTB Digital Inc,Technology,Software - Application,USA,5990000.0,,4.68,-0.0063,15589.0,Nano,Technology
SCKT,Socket Mobile Inc,Technology,Computer Hardware,USA,7660000.0,,0.93,0.0,94165.0,Nano,Technology
SLAI,SOLAI Ltd ADR,Technology,Information Technology Services,USA,13480000.0,,0.72,-0.0626,28444.0,Nano,Technology
SMSI,Smith Micro Software Inc,Technology,Software - Application,USA,22230000.0,,0.87,0.0909,123341.0,Nano,Technology
SMXT,SolarMax Technology Inc,Technology,Solar,USA,31870000.0,,0.56,0.0,149096.0,Nano,Technology
SOBR,Sobr Safe Inc,Technology,Scientific & Technical Instruments,USA,3230000.0,,1.15,-0.0726,122884.0,Nano,Technology
SONM,DNA X Inc,Technology,Software - Infrastructure,USA,6580000.0,,4.42,0.0425,6931.0,Nano,Technology
SUNE,SUNation Energy Inc,Technology,Solar,USA,5440000.0,,1.32,-0.0075,57295.0,Nano,Technology
TACT,Transact Technologies Inc,Technology,Computer Hardware,USA,44700000.0,,4.35,-0.0023,51738.0,Nano,Technology
TAOX,TAO Synergies Inc,Technology,Software - Infrastructure,USA,31310000.0,,4.19,-0.0434,272269.0,Nano,Technology
TGL,Treasure Global Inc,Technology,Software - Application,USA,7380000.0,,4.4,0.0233,13700.0,Nano,Technology
UPLD,Upland Software Inc,Technology,Software - Application,USA,26980000.0,,0.92,0.0327,147163.0,Nano,Technology
USIO,Usio Inc,Technology,Software - Infrastructure,USA,45950000.0,,1.66,-0.003,74222.0,Nano,Technology
VEEA,Veea Inc,Technology,Information Technology Services,USA,30600000.0,,0.61,-0.0849,446472.0,Nano,Technology
VS,Versus Systems Inc,Technology,Software - Application,USA,7260000.0,,1.48,0.3097,165125.0,Nano,Technology
VTSI,VirTra Inc,Technology,Software - Application,USA,38640000.0,,3.42,-0.0235,28571.0,Nano,Technology
XBP,XBP Global Holdings Inc,Technology,Software - Infrastructure,USA,30190000.0,0.03,2.57,-0.0321,4699.0,Nano,Technology
YYAI,AiRWA Inc,Technology,Software - Infrastructure,USA,12950000.0,0.1,12.29,0.0934,13343.0,Nano,Technology
ZEO,Zeo Energy Corp,Technology,Solar,USA,49320000.0,,0.85,-0.0207,47875.0,Nano,Technology
BESS,Bimergen Energy Corp,Utilities,Utilities - Renewable,USA,26620000.0,,3.75,-0.1278999999999999,241647.0,Nano,Utilities
ACNT,Ascent Industries Co,Basic Materials,Chemicals,USA,123780000.0,131.05,13.69,0.0062,30193.0,Micro,Basic Materials
AMTX,Aemetis Inc,Basic Materials,Specialty Chemicals,USA,180370000.0,,2.56,-0.0253,526040.0,Micro,Basic Materials
AREC,American Resources Corp,Basic Materials,Coking Coal,USA,249260000.0,,2.33,-0.0331,1616107.0,Micro,Basic Materials
AVD,American Vanguard Corp,Basic Materials,Agricultural Inputs,USA,75520000.0,,2.64,-0.0294,155869.0,Micro,Basic Materials
CITR,CitroTech Inc,Basic Materials,Specialty Chemicals,USA,145330000.0,,6.5,-0.0426999999999999,56923.0,Micro,Basic Materials
CLW,Clearwater Paper Corp,Basic Materials,Paper & Paper Products,USA,260580000.0,,16.16,0.0012,165025.0,Micro,Basic Materials
CMT,Core Molding Technologies,Basic Materials,Specialty Chemicals,USA,216440000.0,21.89,24.32,-0.0069,11019.0,Micro,Basic Materials
FEAM,5E Advanced Materials Inc,Basic Materials,Specialty Chemicals,USA,76390000.0,,1.84,0.0,119143.0,Micro,Basic Materials
FF,Futurefuel Corp,Basic Materials,Specialty Chemicals,USA,182470000.0,,4.16,-0.0024,95913.0,Micro,Basic Materials
FRD,Friedman Industries Inc,Basic Materials,Steel,USA,171410000.0,10.84,24.1,0.0173,13081.0,Micro,Basic Materials
GORO,Gold Resource Corp,Basic Materials,Other Precious Metals & Mining,USA,226630000.0,68.97,1.4,0.037,1332609.0,Micro,Basic Materials
HDSN,Hudson Technologies Inc,Basic Materials,Specialty Chemicals,USA,226120000.0,17.58,5.38,0.0009,202843.0,Micro,Basic Materials
MNTK,Montauk Renewables Inc,Basic Materials,Specialty Chemicals,USA,249100000.0,113.64,1.75,0.0,53132.0,Micro,Basic Materials
NTIC,Northern Technologies International Corp,Basic Materials,Specialty Chemicals,USA,75660000.0,,7.97,-0.0112,3257.0,Micro,Basic Materials
OMEX,Odyssey Marine Exploration Inc,Basic Materials,Other Industrial Metals & Mining,USA,66190000.0,,1.13,0.0089,349821.0,Micro,Basic Materials
PZG,Paramount Gold Nevada Corp,Basic Materials,Gold,USA,118810000.0,,1.38,-0.0036,238444.0,Micro,Basic Materials
SBMT,Silver Bow Mining Corp,Basic Materials,Other Industrial Metals & Mining,USA,286140000.0,,9.69,0.0555,200960.0,Micro,Basic Materials
SMID,Smith-Midland Corp,Basic Materials,Building Materials,USA,172780000.0,13.81,32.56,0.0043,3100.0,Micro,Basic Materials
USAU,U.S. Gold Corp,Basic Materials,Gold,USA,268060000.0,,16.25,0.036,171881.0,Micro,Basic Materials
WWR,Westwater Resources Inc,Basic Materials,Other Industrial Metals & Mining,USA,72520000.0,,0.57,-0.0038,469085.0,Micro,Basic Materials
XPL,Solitario Resources Corp,Basic Materials,Other Industrial Metals & Mining,USA,78560000.0,,0.84,0.0029,204484.0,Micro,Basic Materials
ANGI,Angi Inc,Communication Services,Internet Content & Information,USA,243300000.0,14.67,6.01,0.0665,807640.0,Micro,Communication Services
AREN,Arena Group Holdings Inc,Communication Services,Internet Content & Information,USA,72590000.0,0.61,1.52,-0.0528,34471.0,Micro,Communication Services
BODI,Beachbody Company Inc,Communication Services,Internet Content & Information,USA,79080000.0,16.42,10.92,0.0215,23521.0,Micro,Communication Services
BZFD,BuzzFeed Inc,Communication Services,Internet Content & Information,USA,64550000.0,,1.71,0.0147,1151933.0,Micro,Communication Services
CABO,Cable One Inc,Communication Services,Telecom Services,USA,291100000.0,,51.31,-0.0921,91731.0,Micro,Communication Services
CNVS,Cineverse Corp,Communication Services,Entertainment,USA,53020000.0,,2.49,0.0163,111133.0,Micro,Communication Services
CURI,CuriosityStream Inc,Communication Services,Broadcasting,USA,171270000.0,,2.89,0.0542999999999999,449794.0,Micro,Communication Services
DIBS,1stdibs.com Inc,Communication Services,Internet Content & Information,USA,162890000.0,,4.61,-0.0128,36528.0,Micro,Communication Services
ELWT,Elauwit Connection Inc,Communication Services,Telecom Services,USA,50250000.0,,7.59,0.0675,14773.0,Micro,Communication Services
FLNT,Fluent Inc,Communication Services,Advertising Agencies,USA,59630000.0,,2.0,-0.0783,100283.0,Micro,Communication Services
GAIA,Gaia Inc,Communication Services,Entertainment,USA,59740000.0,,2.36,-0.0366999999999999,22585.0,Micro,Communication Services
IZEA,IZEA Worldwide Inc,Communication Services,Internet Content & Information,USA,64269999.99999999,,3.67,-0.0108,15496.0,Micro,Communication Services
KORE,Kore Group Holdings Inc,Communication Services,Telecom Services,USA,161280000.0,,9.17,-0.0022,40998.0,Micro,Communication Services
KVHI,KVH Industries Inc,Communication Services,Telecom Services,USA,186010000.0,,9.54,-0.0827,153040.0,Micro,Communication Services
LEE,Lee Enterprises Inc,Communication Services,Publishing,USA,246860000.0,,11.1,-0.0557,36907.0,Micro,Communication Services
LVO,LiveOne Inc,Communication Services,Internet Content & Information,USA,88510000.0,,6.57,-0.0045,26062.0,Micro,Communication Services
MCHX,Marchex Inc,Communication Services,Advertising Agencies,USA,74460000.0,,1.68,0.0243999999999999,13636.0,Micro,Communication Services
MDIA,MediaCo Holding Inc,Communication Services,Broadcasting,USA,71360000.0,,0.87,-0.0268,9431.0,Micro,Communication Services
MRDN,Meridian Holdings Inc,Communication Services,Electronic Gaming & Multimedia,USA,148870000.0,,11.75,0.0613999999999999,36065.0,Micro,Communication Services
MYPS,PLAYSTUDIOS Inc,Communication Services,Electronic Gaming & Multimedia,USA,67290000.0,,0.52,0.07,558664.0,Micro,Communication Services
NCMI,National Cinemedia Inc,Communication Services,Advertising Agencies,USA,295410000.0,,3.15,0.0194,262844.0,Micro,Communication Services
PODC,PodcastOne Inc,Communication Services,Internet Content & Information,USA,135240000.0,,4.92,0.0165,134560.0,Micro,Communication Services
SEAT,Vivid Seats Inc,Communication Services,Internet Content & Information,USA,98770000.0,,8.99,0.0538999999999999,36018.0,Micro,Communication Services
SGA,Saga Communications Inc,Communication Services,Broadcasting,USA,59570000.0,,9.36,-0.0279999999999999,5293.0,Micro,Communication Services
SKLZ,Skillz Inc,Communication Services,Electronic Gaming & Multimedia,USA,147420000.0,,9.44,0.0636,240921.0,Micro,Communication Services
TEAD,Teads Holding Co,Communication Services,Internet Content & Information,USA,113000000.0,,1.16,-0.068,166550.0,Micro,Communication Services
TSQ,Townsquare Media Inc,Communication Services,Advertising Agencies,USA,118950000.0,,6.62,-0.02,22988.0,Micro,Communication Services
TZOO,Travelzoo,Communication Services,Internet Content & Information,USA,111950000.0,30.07,10.89,0.0362,51767.0,Micro,Communication Services
UPXI,Upexi Inc,Communication Services,Internet Content & Information,USA,85340000.0,,1.21,0.0037,2435901.0,Micro,Communication Services
ZIP,ZipRecruiter Inc,Communication Services,Internet Content & Information,USA,274110000.0,,3.36,0.0409999999999999,448114.0,Micro,Communication Services
AKA,a.k.a. Brands Holding Corp,Consumer Cyclical,Apparel Retail,USA,102600000.0,,9.48,-0.0266999999999999,4283.0,Micro,Consumer Cyclical
AOUT,American Outdoor Brands Inc,Consumer Cyclical,Leisure,USA,129100000.0,,10.25,-0.0058,15509.0,Micro,Consumer Cyclical
BARK,BARK Inc,Consumer Cyclical,Specialty Retail,USA,88050000.0,,10.19,0.0387,33132.0,Micro,Consumer Cyclical
BDL,Flanigan's Enterprises Inc,Consumer Cyclical,Restaurants,USA,60030000.0,10.06,32.3,-0.0638,275.0,Micro,Consumer Cyclical
BRLT,Brilliant Earth Group Inc,Consumer Cyclical,Luxury Goods,USA,126500000.0,,1.25,0.0,11180.0,Micro,Consumer Cyclical
BSET,Bassett Furniture Industries Inc,Consumer Cyclical,"Furnishings, Fixtures & Appliances",USA,127810000.0,23.88,14.78,-0.0034,18941.0,Micro,Consumer Cyclical
CATO,Cato Corp,Consumer Cyclical,Apparel Retail,USA,63800000.0,661.78,3.24,-0.0053,83199.0,Micro,Consumer Cyclical
CHPT,ChargePoint Holdings Inc,Consumer Cyclical,Specialty Retail,USA,185440000.0,,7.59,-0.0263,422169.0,Micro,Consumer Cyclical
CLAR,Clarus Corp,Consumer Cyclical,Leisure,USA,118200000.0,,3.08,-0.0113,55619.0,Micro,Consumer Cyclical
COOK,Traeger Inc,Consumer Cyclical,"Furnishings, Fixtures & Appliances",USA,186350000.0,,66.99,0.0227,23987.0,Micro,Consumer Cyclical
CPHC,Canterbury Park Holding Corp,Consumer Cyclical,Resorts & Casinos,USA,80090000.0,,15.55,-0.0083,3382.0,Micro,Consumer Cyclical
CRMT,Americas Car Mart Inc,Consumer Cyclical,Auto & Truck Dealerships,USA,106390000.0,,12.81,-0.0019,37619.0,Micro,Consumer Cyclical
CURV,Torrid Holdings Inc,Consumer Cyclical,Apparel Retail,USA,159700000.0,,1.61,0.0031,53287.0,Micro,Consumer Cyclical
CVGI,Commercial Vehicle Group Inc,Consumer Cyclical,Auto Parts,USA,187440000.0,,5.17,-0.0153,180044.0,Micro,Consumer Cyclical
DLTH,Duluth Holdings Inc,Consumer Cyclical,Apparel Retail,USA,131350000.0,,3.44,-0.0404,33745.0,Micro,Consumer Cyclical
EMPD,Empery Digital Inc,Consumer Cyclical,Auto Manufacturers,USA,128060000.0,,4.56,0.0192,104334.0,Micro,Consumer Cyclical
ESCA,Escalade Inc,Consumer Cyclical,Leisure,USA,263160000.00000003,17.06,19.06,-0.002,15015.0,Micro,Consumer Cyclical
FFAI,Faraday Future Intelligent Electric Inc,Consumer Cyclical,Auto Manufacturers,USA,102860000.0,,0.34,0.0762,11027181.0,Micro,Consumer Cyclical
FLL,Full House Resorts Inc,Consumer Cyclical,Resorts & Casinos,USA,91210000.0,,2.52,-0.0616,88889.0,Micro,Consumer Cyclical
FLWS,1-800 Flowers.com Inc,Consumer Cyclical,Specialty Retail,USA,296770000.0,,4.63,0.0289,256158.0,Micro,Consumer Cyclical
FOSL,Fossil Group Inc,Consumer Cyclical,Footwear & Accessories,USA,263770000.0,,4.46,-0.0081999999999999,237931.0,Micro,Consumer Cyclical
GENK,GEN Restaurant Group Inc,Consumer Cyclical,Restaurants,USA,67580000.0,,2.05,-0.0237999999999999,1850.0,Micro,Consumer Cyclical
GRWG,GrowGeneration Corp,Consumer Cyclical,Specialty Retail,USA,106060000.0,,1.76,-0.0084,158873.0,Micro,Consumer Cyclical
HBB,Hamilton Beach Brands Holding Co,Consumer Cyclical,"Furnishings, Fixtures & Appliances",USA,279030000.0,9.86,20.6,0.0183,7339.0,Micro,Consumer Cyclical
HCHL,Happy City Holdings Ltd,Consumer Cyclical,Restaurants,USA,77990000.0,,4.06,0.1153999999999999,1571665.0,Micro,Consumer Cyclical
HOFT,Hooker Furnishings Corp,Consumer Cyclical,"Furnishings, Fixtures & Appliances",USA,137840000.0,,12.79,-0.0154,2933.0,Micro,Consumer Cyclical
HOUR,Hour Loop Inc,Consumer Cyclical,Internet Retail,USA,68270000.0,36.4,1.94,0.0486,20230.0,Micro,Consumer Cyclical
INSE,Inspired Entertainment Inc,Consumer Cyclical,Gambling,USA,207540000.0,,7.78,0.021,62458.0,Micro,Consumer Cyclical
INTG,Intergroup Corp,Consumer Cyclical,Lodging,USA,86170000.0,,40.1,-0.0258,23938.0,Micro,Consumer Cyclical
JACK,Jack In The Box Inc,Consumer Cyclical,Restaurants,USA,238230000.0,2.89,12.49,0.0803999999999999,536379.0,Micro,Consumer Cyclical
JAKK,Jakks Pacific Inc,Consumer Cyclical,Leisure,USA,255610000.0,32.47,22.33,-0.0237999999999999,9465.0,Micro,Consumer Cyclical
JILL,J.Jill Inc,Consumer Cyclical,Apparel Retail,USA,191850000.0,7.1,12.87,-0.0294,13514.0,Micro,Consumer Cyclical
KEQU,Kewaunee Scientific Corp,Consumer Cyclical,"Furnishings, Fixtures & Appliances",USA,116430000.0,10.92,40.62,-0.0073,3405.0,Micro,Consumer Cyclical
LAKE,Lakeland Industries Inc,Consumer Cyclical,Apparel Manufacturing,USA,106860000.0,,10.84,-0.0081999999999999,31007.0,Micro,Consumer Cyclical
LCUT,Lifetime Brands Inc,Consumer Cyclical,"Furnishings, Fixtures & Appliances",USA,205690000.0,,9.0,0.0453,158262.0,Micro,Consumer Cyclical
LOVE,Lovesac Company,Consumer Cyclical,"Furnishings, Fixtures & Appliances",USA,231380000.0,56.07,15.66,-0.0282,69065.0,Micro,Consumer Cyclical
LVWR,LiveWire Group Inc,Consumer Cyclical,Auto Manufacturers,USA,294750000.0,,1.44,-0.0403,68848.0,Micro,Consumer Cyclical
MED,Medifast Inc,Consumer Cyclical,Personal Services,USA,144000000.0,,12.95,-0.0152,76459.0,Micro,Consumer Cyclical
MPAA,Motorcar Parts of America Inc,Consumer Cyclical,Auto Parts,USA,212290000.0,118.82,11.05,-0.0187,13647.0,Micro,Consumer Cyclical
MPX,Marine Products Corp,Consumer Cyclical,Recreational Vehicles,USA,280000000.0,42.47,8.18,0.0,0.0,Micro,Consumer Cyclical
NDLS,Noodles & Company,Consumer Cyclical,Restaurants,USA,68820000.0,,11.68,0.0174,17607.0,Micro,Consumer Cyclical
NOMA,Nomadar Corp,Consumer Cyclical,Leisure,USA,60490000.0,,3.48,-0.0518,1702.0,Micro,Consumer Cyclical
NXB,NextBoat Inc,Consumer Cyclical,Auto & Truck Dealerships,USA,59320000.0,,2.43,-0.0525,96841.0,Micro,Consumer Cyclical
ONEW,Onewater Marine Inc,Consumer Cyclical,Specialty Retail,USA,184810000.0,,11.12,-0.0202,38321.0,Micro,Consumer Cyclical
PLBY,Playboy Inc,Consumer Cyclical,Leisure,USA,160610000.0,,1.38,0.0036,363594.0,Micro,Consumer Cyclical
PLCE,Childrens Place Inc,Consumer Cyclical,Apparel Manufacturing,USA,92180000.0,,4.15,-0.046,7864493.0,Micro,Consumer Cyclical
PUSA,Aureus Greenway Holdings Inc,Consumer Cyclical,Leisure,USA,87280000.0,,4.04,-0.0648,2602759.0,Micro,Consumer Cyclical
RCKY,Rocky Brands Inc,Consumer Cyclical,Footwear & Accessories,USA,289550000.0,15.6,38.4,-0.0060999999999999,10413.0,Micro,Consumer Cyclical
RENT,Rent the Runway Inc,Consumer Cyclical,Apparel Retail,USA,132600000.0,2.16,3.96,-0.0125,24669.0,Micro,Consumer Cyclical
RGS,Regis Corp,Consumer Cyclical,Personal Services,USA,70890000.0,0.64,28.37,-0.0268,1088.0,Micro,Consumer Cyclical
RICK,RCI Hospitality Holdings Inc,Consumer Cyclical,Restaurants,USA,200120000.0,,26.16,0.0371,100768.0,Micro,Consumer Cyclical
ROLR,High Roller Technologies Inc,Consumer Cyclical,Gambling,USA,60330000.0,11.86,5.5,0.011,132499.0,Micro,Consumer Cyclical
RRGB,Red Robin Gourmet Burgers Inc,Consumer Cyclical,Restaurants,USA,94250000.0,,5.09,0.0593,373082.0,Micro,Consumer Cyclical
SEV,Aptera Motors Corp,Consumer Cyclical,Auto Manufacturers,USA,84850000.0,,2.32,-0.0550999999999999,156066.0,Micro,Consumer Cyclical
SGC,SuperiorGroup of Companies Inc,Consumer Cyclical,Apparel Manufacturing,USA,202380000.0,22.69,12.94,-0.023,18694.0,Micro,Consumer Cyclical
SPWH,Sportsman's Warehouse Holdings Inc,Consumer Cyclical,Specialty Retail,USA,51810000.0,,1.33,-0.0075,137486.0,Micro,Consumer Cyclical
SRI,Stoneridge Inc,Consumer Cyclical,Auto Parts,USA,215440000.0,,7.63,-0.0243,53488.0,Micro,Consumer Cyclical
STKS,ONE Group Hospitality Inc,Consumer Cyclical,Restaurants,USA,62810000.0,,1.99,-0.0149,2762.0,Micro,Consumer Cyclical
SYPR,Sypris Solutions Inc,Consumer Cyclical,Auto Parts,USA,77320000.0,,3.36,-0.0562,164314.0,Micro,Consumer Cyclical
TLYS,Tillys Inc,Consumer Cyclical,Apparel Retail,USA,103740000.0,,4.47,-0.0208,75203.0,Micro,Consumer Cyclical
UFI,UNIFI Inc,Consumer Cyclical,Textile Manufacturing,USA,73790000.0,,3.97,-0.0222,11676.0,Micro,Consumer Cyclical
VENU,Venu Holding Corp,Consumer Cyclical,Restaurants,USA,225250000.0,,3.77,-0.0233,210482.0,Micro,Consumer Cyclical
VIRC,Virco Manufacturing Corp,Consumer Cyclical,"Furnishings, Fixtures & Appliances",USA,94540000.0,36.71,6.01,-0.0098999999999999,5982.0,Micro,Consumer Cyclical
VNCE,Vince Holding Corp,Consumer Cyclical,Apparel Manufacturing,USA,57550000.0,9.22,4.48,0.0419,66463.0,Micro,Consumer Cyclical
VRA,Vera Bradley Inc,Consumer Cyclical,Footwear & Accessories,USA,94130000.0,,3.31,-0.0322,37531.0,Micro,Consumer Cyclical
XPOF,Xponential Fitness Inc,Consumer Cyclical,Leisure,USA,252560000.0,,5.68,-0.0241,231754.0,Micro,Consumer Cyclical
ACU,Acme United Corp,Consumer Defensive,Household & Personal Products,USA,160950000.0,18.27,42.24,-0.0042,3428.0,Micro,Consumer Defensive
AMSS,AMASS Brands Inc,Consumer Defensive,Beverages - Wineries & Distilleries,USA,61020000.0,,4.09,-0.037,337984.0,Micro,Consumer Defensive
BOF,BranchOut Food Inc,Consumer Defensive,Packaged Foods,USA,54070000.0,,3.53,0.0232,13493.0,Micro,Consumer Defensive
BRID,Bridgford Foods Corp,Consumer Defensive,Packaged Foods,USA,69710000.0,,7.68,0.0172,2622.0,Micro,Consumer Defensive
BUDA,Buda Juice Inc,Consumer Defensive,Beverages - Non-Alcoholic,USA,102070000.0,,8.12,-0.0447,4644.0,Micro,Consumer Defensive
CHGG,Chegg Inc,Consumer Defensive,Education & Training Services,USA,149960000.0,,1.34,-0.1071,1551582.0,Micro,Consumer Defensive
DDC,DDC Enterprise Ltd,Consumer Defensive,Packaged Foods,USA,65360000.0,,1.42,-0.0069999999999999,65457.0,Micro,Consumer Defensive
DIT,Amcon Distributing Company,Consumer Defensive,Food Distribution,USA,76110000.0,175.33,80.25,-0.02,266.0,Micro,Consumer Defensive
FC,Franklin Covey Co,Consumer Defensive,Education & Training Services,USA,271210000.0,,24.06,0.0017,19440.0,Micro,Consumer Defensive
FTLF,FitLife Brands Inc,Consumer Defensive,Packaged Foods,USA,97010000.0,17.12,10.33,-0.0199,7594.0,Micro,Consumer Defensive
GROV,Grove Collaborative Holdings Inc,Consumer Defensive,Household & Personal Products,USA,50430000.0,,1.2,-0.0083,23163.0,Micro,Consumer Defensive
HAIN,Hain Celestial Group Inc,Consumer Defensive,Packaged Foods,USA,71170000.0,,0.79,0.0469,884329.0,Micro,Consumer Defensive
HFFG,HF Foods Group Inc,Consumer Defensive,Food Distribution,USA,106690000.0,,2.0,-0.0172,27532.0,Micro,Consumer Defensive
ISPR,Ispire Technology Inc,Consumer Defensive,Tobacco,USA,105900000.0,,1.85,0.0306999999999999,48658.0,Micro,Consumer Defensive
LFVN,Lifevantage Corp,Consumer Defensive,Packaged Foods,USA,101300000.0,18.05,8.03,0.0469,304770.0,Micro,Consumer Defensive
LGCY,Legacy Education Inc,Consumer Defensive,Education & Training Services,USA,141570000.0,18.33,11.19,-0.0062,41313.0,Micro,Consumer Defensive
LMNR,Limoneira Co,Consumer Defensive,Farm Products,USA,233400000.0,,12.89,0.0039,143389.0,Micro,Consumer Defensive
NUS,Nu Skin Enterprises Inc,Consumer Defensive,Household & Personal Products,USA,285370000.0,5.37,5.88,-0.0204,215805.0,Micro,Consumer Defensive
RYM,RYTHM Inc,Consumer Defensive,Tobacco,USA,53820000.0,,25.04,-0.0161,5863.0,Micro,Consumer Defensive
SKIL,Skillsoft Corp,Consumer Defensive,Education & Training Services,USA,67170000.0,,7.5,0.0093999999999999,20588.0,Micro,Consumer Defensive
SKIN,SkinHealth Systems Inc,Consumer Defensive,Household & Personal Products,USA,100280000.0,,0.77,-0.015,310700.0,Micro,Consumer Defensive
SLSN,Solesence Inc,Consumer Defensive,Household & Personal Products,USA,89700000.0,104.1,1.27,-0.0379,24859.0,Micro,Consumer Defensive
SRXH,SRX Health Solutions Inc,Consumer Defensive,Packaged Foods,USA,66989999.99999999,0.05,0.11,-0.0216,30621378.0,Micro,Consumer Defensive
VFF,Village Farms International Inc,Consumer Defensive,Farm Products,USA,292000000.0,7.03,2.56,-0.0097,216676.0,Micro,Consumer Defensive
VHUB,Venhub Global Inc,Consumer Defensive,Grocery Stores,USA,148860000.0,,1.75,0.1076,311301.0,Micro,Consumer Defensive
WALD,Waldencast plc,Consumer Defensive,Household & Personal Products,USA,159040000.0,,1.24,-0.0882,136001.0,Micro,Consumer Defensive
ZVIA,Zevia PBC,Consumer Defensive,Beverages - Non-Alcoholic,USA,113550000.0,,1.48,-0.0723,533949.0,Micro,Consumer Defensive
AMPY,Amplify Energy Corp,Energy,Oil & Gas E&P,USA,191350000.0,20.25,4.63,-0.0097,264218.0,Micro,Energy
ANNA,AleAnna Inc,Energy,Oil & Gas E&P,USA,202030000.0,20.86,3.02,-0.0538,453478.0,Micro,Energy
CRT,Cross Timbers Royalty Trust,Energy,Oil & Gas E&P,USA,62910000.0,19.6,10.48,-0.021,17539.0,Micro,Energy
DTI,Drilling Tools International Corp,Energy,Oil & Gas Equipment & Services,USA,98800000.0,,2.81,0.0006,72916.0,Micro,Energy
DWSN,Dawson Geophysical Company,Energy,Oil & Gas Equipment & Services,USA,117690000.0,25.0,3.79,0.0107,19459.0,Micro,Energy
EP,Empire Petroleum Corp,Energy,Oil & Gas E&P,USA,100680000.0,,2.53,-0.0833,27226.0,Micro,Energy
EPM,Evolution Petroleum Corp,Energy,Oil & Gas E&P,USA,152210000.0,,4.24,-0.004,141804.0,Micro,Energy
EPSN,Epsilon Energy Ltd,Energy,Oil & Gas E&P,USA,172870000.0,,5.72,-0.0197,56517.0,Micro,Energy
GEOS,Geospace Technologies Corp,Energy,Oil & Gas Equipment & Services,USA,107690000.0,,8.32,-0.042,54220.0,Micro,Energy
GLND,Greenland Energy Co,Energy,Oil & Gas E&P,USA,140370000.0,49.38,3.21,0.019,479292.0,Micro,Energy
KGEI,Kolibri Global Energy Inc,Energy,Oil & Gas E&P,USA,179030000.0,13.22,5.05,-0.0332,98642.0,Micro,Energy
KLXE,KLX Energy Services Holdings Inc,Energy,Oil & Gas Equipment & Services,USA,55560000.0,,2.79,0.0072,236055.0,Micro,Energy
MMLP,Martin Midstream Partners LP,Energy,Oil & Gas Midstream,USA,96050000.0,,2.45,0.0,61798.0,Micro,Energy
NCSM,NCS Multistage Holdings Inc,Energy,Oil & Gas Equipment & Services,USA,112080000.0,6.18,42.71,-0.0105,6179.0,Micro,Energy
NFE,New Fortress Energy Inc,Energy,Oil & Gas Midstream,USA,167160000.0,,0.59,-0.0173,5390427.0,Micro,Energy
NRT,North European Oil Royalty Trust,Energy,Oil & Gas E&P,USA,73530000.0,7.66,8.0,-0.0148,38018.0,Micro,Energy
PED,PEDEVCO Corp,Energy,Oil & Gas E&P,USA,175980000.0,,13.23,-0.0097,5937.0,Micro,Energy
PNRG,PrimeEnergy Resources Corp,Energy,Oil & Gas E&P,USA,262800000.0,18.13,162.42,-0.0823,88855.0,Micro,Energy
PROP,Prairie Operating Co,Energy,Oil & Gas E&P,USA,85960000.0,,0.88,-0.0378,1265193.0,Micro,Energy
PVL,Permianville Royalty Trust,Energy,Oil & Gas E&P,USA,62910000.0,12.74,1.91,-0.0019,26533.0,Micro,Energy
REI,Ring Energy Inc,Energy,Oil & Gas E&P,USA,272230000.0,,1.3,-0.0226,1982897.0,Micro,Energy
SJT,San Juan Basin Royalty Trust,Energy,Oil & Gas E&P,USA,179910000.0,,3.86,-0.0302,290263.0,Micro,Energy
SLNG,Stabilis Solutions Inc,Energy,Oil & Gas Integrated,USA,70480000.0,,3.79,-0.0207,15284.0,Micro,Energy
SND,Smart Sand Inc,Energy,Oil & Gas Equipment & Services,USA,186340000.0,7.86,4.34,-0.0657,198375.0,Micro,Energy
USEG,U.S. Energy Corp,Energy,Oil & Gas E&P,USA,52850000.0,,1.01,-0.0098,344794.0,Micro,Energy
AACB,Artius II Acquisition Inc,Financial,Shell Companies,USA,289480000.0,53.12,10.46,0.0019,1173.0,Micro,Financial
AACPU,Apogee Acquisition Corp,Financial,Shell Companies,USA,180750000.0,,10.2,0.0,1600.0,Micro,Financial
ACGCU,ACP Holdings Acquisition Corp,Financial,Shell Companies,USA,220570000.0,,10.05,-0.001,100.0,Micro,Financial
ACV,Virtus Diversified Income & Convertible Fund,Financial,Closed-End Fund - Equity,USA,293060000.0,5.48,28.19,0.0032,24471.0,Micro,Financial
ADAC,American Drive Acquisition Co,Financial,Shell Companies,USA,286830000.0,,9.98,0.0017,18382.0,Micro,Financial
AFBI,Affinity Bancshares Inc,Financial,Banks - Regional,USA,137010000.0,16.31,22.48,-0.0004,1795.0,Micro,Financial
AFCG,Advanced Flower Capital Inc,Financial,Asset Management,USA,88500000.0,,3.76,0.003,99019.0,Micro,Financial
AFJK,Aimei Health Technology Co Ltd,Financial,Shell Companies,USA,135400000.0,242.82,42.76,0.0299,405.0,Micro,Financial
AIIA,AI Infrastructure Acquisition Corp,Financial,Shell Companies,USA,195980000.0,90.88,10.16,0.001,1384.0,Micro,Financial
ALIS,Calisa Acquisition Corp,Financial,Shell Companies,USA,84950000.0,,10.08,-0.0019,15000.0,Micro,Financial
AMAN,Amanat Acquisition Corp,Financial,Shell Companies,USA,98250000.0,,10.15,0.0015,12050.0,Micro,Financial
APAC,StoneBridge Acquisition II Corp,Financial,Shell Companies,USA,81550000.0,118.48,10.13,0.0,0.0,Micro,Financial
APURU,Aperture AC,Financial,Shell Companies,USA,92950000.0,,10.01,0.0005,600.0,Micro,Financial
ARCLU,ARC Group Acquisition I Corp,Financial,Shell Companies,USA,125330000.0,,10.21,0.0079,3001.0,Micro,Financial
ASRV,Ameriserv Financial Inc,Financial,Banks - Regional,USA,63270000.0,11.3,3.73,-0.021,2166.0,Micro,Financial
ATLO,Ames National Corp,Financial,Banks - Regional,USA,254830000.0,11.86,28.77,0.0007,26255.0,Micro,Financial
AUBN,Auburn National Bancorp Inc,Financial,Banks - Regional,USA,87340000.0,11.03,25.0,-0.006,824.0,Micro,Financial
AUC,ATIF Holdings Ltd,Financial,Capital Markets,USA,78080000.0,,7.57,-0.0537,895.0,Micro,Financial
BACC,Blue Acquisition Corp,Financial,Shell Companies,USA,291650000.0,78.66,10.43,0.0038,1402.0,Micro,Financial
BANX,ArrowMark Financial Corp,Financial,Closed-End Fund - Debt,USA,191340000.0,8.0,19.76,-0.0048,44220.0,Micro,Financial
BCBP,BCB Bancorp Inc (NJ),Financial,Banks - Regional,USA,179360000.0,,10.33,0.0049,19906.0,Micro,Financial
BCIC,BCP Investment Corp,Financial,Asset Management,USA,93510000.0,,7.55,-0.0072,51072.0,Micro,Financial
BCV,Bancroft Fund Ltd,Financial,Closed-End Fund - Debt,USA,153950000.0,3.59,26.44,0.0049,8814.0,Micro,Financial
BENF,Beneficient,Financial,Asset Management,USA,52840000.0,,3.72,-0.0217,30878.0,Micro,Financial
BGH,Barings Global Short Duration High Yield Fund,Financial,Closed-End Fund - Debt,USA,284600000.0,14.17,14.17,0.0051,63026.0,Micro,Financial
BGX,Blackstone Long-Short Credit Income Fund,Financial,Closed-End Fund - Debt,USA,138770000.0,15.6,10.92,0.0,37411.0,Micro,Financial
BHAV,Bhav Acquisition Corp,Financial,Shell Companies,USA,139600000.0,,9.95,0.003,108.0,Micro,Financial
BKT,BlackRock Income Trust Inc,Financial,Closed-End Fund - Debt,USA,256320000.0,11.11,10.55,0.003,233307.0,Micro,Financial
BLRK,Bluerock Acquisition Corp,Financial,Shell Companies,USA,173530000.0,,9.97,0.001,11132.0,Micro,Financial
BMN,BlackRock 2037 Municipal Target Term Trust,Financial,Closed-End Fund - Debt,USA,159410000.0,22.16,25.93,0.0149,8291.0,Micro,Financial
BOTJ,Bank of the James Financial Group Inc,Financial,Banks - Regional,USA,104790000.0,9.57,23.07,0.009,10774.0,Micro,Financial
BPAC,Blueport Acquisition Ltd,Financial,Shell Companies,USA,74510000.0,554.4,10.09,0.001,16.0,Micro,Financial
BPRN,Princeton Bancorp Inc,Financial,Banks - Regional,USA,248600000.0,12.75,36.5,0.0083,1489.0,Micro,Financial
BRBS,Blue Ridge Bankshares Inc (VA),Financial,Banks - Regional,USA,298060000.0,27.13,3.32,0.0076,116210.0,Micro,Financial
BREZU,Breeze Acquisition Corp II,Financial,Shell Companies,USA,145280000.0,,10.04,0.002,50321.0,Micro,Financial
BRKHU,Burtech Acquisition Corp II,Financial,Shell Companies,USA,100000000.0,,10.0,0.001,44311.0,Micro,Financial
BRR,ProCap Financial Inc,Financial,Capital Markets,USA,198360000.0,,2.19,-0.0395,1057428.0,Micro,Financial
BRW,Saba Capital Income & Opportunities Fund,Financial,Closed-End Fund - Equity,USA,294730000.0,5.33,6.93,0.0191,137321.0,Micro,Financial
BSBK,Bogota Financial Corp,Financial,Banks - Regional,USA,108240000.0,51.44,8.42,0.0012,4170.0,Micro,Financial
BSL,Blackstone Senior Floating Rate 2027 Term Fund,Financial,Closed-End Fund - Debt,USA,168870000.0,22.75,12.97,0.0,48730.0,Micro,Financial
BTCS,BTCS Inc,Financial,Capital Markets,USA,78650000.0,,1.58,0.0128,321253.0,Micro,Financial
BVFL,BV Financial Inc,Financial,Banks - Regional,USA,170410000.0,14.18,19.68,-0.0116,3784.0,Micro,Financial
BWG,BrandywineGLOBAL - Global Income Opportunities Fund Inc,Financial,Closed-End Fund - Debt,USA,134330000.0,8.7,8.0,0.0076,57906.0,Micro,Financial
BWIV,Blue Water Acquisition Corp IV,Financial,Shell Companies,USA,180470000.0,,9.9,-0.0015,585.0,Micro,Financial
BYFC,Broadway Financial Corp,Financial,Banks - Regional,USA,89020000.0,,9.6,0.01,1033.0,Micro,Financial
CAF,Morgan Stanley China A Share Fund Inc,Financial,Closed-End Fund - Foreign,USA,270830000.0,4.85,20.13,0.009,34720.0,Micro,Financial
CAIIU,Collective Acquisition Corp II,Financial,Shell Companies,USA,219490000.0,,9.98,0.0007,16021.0,Micro,Financial
CAPN,Cayson Acquisition Corp,Financial,Shell Companies,USA,58170000.0,57.65,11.0,0.0,0.0,Micro,Financial
CAQ,Cambridge Acquisition Corp,Financial,Shell Companies,USA,248140000.0,,9.89,0.001,11616.0,Micro,Financial
CBFV,CB Financial Services Inc,Financial,Banks - Regional,USA,182560000.0,29.52,35.99,0.0053,1999.0,Micro,Financial
CBNA,Chain Bridge Bancorp Inc,Financial,Banks - Regional,USA,240420000.0,11.02,36.43,-0.0016,384.0,Micro,Financial
CCAQ,Collective Acquisition Corp,Financial,Shell Companies,USA,210630000.0,51.23,10.41,0.0029,12.0,Micro,Financial
CCIF,Carlyle Credit Income Fund,Financial,Closed-End Fund - Debt,USA,66780000.0,,3.15,0.0064,132932.0,Micro,Financial
CEE,Central and Eastern Europe Fund Inc,Financial,Closed-End Fund - Foreign,USA,137710000.0,3.86,21.12,-0.008,1686.0,Micro,Financial
CEPO,Cantor Equity Partners I Inc,Financial,Shell Companies,USA,270170000.0,,10.6,-0.0005,6496.0,Micro,Financial
CEPS,Cantor Equity Partners VI Inc,Financial,Shell Companies,USA,150320000.0,,10.24,0.0029,92462.0,Micro,Financial
CEV,Eaton Vance California Municipal Income Trust,Financial,Closed-End Fund - Debt,USA,72240000.0,,10.27,0.001,36013.0,Micro,Financial
CFBK,CF Bankshares Inc,Financial,Banks - Regional,USA,187670000.0,10.39,28.83,0.0044,43025.0,Micro,Financial
CFFI,C & F Financial Corp,Financial,Banks - Regional,USA,243620000.0,8.6,74.86,0.005,901.0,Micro,Financial
CGO,Calamos Global Total Return Fund,Financial,Closed-End Fund - Equity,USA,137980000.0,6.19,14.04,0.005,22499.0,Micro,Financial
CHAR,Charlton Aria Acquisition Corp,Financial,Shell Companies,USA,118200000.0,39.63,10.78,0.0033,7.0,Micro,Financial
CHPG,ChampionsGate Acquisition Corp,Financial,Shell Companies,USA,103370000.0,55.38,10.34,-0.0019,20021.0,Micro,Financial
CIA,Citizens Inc,Financial,Insurance - Life,USA,268940000.0,14.78,5.32,0.0210999999999999,28295.0,Micro,Financial
CIK,Credit Suisse Asset Management Income Fund Inc,Financial,Closed-End Fund - Debt,USA,139620000.0,18.18,2.55,0.002,466577.0,Micro,Financial
CLST,Catalyst Bancorp Inc,Financial,Banks - Regional,USA,64510000.00000001,29.44,15.92,0.0,11.0,Micro,Financial
CMTV,Community Bancorp Inc Vermont,Financial,Banks - Regional,USA,203970000.0,11.51,36.48,-0.043,17221.0,Micro,Financial
CMU,MFS High Yield Municipal Trust,Financial,Closed-End Fund - Debt,USA,84640000.0,,3.32,0.003,126642.0,Micro,Financial
CPBI,Central Plains Bancshares Inc,Financial,Banks - Regional,USA,77290000.0,18.08,18.38,0.0003,489.0,Micro,Financial
CPSS,Consumer Portfolio Service Inc,Financial,Credit Services,USA,213510000.0,11.64,9.84,0.0,986.0,Micro,Financial
CPZ,Calamos Long/Short Equity & Dynamic Income Trust,Financial,Closed-End Fund - Equity,USA,255410000.0,13.14,13.01,0.0062,29638.0,Micro,Financial
CTAA,ClearThink 1 Acquisition Corp,Financial,Shell Companies,USA,171140000.0,,9.92,-0.0001,10003.0,Micro,Financial
CXE,MFS High Income Municipal Trust,Financial,Closed-End Fund - Debt,USA,115230000.0,365.5,3.65,0.0014,153188.0,Micro,Financial
CXH,MFS Investment Grade Municipal Trust,Financial,Closed-End Fund - Debt,USA,62770000.0,382.75,7.66,0.0059,13707.0,Micro,Financial
CZWI,Citizens Community Bancorp Inc MD,Financial,Banks - Regional,USA,198770000.0,13.49,20.61,-0.001,12269.0,Micro,Financial
DAAQ,Digital Asset Acquisition Corp,Financial,Shell Companies,USA,237240000.0,44.44,10.31,-0.0005,10405.0,Micro,Financial
DBL,DoubleLine Opportunistic Credit Fund,Financial,Closed-End Fund - Debt,USA,285090000.0,13.35,14.42,0.0034999999999999,23573.0,Micro,Financial
DFDV,DeFi Development Corp,Financial,Asset Management,USA,115350000.0,,3.83,-0.0204999999999999,829175.0,Micro,Financial
DGAC-U,Disciplined Growth Acquisition Corp,Financial,Shell Companies,USA,149930000.0,,9.99,0.0005,80860.0,Micro,Financial
DHF,BNY Mellon High Yield Strategies Fund,Financial,Closed-End Fund - Debt,USA,178200000.0,11.67,2.45,0.0081999999999999,92235.0,Micro,Financial
DHY,Credit Suisse High Yield Credit Fund,Financial,Closed-End Fund - Debt,USA,241760000.0,14.58,1.75,-0.0056999999999999,551369.0,Micro,Financial
DMA,Destra Multi-Alternative Fund,Financial,Closed-End Fund - Equity,USA,64540000.00000001,,7.2,0.0069999999999999,18361.0,Micro,Financial
DMAA,Drugs Made In America Acquisition Corp,Financial,Shell Companies,USA,257340000.0,53.48,10.6,0.0,178.0,Micro,Financial
DMB,BNY Mellon Municipal Bond Infrastructure Fund Inc,Financial,Closed-End Fund - Debt,USA,202010000.0,35.4,10.98,0.0005,26847.0,Micro,Financial
DMO,Western Asset Mortgage Opportunity Fund Inc,Financial,Closed-End Fund - Debt,USA,125700000.0,9.17,11.0,-0.0018,36007.0,Micro,Financial
DNMX,Dynamix Corp III,Financial,Shell Companies,USA,268870000.0,135.22,10.02,0.0,300.0,Micro,Financial
DOMH,Dominari Holdings Inc,Financial,Capital Markets,USA,83900000.0,,3.71,0.0754,258811.0,Micro,Financial
DTCX,Datacentrex Inc,Financial,Financial Data & Stock Exchanges,USA,85910000.0,,2.21,0.0231,398105.0,Micro,Financial
DTF,DTF Tax-Free Income 2028 Term Fund Inc,Financial,Closed-End Fund - Debt,USA,81050000.0,34.94,11.53,0.0034999999999999,2164.0,Micro,Financial
DYNC,Dynamix Corp,Financial,Shell Companies,USA,238820000.0,,10.79,0.0,35759.0,Micro,Financial
DYOR,Insight Digital Partners II,Financial,Shell Companies,USA,230920000.0,,10.04,-0.001,377.0,Micro,Financial
EARN,Ellington Credit Co,Financial,Asset Management,USA,176810000.0,,4.7,-0.0437,608695.0,Micro,Financial
EBMT,Eagle Bancorp Montana Inc,Financial,Banks - Regional,USA,177630000.0,11.2,22.3,-0.0009,26807.0,Micro,Financial
ECBK,ECB Bancorp Inc,Financial,Banks - Regional,USA,163660000.0,16.15,18.69,0.0216,3394.0,Micro,Financial
ECF,Ellsworth Growth and Income Fund Ltd,Financial,Closed-End Fund - Equity,USA,184140000.0,3.76,13.47,0.0052,24759.0,Micro,Financial
EDF,Virtus Stone Harbor Emerging Markets Income Fund,Financial,Closed-End Fund - Foreign,USA,172690000.0,6.11,5.38,-0.0079,79629.0,Micro,Financial
EEA,European Equity Fund Inc,Financial,Closed-End Fund - Foreign,USA,73390000.0,3.99,10.76,0.0065,3932.0,Micro,Financial
EFSI,Eagle Financial Services Inc,Financial,Banks - Regional,USA,213790000.0,11.24,39.5,-0.0013,13549.0,Micro,Financial
EFT,Eaton Vance Floating-Rate Income Trust,Financial,Closed-End Fund - Debt,USA,290230000.0,22.75,10.92,0.0009,59796.0,Micro,Financial
EGHA,EGH Acquisition Corp,Financial,Shell Companies,USA,212180000.0,47.7,10.35,0.001,26019.0,Micro,Financial
EHI,Western Asset Global High Income Fund Inc,Financial,Closed-End Fund - Debt,USA,182100000.0,11.34,6.01,0.005,79854.0,Micro,Financial
EHTH,eHealth Inc,Financial,Insurance Brokers,USA,50310000.0,,1.59,-0.0031,282530.0,Micro,Financial
EIC,Eagle Point Income Company Inc,Financial,Closed-End Fund - Debt,USA,247260000.0,,10.73,0.0019,53311.0,Micro,Financial
EOD,Allspring Global Dividend Opportunity Fund,Financial,Closed-End Fund - Equity,USA,285100000.0,4.7,6.62,0.0091,111030.0,Micro,Financial
EOT,Eaton Vance National Municipal Opportunities Trust,Financial,Closed-End Fund - Debt,USA,267650000.0,,17.13,-0.0017,24531.0,Micro,Financial
ERC,Allspring Multi-Sector Income Fund,Financial,Closed-End Fund - Debt,USA,255850000.0,9.5,9.12,0.0044,66410.0,Micro,Financial
ERH,Allspring Utilities and High Income Fund,Financial,Closed-End Fund - Equity,USA,105540000.0,4.76,11.95,-0.0008,21825.0,Micro,Financial
ETSS-U,Energy Transition Special Opportunities,Financial,Shell Companies,USA,150000000.0,,10.0,0.002,3.0,Micro,Financial
ETX,Eaton Vance Municipal Income 2028 Term Trust,Financial,Closed-End Fund - Debt,USA,207020000.0,24.36,19.0,-0.0052,10184.0,Micro,Financial
EVF,Eaton Vance Senior Income Trust,Financial,Closed-End Fund - Debt,USA,90580000.0,24.93,4.99,0.001,24673.0,Micro,Financial
EVG,Eaton Vance Short Duration Diversified Income Fund,Financial,Closed-End Fund - Debt,USA,145600000.0,9.84,10.82,0.0056,33739.0,Micro,Financial
FACT,FACT II Acquisition Corp,Financial,Shell Companies,USA,259260000.0,56.31,10.66,-0.0019,636.0,Micro,Financial
FBLA,FB Bancorp Inc,Financial,Banks - Regional,USA,227230000.0,402.87,14.06,-0.005,19246.0,Micro,Financial
FCAP,First Capital Inc,Financial,Banks - Regional,USA,207420000.0,11.88,62.0,0.0015,1096.0,Micro,Financial
FCCO,First Community Corp,Financial,Banks - Regional,USA,282880000.0,11.85,30.1,0.0017,83961.0,Micro,Financial
FCT,First Trust Senior Floting Rate Income Fund II,Financial,Closed-End Fund - Debt,USA,251780000.0,14.91,9.69,0.0011,106976.0,Micro,Financial
FDBC,Fidelity D&D Bancorp Inc,Financial,Banks - Regional,USA,272200000.0,9.17,46.89,0.0154,1827.0,Micro,Financial
FDSB,Fifth District Bancorp Inc,Financial,Banks - Regional,USA,79730000.0,17.73,15.15,0.0023,4113.0,Micro,Financial
FGBI,First Guaranty Bancshares Inc,Financial,Banks - Regional,USA,166280000.0,,10.1,0.001,10562.0,Micro,Financial
FGMC,FG Merger II Corp,Financial,Shell Companies,USA,106670000.0,77.43,10.36,0.0029,117211.0,Micro,Financial
FGNX,FG Nexus Inc,Financial,Asset Management,USA,53600000.0,2.29,8.56,0.0974,145957.0,Micro,Financial
FIGX,FIGX Capital Acquisition Corp,Financial,Shell Companies,USA,198120000.0,52.9,10.23,0.0,18.0,Micro,Financial
FINW,FinWise Bancorp,Financial,Banks - Regional,USA,199970000.0,13.2,14.59,0.0246,11065.0,Micro,Financial
FLC,Flaherty & Crumrine Total Return Fund Inc,Financial,Closed-End Fund - Debt,USA,177360000.0,11.01,16.96,-0.0005,9970.0,Micro,Financial
FLD,Fold Holdings Inc,Financial,Capital Markets,USA,51800000.0,,1.02,0.0237999999999999,74954.0,Micro,Financial
FMAC,Future Money Acquisition Corp,Financial,Shell Companies,USA,158420000.0,,9.97,0.0,0.0,Micro,Financial
FMN,Federated Hermes Premier Municipal Income Fund,Financial,Closed-End Fund - Debt,USA,88510000.0,94.33,11.32,0.0062,4559.0,Micro,Financial
FNRN,First Northern Community Bancorp,Financial,Banks - Regional,USA,282000000.0,12.32,17.19,-0.0007,71608.0,Micro,Financial
FNWB,First Northwest Bancorp,Financial,Banks - Regional,USA,95940000.0,18.34,10.1,0.0359,13686.0,Micro,Financial
FNWD,Finward Bancorp,Financial,Banks - Regional,USA,141020000.0,14.18,32.57,-0.0124,2960.0,Micro,Financial
FRAF,Franklin Financial Services Corp,Financial,Banks - Regional,USA,265450000.0,11.06,59.08,0.0103,4161.0,Micro,Financial
FSEA,First Seacoast Bancorp Inc,Financial,Banks - Regional,USA,78490000.0,,16.73,0.0,3667.0,Micro,Financial
FSHP,Flag Ship Acquisition Corp,Financial,Shell Companies,USA,55430000.0,44.44,11.03,0.0055,59.0,Micro,Financial
FT,Franklin Universal Trust,Financial,Closed-End Fund - Debt,USA,201610000.0,6.17,8.02,-0.0022,41960.0,Micro,Financial
FTF,Franklin Limited Duration Income Trust,Financial,Closed-End Fund - Debt,USA,237380000.0,13.99,5.88,-0.0009,139179.0,Micro,Financial
FUNC,First United Corp,Financial,Banks - Regional,USA,254030000.0,10.1,39.4,0.0104,4182.0,Micro,Financial
FUSB,First US Bancshares Inc,Financial,Banks - Regional,USA,88240000.0,15.31,15.85,0.0063,22000.0,Micro,Financial
FVCB,FVCBankcorp Inc,Financial,Banks - Regional,USA,284890000.0,12.36,15.83,0.0044,52648.0,Micro,Financial
FXACU,FortuneX Acquisition Corp,Financial,Shell Companies,USA,109670000.0,,9.99,0.0,0.0,Micro,Financial
FXNC,"First National Corp (Strasburg, VA)",Financial,Banks - Regional,USA,253280000.0,12.05,28.01,-0.0009,34945.0,Micro,Financial
GCV,Gabelli Convertible and Income Securities Fund Inc,Financial,Closed-End Fund - Equity,USA,93530000.0,4.32,4.66,0.0054,84525.0,Micro,Financial
GDL,GDL Fund,Financial,Closed-End Fund - Equity,USA,92890000.0,12.14,8.5,0.0024,3932.0,Micro,Financial
GDO,Western Asset Global Corporate Defined Opportunity Fund Inc,Financial,Closed-End Fund - Debt,USA,81280000.0,8.86,10.81,0.0,15131.0,Micro,Financial
GECC,Great Elm Capital Corp,Financial,Asset Management,USA,86410000.0,,6.22,0.0419,106943.0,Micro,Financial
GEG,Great Elm Group Inc,Financial,Asset Management,USA,67730000.0,,2.16,0.0,20490.0,Micro,Financial
GF,New Germany Fund Inc,Financial,Closed-End Fund - Foreign,USA,197600000.0,3.55,12.17,0.0028,6840.0,Micro,Financial
GGT,Gabelli Multimedia Trust Inc,Financial,Closed-End Fund - Equity,USA,181660000.0,3.48,4.34,0.0058,130411.0,Micro,Financial
GGZ,Gabelli Global Small and Mid Cap Value Trust,Financial,Closed-End Fund - Equity,USA,120910000.0,5.33,15.82,0.0064,1612.0,Micro,Financial
GHI,Greystone Housing Impact Investors LP,Financial,Mortgage Finance,USA,122390000.0,,5.26,0.0038,49101.0,Micro,Financial
GIG,Hadron Energy Inc,Financial,Shell Companies,USA,60200000.0,62.7,5.16,0.0,0.0,Micro,Financial
GLED,GalaxyEdge Acquisition Corp,Financial,Shell Companies,USA,158560000.0,,9.92,0.0003,200.0,Micro,Financial
GLO,Clough Global Opportunities Fund,Financial,Closed-End Fund - Equity,USA,257450000.0,5.37,6.02,0.0,96177.0,Micro,Financial
GLQ,Clough Global Equity Fund,Financial,Closed-End Fund - Equity,USA,161800000.0,4.64,8.64,0.0017,82394.0,Micro,Financial
GLU,Gabelli Global Utility & Income Trust,Financial,Closed-End Fund - Equity,USA,116330000.0,3.88,19.42,-0.0044,3522.0,Micro,Financial
GLV,Clough Global Dividend and Income Fund,Financial,Closed-End Fund - Equity,USA,79550000.0,6.28,6.41,0.011,54752.0,Micro,Financial
GNT,"GAMCO Natural Resources, Gold & Income Trust",Financial,Closed-End Fund - Equity,USA,131750000.0,2.82,8.14,0.0025,24087.0,Micro,Financial
GPAC,General Purpose Acquisition Corp,Financial,Shell Companies,USA,293510000.0,,9.98,0.0,6611.0,Micro,Financial
GRX,Gabelli Healthcare & WellnessRx Trust,Financial,Closed-End Fund - Equity,USA,133540000.0,60.27,9.04,-0.005,22681.0,Micro,Financial
GSHR,Gesher Acquisition Corp II,Financial,Shell Companies,USA,212720000.0,49.06,10.4,0.0,0.0,Micro,Financial
GSRF,GSR IV Acquisition Corp,Financial,Shell Companies,USA,298470000.0,74.54,10.16,0.0,0.0,Micro,Financial
GSRVU,GSR V Acquisition Corp,Financial,Shell Companies,USA,206190000.0,,10.0,0.0,0.0,Micro,Financial
HEQ,John Hancock Diversified Income Fund,Financial,Closed-End Fund - Equity,USA,142050000.0,7.55,11.78,0.0051,25805.0,Micro,Financial
HFBL,Home Federal Bancorp Inc (Louisiana),Financial,Banks - Regional,USA,59480000.0,10.07,19.48,-0.0084,29.0,Micro,Financial
HGLB,Highland Global Allocation Fund,Financial,Closed-End Fund - Foreign,USA,189430000.0,2.82,8.03,-0.0098999999999999,61139.0,Micro,Financial
HLXC,Helix Acquisition Corp III,Financial,Shell Companies,USA,226110000.0,,10.25,0.0029,114.0,Micro,Financial
HNNA,Hennessy Advisors Inc,Financial,Asset Management,USA,79410000.0,9.53,10.05,-0.005,934.0,Micro,Financial
HNVR,Hanover Bancorp Inc,Financial,Banks - Regional,USA,169360000.0,22.51,23.67,-0.0019,22098.0,Micro,Financial
HRZN,Horizon Technology Finance Corp,Financial,Asset Management,USA,297960000.0,10.98,4.36,0.0418,822052.0,Micro,Financial
HSDT,Solana Co,Financial,Asset Management,USA,112400000.0,,1.92,-0.0564,282506.0,Micro,Financial
HSPT,Horizon Space Acquisition II Corp,Financial,Shell Companies,USA,61890000.0,75.54,10.56,0.1416,1148.0,Micro,Financial
HVII,Hennessy Capital Investment Corp VII,Financial,Shell Companies,USA,271030000.0,83.52,10.41,-0.0005,5849.0,Micro,Financial
HVMC,Highview Merger Corp,Financial,Shell Companies,USA,297930000.0,61.83,10.14,-0.001,31.0,Micro,Financial
HWBK,Hawthorn Bancshares Inc,Financial,Banks - Regional,USA,250930000.0,10.42,36.38,-0.0141999999999999,1346.0,Micro,Financial
HYI,Western Asset High Yield Opportunity Fund Inc,Financial,Closed-End Fund - Debt,USA,136210000.0,14.17,10.63,0.0019,44994.0,Micro,Financial
HYNE,Hoyne Bancorp Inc,Financial,Banks - Regional,USA,128220000.0,,15.84,-0.0078,2776.0,Micro,Financial
IACQU,Irenic Acquisition Corp,Financial,Shell Companies,USA,227080000.0,,10.03,0.001,500.0,Micro,Financial
IAE,Voya Asia Pacific High Dividend Equity Income Fund,Financial,Closed-End Fund - Foreign,USA,92510000.0,3.34,8.6,0.0006,34189.0,Micro,Financial
IAF,abrdn Australia Equity Fund Inc,Financial,Closed-End Fund - Equity,USA,122850000.0,8.84,12.82,0.0063,8935.0,Micro,Financial
IBAC,IB Acquisition Corp,Financial,Shell Companies,USA,54060000.0,134.54,10.79,0.0056,241.0,Micro,Financial
IDACU,Iron Dome Acquisition I Corp,Financial,Shell Companies,USA,150370000.0,,10.02,0.0005,90310.0,Micro,Financial
IDE,"Voya Infrastructure, Industrials and Materials Fund",Financial,Closed-End Fund - Equity,USA,213250000.0,3.4,14.07,0.0079,28702.0,Micro,Financial
IGA,Voya Global Advantage and Premium Opportunity Fund,Financial,Closed-End Fund - Foreign,USA,151650000.0,8.04,9.89,0.0,47377.0,Micro,Financial
IGAC,Invest Green Acquisition Corp,Financial,Shell Companies,USA,181200000.0,245.7,10.0,0.0,770.0,Micro,Financial
IGI,Western Asset Investment Grade Opportunity Trust Inc,Financial,Closed-End Fund - Debt,USA,97070000.0,16.19,16.19,-0.0034,14665.0,Micro,Financial
IHD,Voya Emerging Markets High Dividend Equity Fund,Financial,Closed-End Fund - Foreign,USA,133820000.0,3.09,7.55,0.0046999999999999,59261.0,Micro,Financial
IIF,Morgan Stanley India Investment Fund Inc,Financial,Closed-End Fund - Foreign,USA,206620000.0,,21.88,0.0009,13292.0,Micro,Financial
INAC,Indigo Acquisition Corp,Financial,Shell Companies,USA,150940000.0,53.34,10.23,0.0,0.0,Micro,Financial
INBK,First Internet Bancorp,Financial,Banks - Regional,USA,211370000.0,,24.25,0.0040999999999999,10158.0,Micro,Financial
IOR,Income Opportunity Realty Investors Inc,Financial,Mortgage Finance,USA,74580000.0,18.25,18.0,0.0084,1224.0,Micro,Financial
IPEX,Inflection Point Acquisition Corp V,Financial,Shell Companies,USA,156160000.0,1805.17,10.47,-0.0019,3.0,Micro,Financial
IRHO,Iron Horse Acquisitions II Corp,Financial,Shell Companies,USA,294380000.0,242.51,10.04,-0.001,8483.0,Micro,Financial
JACS,Jackson Acquisition Company II,Financial,Shell Companies,USA,283100000.0,35.48,10.62,0.0,0.0,Micro,Financial
JATT,Jatt II Acquisition Corp,Financial,Shell Companies,USA,82520000.0,,10.58,0.0154,1213.0,Micro,Financial
JCE,Nuveen Core Equity Alpha Fund,Financial,Closed-End Fund - Equity,USA,282920000.0,6.16,16.64,0.0054,26918.0,Micro,Financial
JHI,John Hancock Investors Trust,Financial,Closed-End Fund - Debt,USA,117310000.0,11.56,13.41,0.0049,14835.0,Micro,Financial
JHS,John Hancock Income Securities Trust,Financial,Closed-End Fund - Debt,USA,129510000.0,11.71,11.12,-0.0014,13585.0,Micro,Financial
JLS,Nuveen Mortgage and Income Fund,Financial,Closed-End Fund - Debt,USA,99480000.0,10.44,18.17,0.003,16109.0,Micro,Financial
JMM,Nuveen Multi-Market Income Fund,Financial,Closed-End Fund - Debt,USA,55260000.0,11.68,5.84,0.0104,11734.0,Micro,Financial
JRS,Nuveen Real Estate Income Fund,Financial,Closed-End Fund - Debt,USA,238510000.0,,8.26,-0.0054,86103.0,Micro,Financial
JRVR,James River Group Holdings Inc,Financial,Insurance - Specialty,USA,181480000.0,12.79,3.92,-0.0038,191804.0,Micro,Financial
KCA-U,Kensington Capital Acquisition Corp VI,Financial,Shell Companies,USA,236440000.0,,10.05,0.0049,2963.0,Micro,Financial
KCAC-U,Kensington Capital Acquisition Corp VI,Financial,Shell Companies,USA,234830000.0,,10.21,-0.002,500.0,Micro,Financial
KINS,Kingstone Cos. Inc,Financial,Insurance - Property & Casualty,USA,218570000.0,7.02,15.09,-0.0169,33688.0,Micro,Financial
KPET,KPET Ultra Paceline Corp,Financial,Shell Companies,USA,288510000.0,,10.03,-0.0084,90.0,Micro,Financial
KVAC,Keen Vision Acquisition Corp,Financial,Shell Companies,USA,67730000.0,83.67,12.3,0.0033,135.0,Micro,Financial
KWY,Kingsway Corp,Financial,Asset Management,USA,290920000.0,,10.05,0.009,94070.0,Micro,Financial
LARK,Landmark Bancorp Inc,Financial,Banks - Regional,USA,172680000.0,9.07,28.32,-0.0098,8077.0,Micro,Financial
LATA,Galata Acquisition Corp II,Financial,Shell Companies,USA,232530000.0,80.05,10.11,0.0,0.0,Micro,Financial
LCCC,Lakeshore Acquisition III Corp,Financial,Shell Companies,USA,92610000.0,51.38,10.4,0.0029,250.0,Micro,Financial
LCNB,LCNB Corp,Financial,Banks - Regional,USA,244320000.0,10.6,17.15,0.016,7326.0,Micro,Financial
LEGT,Legato Merger Corp III,Financial,Shell Companies,USA,237250000.0,38.03,11.14,0.0063,445342.0,Micro,Financial
LFAC,Leapfrog Acquisition Corp,Financial,Shell Companies,USA,190930000.0,,9.96,-0.004,4312.0,Micro,Financial
LGI,Lazard Global Total Return and Income Fund Inc,Financial,Closed-End Fund - Foreign,USA,238270000.0,7.15,18.31,-0.0011,27676.0,Micro,Financial
LIEN,Chicago Atlantic BDC Inc,Financial,Asset Management,USA,227640000.0,6.66,9.98,-0.0005,38263.0,Micro,Financial
LKSP,Lake Superior Acquisition Corp,Financial,Shell Companies,USA,198000000.0,116.42,10.14,0.0,20429.0,Micro,Financial
LPCV,Launchpad Cadenza Acquisition Corp I,Financial,Shell Companies,USA,287790000.0,,10.01,0.004,929.0,Micro,Financial
LPRO,Open Lending Corp,Financial,Credit Services,USA,270720000.0,,2.29,0.0,339346.0,Micro,Financial
LSBK,Lake Shore Bancorp Inc,Financial,Banks - Regional,USA,120660000.0,14.47,15.58,-0.0013,1260.0,Micro,Financial
MACI,Melar Acquisition Corp I,Financial,Shell Companies,USA,234670000.0,49.43,10.83,-0.0001,26.0,Micro,Financial
MCAHU,Mountain Crest Acquisition 6 Corp,Financial,Shell Companies,USA,61210000.0,,10.05,-0.001,1386.0,Micro,Financial
MCGA,Yorkville Acquisition Corp,Financial,Shell Companies,USA,241350000.0,164.02,10.23,0.0024,10639.0,Micro,Financial
MCN,XAI Madison Equity Premium Income Fund,Financial,Closed-End Fund - Equity,USA,123530000.0,18.87,5.85,-0.0001,36065.0,Micro,Financial
MCR,MFS Charter Income Trust,Financial,Closed-End Fund - Debt,USA,248470000.0,14.19,5.96,-0.0017,26174.0,Micro,Financial
MFIN,Medallion Financial Corp,Financial,Credit Services,USA,234320000.0,6.66,9.82,0.016,65132.0,Micro,Financial
MFM,MFS Municipal Income Trust,Financial,Closed-End Fund - Debt,USA,222330000.0,41.52,5.4,-0.0004,156112.0,Micro,Financial
MGF,MFS Government Markets Income Trust,Financial,Closed-End Fund - Debt,USA,93050000.0,17.84,2.86,-0.0017,294337.0,Micro,Financial
MGLD,Marygold Companies Inc,Financial,Asset Management,USA,51380000.0,,1.2,0.03,15030.0,Micro,Financial
MGYR,Magyar Bancorp Inc,Financial,Banks - Regional,USA,111800000.0,9.79,17.3,0.0194,2422.0,Micro,Financial
MHF,Western Asset Municipal High Income Fund Inc,Financial,Closed-End Fund - Debt,USA,154120000.0,38.56,6.94,-0.0014,31268.0,Micro,Financial
MIN,MFS Intermediate Income Trust,Financial,Closed-End Fund - Debt,USA,278810000.0,15.28,2.45,0.0,117686.0,Micro,Financial
MKLY,McKinley Acquisition Corp,Financial,Shell Companies,USA,248070000.0,74.76,10.19,0.0,114.0,Micro,Financial
MKTW,Marketwise Inc,Financial,Financial Data & Stock Exchanges,USA,283620000.0,10.65,17.56,0.0156,5485.0,Micro,Financial
MMD,NYLI MacKay DefinedTerm Muni Opportunities Fund,Financial,Closed-End Fund - Debt,USA,286570000.0,152.6,15.26,-0.002,30183.0,Micro,Financial
MMT,MFS Multimarket Income Trust,Financial,Closed-End Fund - Debt,USA,248920000.0,11.05,4.53,0.0027,69870.0,Micro,Financial
MNSB,MainStreet Bancshares Inc,Financial,Banks - Regional,USA,164420000.0,11.65,23.1,0.0026,24063.0,Micro,Financial
MPA,BlackRock MuniYield Pennsylvania Quality Fund,Financial,Closed-End Fund - Debt,USA,147370000.0,34.48,11.38,0.0018,7911.0,Micro,Financial
MPV,Barings Participation Investors,Financial,Closed-End Fund - Debt,USA,188830000.0,14.25,17.53,0.0027,8065.0,Micro,Financial
MRBK,Meridian Corp,Financial,Banks - Regional,USA,214620000.0,9.79,18.05,0.0139999999999999,31351.0,Micro,Financial
MSD,Morgan Stanley Emerging Markets Debt Fund Inc,Financial,Closed-End Fund - Debt,USA,148500000.0,6.99,7.34,0.0,67588.0,Micro,Financial
MTNE-U,CH4 Natural Solutions Corp,Financial,Shell Companies,USA,203010000.0,,10.05,0.003,192.0,Micro,Financial
MUZE,Muzero Acquisition Corp,Financial,Shell Companies,USA,271010000.0,,9.92,-0.0005,9297.0,Micro,Financial
MXE,Mexico Equity And Income Fund Inc,Financial,Closed-End Fund - Foreign,USA,59710000.0,2.76,13.57,-0.0037,267.0,Micro,Financial
MYFW,First Western Financial Inc,Financial,Banks - Regional,USA,288080000.0,19.21,29.61,0.0256,23245.0,Micro,Financial
MYX,Maywood Acquisition Corp 2,Financial,Shell Companies,USA,138460000.0,,9.89,0.001,50000.0,Micro,Financial
NAKA,Nakamoto Inc,Financial,Capital Markets,USA,111630000.0,,6.41,0.1455,926042.0,Micro,Financial
NAZ,Nuveen Arizona Quality Municipal Income Fund,Financial,Closed-End Fund - Debt,USA,163960000.0,22.86,12.8,0.0031,11154.0,Micro,Financial
NHIVU,NewHold Investment Corp IV,Financial,Shell Companies,USA,210880000.0,,10.12,-0.002,631774.0,Micro,Financial
NHS,Neuberger High Yield Strategies Fund Inc,Financial,Closed-End Fund - Debt,USA,200280000.0,9.67,6.38,0.0031,141239.0,Micro,Financial
NIM,Nuveen Select Maturities Municipal Fund,Financial,Closed-End Fund - Debt,USA,116130000.0,44.43,9.33,0.0,13350.0,Micro,Financial
NKSH,National Bankshares Inc,Financial,Banks - Regional,USA,225190000.0,12.81,35.36,0.0043,10661.0,Micro,Financial
NMI,Nuveen Municipal Income Fund,Financial,Closed-End Fund - Debt,USA,120210000.0,38.07,10.66,-0.0019,28238.0,Micro,Financial
NMP,NMP Acquisition Corp,Financial,Shell Companies,USA,163140000.0,67.37,10.24,0.0,0.0,Micro,Financial
NMS,Nuveen Minnesota Quality Municipal Income Fund,Financial,Closed-End Fund - Debt,USA,75830000.0,,12.17,-0.0049,5913.0,Micro,Financial
NMT,Nuveen Massachusetts Quality Municipal Income Fund,Financial,Closed-End Fund - Debt,USA,125750000.0,,12.78,0.0039,8109.0,Micro,Financial
NNY,Nuveen New York Municipal Value Fund Inc,Financial,Closed-End Fund - Debt,USA,162040000.0,26.81,8.58,0.0046999999999999,30750.0,Micro,Financial
NODK,NI Holdings Inc,Financial,Insurance - Property & Casualty,USA,287360000.0,,14.03,-0.0021,7928.0,Micro,Financial
NOEM,CO2 Energy Transition Corp,Financial,Shell Companies,USA,99980000.0,64.3,10.43,0.0,101.0,Micro,Financial
NPCT,Nuveen Core Plus Impact Fund,Financial,Closed-End Fund - Debt,USA,290280000.0,11.22,10.1,0.0015,79036.0,Micro,Financial
NPV,Nuveen Virginia Quality Municipal Income Fund,Financial,Closed-End Fund - Debt,USA,219560000.0,,11.46,0.0044,43792.0,Micro,Financial
NRO,Neuberger Real Estate Securities Income Fund Inc,Financial,Closed-End Fund - Equity,USA,187870000.0,,2.96,-0.0017,248799.0,Micro,Financial
NSTS,NSTS Bancorp Inc,Financial,Banks - Regional,USA,72400000.0,,13.76,-0.0007,1263.0,Micro,Financial
NTWO,Newbury Street II Acquisition Corp,Financial,Shell Companies,USA,256400000.0,40.56,10.63,-0.0009,754.0,Micro,Financial
NUW,Nuveen AMT-Free Municipal Value Fund,Financial,Closed-End Fund - Debt,USA,254730000.0,28.38,14.19,0.005,12024.0,Micro,Financial
OACC,Oaktree Acquisition Corp III Life Sciences,Financial,Shell Companies,USA,262300000.0,37.45,10.7,0.0,0.0,Micro,Financial
OCCI,OFS Credit Company Inc,Financial,Closed-End Fund - Debt,USA,97150000.0,,3.34,0.0091,132649.0,Micro,Financial
OHACU,Oceanhawk Acquisition Corp,Financial,Shell Companies,USA,160160000.0,,10.01,0.0,111314.0,Micro,Financial
OIA,Invesco Municipal Income Opportunities Trust,Financial,Closed-End Fund - Debt,USA,296130000.0,32.55,6.18,0.0024,67156.0,Micro,Financial
ONCH,1RT Acquisition Corp,Financial,Shell Companies,USA,220690000.0,51.38,10.23,-0.0,14187.0,Micro,Financial
ONIT,Onity Group Inc,Financial,Mortgage Finance,USA,294660000.0,1.77,34.94,-0.0040999999999999,19092.0,Micro,Financial
OPBK,OP Bancorp,Financial,Banks - Regional,USA,210450000.0,7.72,14.13,0.005,8103.0,Micro,Financial
OPHC,Optimumbank Holdings Inc,Financial,Banks - Regional,USA,68210000.0,6.28,5.56,0.0018,13937.0,Micro,Financial
OPP,RiverNorth/DoubleLine Strategic opportunity fund Inc,Financial,Closed-End Fund - Debt,USA,191670000.0,7.67,7.67,0.0026,66556.0,Micro,Financial
OPRT,Oportun Financial Corp,Financial,Credit Services,USA,249330000.0,14.73,5.45,0.0305,500713.0,Micro,Financial
OSG,Octave Specialty Group Inc,Financial,Insurance - Specialty,USA,253880000.0,,5.64,0.0217,234064.0,Micro,Financial
OTAI-U,Starlink AI Acquisition Corp,Financial,Shell Companies,USA,102930000.0,,10.07,0.002,24598.0,Micro,Financial
OTGA,OTG Acquisition Corp I,Financial,Shell Companies,USA,299830000.0,77.38,10.16,0.0,4979.0,Micro,Financial
OVBC,Ohio Valley Banc Corp,Financial,Banks - Regional,USA,229620000.0,14.82,48.74,-0.0096,16664.0,Micro,Financial
OVLY,Oak Valley Bancorp,Financial,Banks - Regional,USA,277890000.0,11.46,33.03,0.004,43277.0,Micro,Financial
OXSQ,Oxford Square Capital Corp,Financial,Asset Management,USA,127200000.0,,1.36,0.0226,1345184.0,Micro,Financial
PAAC,Proem Acquisition Corp I,Financial,Shell Companies,USA,174400000.0,,9.87,-0.006,3261.0,Micro,Financial
PACH,Pioneer Acquisition I Corp,Financial,Shell Companies,USA,290660000.0,47.51,10.22,0.002,51.0,Micro,Financial
PAI,Western Asset Investment Grade Income Fund Inc,Financial,Closed-End Fund - Debt,USA,115420000.0,11.9,12.14,0.0004,6314.0,Micro,Financial
PAII,Pyrophyte Acquisition Corp II,Financial,Shell Companies,USA,277850000.0,62.76,10.18,0.0,0.0,Micro,Financial
PALO,Paloma Acquisition Corp I,Financial,Shell Companies,USA,210770000.0,,9.9,0.002,157.0,Micro,Financial
PBHC,Pathfinder Bancorp Inc,Financial,Banks - Regional,USA,85960000.0,,13.74,0.0096,4009.0,Micro,Financial
PCF,High Income Securities Fund,Financial,Closed-End Fund - Debt,USA,104910000.0,26.69,5.61,0.0027,37616.0,Micro,Financial
PCM,PCM Fund Inc,Financial,Closed-End Fund - Debt,USA,70010000.0,10.12,5.67,0.0025,19633.0,Micro,Financial
PCQ,Pimco California Municipal Income Fund,Financial,Closed-End Fund - Debt,USA,169030000.0,296.83,8.9,0.0118999999999999,164877.0,Micro,Financial
PCSC,Perceptive Capital Solutions Corp,Financial,Shell Companies,USA,124540000.0,1159.79,11.25,0.0027,81352.0,Micro,Financial
PDCC,Pearl Diver Credit Company Inc,Financial,Asset Management,USA,83230000.0,10.63,10.18,0.0079,4356.0,Micro,Financial
PEBK,Peoples Bancorp Of North Carolina Inc,Financial,Banks - Regional,USA,230370000.0,11.6,42.18,-0.0042,16448.0,Micro,Financial
PECEU,Peace Acquisition Corp,Financial,Shell Companies,USA,62930000.0,,10.05,-0.0002,42945.0,Micro,Financial
PFD,Flaherty & Crumrine Preferred and Income Fund Inc,Financial,Closed-End Fund - Debt,USA,148580000.0,12.04,11.56,0.0060999999999999,17053.0,Micro,Financial
PFO,Flaherty & Crumrine Preferred and Income Opportunity Fund Inc,Financial,Closed-End Fund - Debt,USA,119980000.0,11.33,9.18,0.0016,19185.0,Micro,Financial
PFX,PhenixFIN Corp,Financial,Asset Management,USA,81190000.0,,42.01,-0.0236,292.0,Micro,Financial
PGAC,Pantages Capital Acquisition Corp,Financial,Shell Companies,USA,93750000.0,52.48,10.57,-0.0009,11550.0,Micro,Financial
PGP,Pimco Global StocksPLUS & Income Fund,Financial,Closed-End Fund - Foreign,USA,102900000.0,4.23,8.88,0.0091,16593.0,Micro,Financial
PGZ,Principal Real Estate Income Fund,Financial,Closed-End Fund - Debt,USA,66040000.00000001,12.81,9.86,0.0046,21676.0,Micro,Financial
PIM,Putnam Master Intermediate Income Trust,Financial,Closed-End Fund - Debt,USA,152990000.0,14.43,3.17,0.0016,70006.0,Micro,Financial
PLMK,Plum Acquisition Corp IV,Financial,Shell Companies,USA,257580000.0,42.45,10.62,-0.0014,3869.0,Micro,Financial
PLUN-U,Plutonian Acquisition Corp II,Financial,Shell Companies,USA,103630000.0,,10.15,0.004,1054.0,Micro,Financial
PMM,Putnam Managed Municipal Income Trust,Financial,Closed-End Fund - Debt,USA,267710000.0,34.72,6.25,-0.0016,58024.0,Micro,Financial
PMO,Putnam Municipal Opportunities Trust,Financial,Closed-End Fund - Debt,USA,287150000.0,58.22,10.48,0.0029,21455.0,Micro,Financial
PMTS,CPI Card Group Inc,Financial,Credit Services,USA,199100000.0,16.8,17.35,-0.0097,17958.0,Micro,Financial
PNBK,Patriot National Bancorp Inc,Financial,Banks - Regional,USA,122960000.0,,1.04,-0.0324,148495.0,Micro,Financial
PNI,Pimco New York Municipal Income Fund II,Financial,Closed-End Fund - Debt,USA,78800000.0,,7.03,0.0029,33457.0,Micro,Financial
PNNT,PennantPark Investment Corp,Financial,Asset Management,USA,258630000.0,18.73,3.96,0.013,300625.0,Micro,Financial
PROV,Provident Financial Holdings Inc,Financial,Banks - Regional,USA,106620000.0,18.37,17.05,-0.0034999999999999,5085.0,Micro,Financial
PSF,Cohen & Steers Select Preferred and Income Fund Inc,Financial,Closed-End Fund - Debt,USA,238040000.0,9.47,19.79,0.002,23475.0,Micro,Financial
PTACU,Patriot Acquisition Corp,Financial,Shell Companies,USA,249490000.0,,9.98,-0.0005,65404.0,Micro,Financial
QADR,QDRO Acquisition Corp,Financial,Shell Companies,USA,248500000.0,,9.94,0.0,0.0,Micro,Financial
QLEP-U,Quantum Leap Acquisition Corp,Financial,Shell Companies,USA,205940000.0,,10.0,0.0,775.0,Micro,Financial
QRED,Quasaredge Acquisition Corp,Financial,Shell Companies,USA,154210000.0,,9.93,0.0,0.0,Micro,Financial
QSEA,Quartzsea Acquisition Corp,Financial,Shell Companies,USA,120040000.0,112.03,10.52,0.0072,114402.0,Micro,Financial
QUMS,Quantumsphere Acquisition Corp,Financial,Shell Companies,USA,116290000.0,,10.2,0.0,52.0,Micro,Financial
RAAQ,Real Asset Acquisition Corp,Financial,Shell Companies,USA,258980000.00000003,46.92,11.26,-0.0123,141068.0,Micro,Financial
RAC,Rithm Acquisition Corp,Financial,Shell Companies,USA,224760000.0,34.07,10.44,0.0019,5.0,Micro,Financial
RACC,Research Alliance Corp III,Financial,Shell Companies,USA,95090000.0,,10.45,0.0048,3655.0,Micro,Financial
RANG,Range Capital Acquisition Corp,Financial,Shell Companies,USA,170080000.0,42.68,10.61,-0.0019,1.0,Micro,Financial
RBKB,Rhinebeck Bancorp Inc,Financial,Banks - Regional,USA,180450000.0,17.77,16.16,0.0243999999999999,8208.0,Micro,Financial
RCS,PIMCO Strategic Income Fund Inc,Financial,Closed-End Fund - Debt,USA,260200000.0,7.16,5.51,0.0260999999999999,211197.0,Micro,Financial
RFM,RiverNorth Flexible Municipal Income Fund Inc,Financial,Asset Management,USA,89080000.0,177.16,14.58,-0.0021,8483.0,Micro,Financial
RGT,Royce Global Trust Inc,Financial,Closed-End Fund - Equity,USA,95520000.0,5.02,14.56,0.0072,4437.0,Micro,Financial
RLTY,Cohen & Steers Real Estate Opportunities and Income Fund,Financial,Closed-End Fund - Debt,USA,263800000.0,14.61,15.77,-0.0034999999999999,26827.0,Micro,Financial
RMBI,Richmond Mutual Bancorporation Inc,Financial,Banks - Regional,USA,152480000.0,11.55,14.52,-0.0095,9193.0,Micro,Financial
RMI,RiverNorth Opportunistic Municipal Income Fund Inc,Financial,Closed-End Fund - Debt,USA,98320000.0,126.83,15.44,0.0029,8564.0,Micro,Financial
RMM,RiverNorth Managed Duration Municipal Income Fund Inc,Financial,Closed-End Fund - Debt,USA,287410000.0,76.63,14.56,-0.0021,40302.0,Micro,Financial
RSF,RiverNorth Capital and Income Fund,Financial,Asset Management,USA,62010000.0,13.07,14.59,0.0,9124.0,Micro,Financial
RVSB,Riverview Bancorp Inc,Financial,Banks - Regional,USA,117120000.0,,5.66,0.0027,17452.0,Micro,Financial
RWAY,Runway Growth Finance Corp,Financial,Asset Management,USA,276650000.0,,6.51,-0.0023,297595.0,Micro,Financial
SABA,Saba Capital Income & Opportunities Fund II,Financial,Asset Management,USA,243880000.0,7.38,8.63,0.0058,28653.0,Micro,Financial
SAGU,Shreya Acquisition Group,Financial,Shell Companies,USA,153340000.0,,9.88,0.0,1900.0,Micro,Financial
SAMG,Silvercrest Asset Management Group Inc,Financial,Asset Management,USA,135330000.0,38.25,11.46,0.026,39051.0,Micro,Financial
SBFG,SB Financial Group Inc,Financial,Banks - Regional,USA,137990000.0,8.64,21.99,0.0005,7966.0,Micro,Financial
SBI,Western Asset Intermediate Muni Fund Inc,Financial,Closed-End Fund - Debt,USA,109840000.0,70.91,7.8,0.0,21548.0,Micro,Financial
SBXD,SilverBox Corp IV,Financial,Shell Companies,USA,274660000.0,53.23,10.79,-0.0128,300.0,Micro,Financial
SCII,SC II Acquisition Corp,Financial,Shell Companies,USA,250000000.0,,10.04,0.001,683.0,Micro,Financial
SCM,Stellus Capital Investment Corp,Financial,Asset Management,USA,262700000.0,10.94,9.07,-0.0125,103898.0,Micro,Financial
SCPQ,Social Commerce Partners Corp,Financial,Shell Companies,USA,135940000.0,,9.96,-0.004,1428.0,Micro,Financial
SFBC,Sound Financial Bancorp Inc,Financial,Banks - Regional,USA,108680000.0,14.46,42.35,-0.0217,2225.0,Micro,Financial
SIEB,Siebert Financial Corp,Financial,Capital Markets,USA,78610000.0,,1.92,-0.0103,24937.0,Micro,Financial
SIMA,SIM Acquisition Corp I,Financial,Shell Companies,USA,120730000.0,38.39,10.76,-0.0028,584.0,Micro,Financial
SLNH,Soluna Holdings Inc,Financial,Capital Markets,USA,277640000.0,,1.76,-0.0383,14164467.0,Micro,Financial
SLQT,SelectQuote Inc,Financial,Insurance Brokers,USA,178110000.0,82.79,1.01,-0.0472,1161127.0,Micro,Financial
SNFCA,Security National Financial Corp,Financial,Insurance - Life,USA,248050000.0,6.56,9.56,0.0121999999999999,11527.0,Micro,Financial
SOCA,Solarius Capital Acquisition Corp,Financial,Shell Companies,USA,240940000.0,69.53,10.27,0.001,18.0,Micro,Financial
SOUL,Soulpower Acquisition Corp,Financial,Shell Companies,USA,270290000.0,45.0,10.34,0.001,128.0,Micro,Financial
SPE,Special Opportunities Fund Inc,Financial,Closed-End Fund - Equity,USA,149570000.0,7.11,14.08,0.0043,36473.0,Micro,Financial
SPEG,Silver Pegasus Acquisition Corp,Financial,Shell Companies,USA,157700000.0,153.43,10.28,0.0015,43.0,Micro,Financial
SPKL,Spark I Acquisition Corp,Financial,Shell Companies,USA,103250000.0,,11.92,-0.0070999999999999,6495.0,Micro,Financial
SPMC,Sound Point Meridian Capital Inc,Financial,Asset Management,USA,234770000.0,58.68,11.43,0.0233,38998.0,Micro,Financial
SRBK,SR Bancorp Inc,Financial,Banks - Regional,USA,138810000.0,45.55,18.91,0.0049,9803.0,Micro,Financial
SRV,NXG Cushing Midstream Energy Fund,Financial,Closed-End Fund - Equity,USA,295510000.0,430.91,47.4,-0.0207,37886.0,Micro,Financial
SSAC,SPACSphere Acquisition Corp,Financial,Shell Companies,USA,239020000.0,453.64,9.98,0.002,61.0,Micro,Financial
SSBI,Summit State Bank,Financial,Banks - Regional,USA,90600000.0,15.29,13.57,-0.0007,3442.0,Micro,Financial
SSEA,Starry Sea Acquisition Corp,Financial,Shell Companies,USA,77960000.0,105.8,10.21,-0.001,16000.0,Micro,Financial
STEX,Streamex Corp,Financial,Capital Markets,USA,156410000.0,,1.5,-0.0066,444737.0,Micro,Financial
SUIG,Sui Group Holdings Ltd,Financial,Credit Services,USA,118280000.0,,1.54,0.0,271231.0,Micro,Financial
SVAQ,Silicon Valley Acquisition Corp,Financial,Shell Companies,USA,293790000.0,,10.02,0.006,13146.0,Micro,Financial
SVCC,Stellar V Capital Corp,Financial,Shell Companies,USA,165040000.0,41.22,10.54,0.0,21.0,Micro,Financial
SWZ,Total Return Securities Fund,Financial,Closed-End Fund - Foreign,USA,78040000.0,,6.01,0.0025,85599.0,Micro,Financial
SZZL,Sizzle Acquisition Corp II,Financial,Shell Companies,USA,221760000.0,39.81,10.33,0.0,17466.0,Micro,Financial
TAVI,Tavia Acquisition Corp,Financial,Shell Companies,USA,169230000.0,49.01,10.63,0.0,1150.0,Micro,Financial
TDAC,Translational Development Acquisition Corp,Financial,Shell Companies,USA,235720000.0,37.94,10.76,0.0,213292.0,Micro,Financial
TDF,Templeton Dragon Fund Inc,Financial,Closed-End Fund - Foreign,USA,283040000.0,3.7,11.24,0.0054,14174.0,Micro,Financial
TDWD,Tailwind 2.0 Acquisition Corp,Financial,Shell Companies,USA,236160000.0,119.55,10.03,0.001,7547.0,Micro,Financial
TPVG,TriplePoint Venture Growth BDC Corp,Financial,Asset Management,USA,226330000.0,5.27,5.57,0.0045,131373.0,Micro,Financial
TRAD,APEX Tech Acquisition Inc,Financial,Shell Companies,USA,144590000.0,,9.93,0.0,129.0,Micro,Financial
TRGS,TRG Latin America Acquisitions Corp,Financial,Shell Companies,USA,257210000.0,,9.89,-0.0015,3.0,Micro,Financial
TSI,TCW Strategic Income Fund Inc,Financial,Closed-End Fund - Debt,USA,215990000.0,11.3,4.52,0.0,52824.0,Micro,Financial
TVAI,Thayer Ventures Acquisition Corp II,Financial,Shell Companies,USA,280250000.0,55.64,10.31,0.0,5.0,Micro,Financial
TWLV,Twelve Seas Investment Company III,Financial,Shell Companies,USA,233780000.0,161.15,9.98,0.001,4108.0,Micro,Financial
UAC,United Acquisition Corp I,Financial,Shell Companies,USA,137110000.0,,9.9,0.0,0.0,Micro,Financial
UBCP,"United Bancorp Inc (Martins Ferry, OH)",Financial,Banks - Regional,USA,89720000.0,11.53,15.52,-0.0288,9032.0,Micro,Financial
UNB,Union Bankshares Inc,Financial,Banks - Regional,USA,107200000.0,9.25,23.24,-0.0109,2073.0,Micro,Financial
UYSC,UY Scuti Acquisition Corp,Financial,Shell Companies,USA,81410000.0,145.98,10.7,0.0,0.0,Micro,Financial
VABK,Virginia National Bankshares Corp,Financial,Banks - Regional,USA,236860000.0,11.84,43.68,0.0165,2215.0,Micro,Financial
VBF,Invesco Bond Fund,Financial,Closed-End Fund - Debt,USA,171600000.0,14.73,15.02,-0.0013,26102.0,Micro,Financial
VFL,abrdn National Municipal Income Fund,Financial,Closed-End Fund - Debt,USA,125730000.0,,10.24,0.0029,14560.0,Micro,Financial
VGI,Virtus Global Multi-Sector Income Fund,Financial,Closed-End Fund - Debt,USA,84790000.0,10.13,7.49,0.006,26487.0,Micro,Financial
VLT,Invesco High Income Trust II,Financial,Closed-End Fund - Debt,USA,68470000.0,14.81,10.52,-0.0005,14923.0,Micro,Financial
VNME,Vendome Acquisition Corp I,Financial,Shell Companies,USA,254750000.0,46.55,10.19,0.0,20200.0,Micro,Financial
VPV,Invesco Pennsylvania Value Municipal Income Trust,Financial,Closed-End Fund - Debt,USA,197670000.0,39.5,11.06,0.0018,30164.0,Micro,Financial
VRM,Vroom Inc,Financial,Credit Services,USA,61530000.0,,11.81,0.0055,3951.0,Micro,Financial
VTN,Invesco Trust For Investment Grade New York Municipals,Financial,Closed-End Fund - Debt,USA,162250000.0,36.93,11.08,0.0073,39823.0,Micro,Financial
WEA,Western Asset Premier Bond Fund,Financial,Closed-End Fund - Debt,USA,125890000.0,9.07,10.61,0.0038,21902.0,Micro,Financial
WHF,WhiteHorse Finance Inc,Financial,Asset Management,USA,146200000.0,16.74,6.76,0.0097,63017.0,Micro,Financial
WHG,Westwood Holdings Group Inc,Financial,Asset Management,USA,155920000.0,19.98,16.44,0.0,2348.0,Micro,Financial
WIA,Western Asset Inflation-Linked Income Fund,Financial,Closed-End Fund - Debt,USA,189730000.0,12.14,8.14,0.0006,32437.0,Micro,Financial
WLII,Willow Lane Acquisition Corp II,Financial,Shell Companies,USA,180260000.0,,10.15,0.003,32844.0,Micro,Financial
WNEB,Western New England Bancorp Inc,Financial,Banks - Regional,USA,266660000.00000003,15.09,13.25,-0.0053,8751.0,Micro,Financial
WPAC,White Pearl Acquisition Corp,Financial,Shell Companies,USA,140990000.0,,9.98,0.0015,5430.0,Micro,Financial
WSBK,Winchester Bancorp Inc,Financial,Banks - Regional,USA,114070000.0,50.52,12.73,0.0039,852.0,Micro,Financial
XCBE,X3 Acquisition Corp Ltd,Financial,Shell Companies,USA,278390000.0,,9.9,0.0,346.0,Micro,Financial
XFLT,XAI Octagon Floating Rate & Alternative Income Trust,Financial,Closed-End Fund - Debt,USA,281770000.0,23.12,18.5,0.0033,33871.0,Micro,Financial
XSLL,Xsolla SPAC 1,Financial,Shell Companies,USA,274860000.0,,9.93,0.003,1000.0,Micro,Financial
YCY,AA Mission Acquisition Corp II,Financial,Shell Companies,USA,149490000.0,111.4,10.16,0.0,0.0,Micro,Financial
AARD,Aardvark Therapeutics Inc,Healthcare,Biotechnology,USA,90210000.0,,4.14,-0.0155,78302.0,Micro,Healthcare
ABOS,Acumen Pharmaceuticals Inc,Healthcare,Biotechnology,USA,189600000.0,,2.62,0.0335,112967.0,Micro,Healthcare
ACET,Adicet Bio Inc,Healthcare,Biotechnology,USA,84950000.0,,9.09,0.0518,105886.0,Micro,Healthcare
ACH,Accendra Health Inc,Healthcare,Medical Distribution,USA,224580000.0,,2.93,0.0147,252148.0,Micro,Healthcare
ACOG,Alpha Cognition Inc,Healthcare,Biotechnology,USA,126530000.0,,5.81,-0.0217,81571.0,Micro,Healthcare
ACRV,Acrivon Therapeutics Inc,Healthcare,Biotechnology,USA,68490000.0,,1.6,-0.0184,232992.0,Micro,Healthcare
AGEN,Agenus Inc,Healthcare,Biotechnology,USA,140120000.0,2.02,3.37,-0.0103,375368.0,Micro,Healthcare
AKBA,Akebia Therapeutics Inc,Healthcare,Drug Manufacturers - Specialty & Generic,USA,277650000.0,,1.03,-0.0143,1578391.0,Micro,Healthcare
ALDX,Aldeyra Therapeutics Inc,Healthcare,Biotechnology,USA,103300000.0,,1.71,-0.0214,280304.0,Micro,Healthcare
ALEC,Alector Inc,Healthcare,Biotechnology,USA,245920000.0,,2.21,0.0302,561045.0,Micro,Healthcare
ALXO,Alx Oncology Holdings Inc,Healthcare,Biotechnology,USA,262470000.00000003,,1.95,0.0321,312720.0,Micro,Healthcare
AMWL,American Well Corp,Healthcare,Health Information Services,USA,159230000.0,,9.53,0.0074,94794.0,Micro,Healthcare
ANIK,Anika Therapeutics Inc,Healthcare,Drug Manufacturers - Specialty & Generic,USA,195920000.0,,14.73,-0.0116999999999999,30929.0,Micro,Healthcare
ANIX,Anixa Biosciences Inc,Healthcare,Biotechnology,USA,92210000.0,,2.75,0.0185,67311.0,Micro,Healthcare
ANTX,AN2 Therapeutics Inc,Healthcare,Biotechnology,USA,160270000.0,,4.45,-0.0022,56242.0,Micro,Healthcare
ANVS,Annovis Bio Inc,Healthcare,Biotechnology,USA,67910000.0,,1.96,0.0316,728286.0,Micro,Healthcare
APYX,Apyx Medical Corp,Healthcare,Medical Devices,USA,172520000.0,,4.12,-0.0072,45511.0,Micro,Healthcare
ARCT,Arcturus Therapeutics Holdings Inc,Healthcare,Biotechnology,USA,225680000.0,,7.94,0.0025,268722.0,Micro,Healthcare
ARMP,Armata Pharmaceuticals Inc,Healthcare,Biotechnology,USA,298640000.0,,8.14,0.0018,55869.0,Micro,Healthcare
ARTV,Artiva Biotherapeutics Inc,Healthcare,Biotechnology,USA,193280000.0,,7.82,0.0276,571957.0,Micro,Healthcare
ASRT,Assertio Holdings Inc,Healthcare,Drug Manufacturers - Specialty & Generic,USA,151440000.0,,23.43,-0.0002,37076.0,Micro,Healthcare
ATRA,Atara Biotherapeutics Inc,Healthcare,Biotechnology,USA,94690000.0,,10.51,-0.0666,60807.0,Micro,Healthcare
ATYR,Atyr Pharma Inc,Healthcare,Biotechnology,USA,53800000.0,,0.55,0.1258,4423789.0,Micro,Healthcare
AVXL,Anavex Life Sciences Corp,Healthcare,Biotechnology,USA,278470000.0,,3.01,0.0220999999999999,567184.0,Micro,Healthcare
BDSX,Biodesix Inc,Healthcare,Diagnostics & Research,USA,165580000.0,,16.38,0.0243999999999999,66369.0,Micro,Healthcare
BDTX,Black Diamond Therapeutics Inc,Healthcare,Biotechnology,USA,130080000.0,,2.27,0.0089,1157081.0,Micro,Healthcare
BMEA,Biomea Fusion Inc,Healthcare,Biotechnology,USA,100490000.0,,1.39,0.0072,379404.0,Micro,Healthcare
BTMD,biote Corp,Healthcare,Medical Care Facilities,USA,75730000.0,4.48,2.02,-0.0123,77914.0,Micro,Healthcare
BYSI,BeyondSpring Inc,Healthcare,Biotechnology,USA,69910000.0,,1.7,-0.0116,15480.0,Micro,Healthcare
CAMP,CAMP4 Therapeutics Corp,Healthcare,Biotechnology,USA,224320000.0,,4.32,-0.0379,28528.0,Micro,Healthcare
CBUS,Cibus Inc,Healthcare,Biotechnology,USA,111440000.0,,1.46,0.0069,139236.0,Micro,Healthcare
CCLD,CareCloud Inc,Healthcare,Health Information Services,USA,100070000.0,23.16,2.36,0.0151,192424.0,Micro,Healthcare
CDXS,Codexis Inc,Healthcare,Biotechnology,USA,254510000.0,,2.8,0.0182,544624.0,Micro,Healthcare
CGTX,Cognition Therapeutics Inc,Healthcare,Biotechnology,USA,106500000.0,,1.19,0.0,523717.0,Micro,Healthcare
CHRS,Coherus Oncology Inc,Healthcare,Biotechnology,USA,249880000.0,,1.62,-0.0182,367477.0,Micro,Healthcare
CING,Cingulate Inc,Healthcare,Biotechnology,USA,56230000.0,,4.24,-0.0242,744034.0,Micro,Healthcare
CLNN,Clene Inc,Healthcare,Biotechnology,USA,83820000.0,,6.56,-0.0209,40010.0,Micro,Healthcare
CNTB,Connect Biopharma Holdings Ltd,Healthcare,Biotechnology,USA,151100000.0,,2.4,0.0084,60540.0,Micro,Healthcare
CNTN,Canton Strategic Holdings Inc,Healthcare,Biotechnology,USA,220580000.0,,3.16,0.0161,500580.0,Micro,Healthcare
CNTX,Context Therapeutics Inc,Healthcare,Biotechnology,USA,260480000.00000003,,2.84,0.0018,209162.0,Micro,Healthcare
CNXU,Conexeu Sciences Inc,Healthcare,Biotechnology,USA,246840000.0,,11.8,0.0189,26927.0,Micro,Healthcare
COCH,Envoy Medical Inc,Healthcare,Medical Devices,USA,54050000.0,,0.7,0.0,31710.0,Micro,Healthcare
COYA,Coya Therapeutics Inc,Healthcare,Biotechnology,USA,112360000.0,,4.79,-0.0083,90254.0,Micro,Healthcare
CPIX,Cumberland Pharmaceuticals Inc,Healthcare,Drug Manufacturers - Specialty & Generic,USA,93570000.0,,6.24,0.0443,28290.0,Micro,Healthcare
CRBP,Corbus Pharmaceuticals Holdings Inc,Healthcare,Biotechnology,USA,147160000.0,,7.94,0.0395999999999999,600675.0,Micro,Healthcare
CRBU,Caribou Biosciences Inc,Healthcare,Biotechnology,USA,233570000.0,,2.36,0.0195,964297.0,Micro,Healthcare
CRDF,Cardiff Oncology Inc,Healthcare,Biotechnology,USA,126140000.0,,1.85,0.0027,376795.0,Micro,Healthcare
CSBR,Champions Oncology Inc,Healthcare,Biotechnology,USA,81450000.0,,5.86,0.0026,2081.0,Micro,Healthcare
CTOR,Citius Oncology Inc,Healthcare,Drug Manufacturers - Specialty & Generic,USA,73340000.0,,0.79,-0.0222,48731.0,Micro,Healthcare
CUE,Cue Biopharma Inc,Healthcare,Biotechnology,USA,91400000.0,,22.59,-0.0021,44537.0,Micro,Healthcare
CVRX,CVRx Inc,Healthcare,Medical Devices,USA,149000000.0,,5.61,-0.0027,85942.0,Micro,Healthcare
CYPH,Cypherpunk Technologies Inc,Healthcare,Biotechnology,USA,123500000.0,,1.16,0.0356999999999999,2948636.0,Micro,Healthcare
DCGO,DocGo Inc,Healthcare,Medical Care Facilities,USA,64800000.0,,0.66,-0.0021,203868.0,Micro,Healthcare
DERM,Journey Medical Corp,Healthcare,Drug Manufacturers - Specialty & Generic,USA,175670000.0,,6.38,0.0289999999999999,79205.0,Micro,Healthcare
DH,Definitive Healthcare Corp,Healthcare,Health Information Services,USA,132250000.0,,0.92,0.0366,283957.0,Micro,Healthcare
DRIO,DarioHealth Corp,Healthcare,Health Information Services,USA,55680000.0,,7.61,0.0126,3086.0,Micro,Healthcare
DTIL,Precision Biosciences Inc,Healthcare,Biotechnology,USA,179840000.0,,6.97,0.0072,175155.0,Micro,Healthcare
DWTX,Dogwood Therapeutics Inc,Healthcare,Biotechnology,USA,56500000.0,,1.68,0.006,19944.0,Micro,Healthcare
DXR,Daxor Corp,Healthcare,Medical Instruments & Supplies,USA,57280000.0,5.43,9.82,-0.0051,1082.0,Micro,Healthcare
ECOR,ElectroCore Inc,Healthcare,Medical Devices,USA,80880000.0,,9.75,0.0552,311355.0,Micro,Healthcare
ELDN,Eledon Pharmaceuticals Inc,Healthcare,Biotechnology,USA,297560000.0,,3.86,-0.0039,419165.0,Micro,Healthcare
ELTX,Elicio Therapeutics Inc,Healthcare,Biotechnology,USA,215170000.0,,11.27,0.0626,49109.0,Micro,Healthcare
ELUT,Elutia Inc,Healthcare,Medical Devices,USA,51280000.0,,1.16,0.0356999999999999,54431.0,Micro,Healthcare
EMBC,Embecta Corp,Healthcare,Medical Instruments & Supplies,USA,194650000.0,1.73,3.28,-0.0147,559665.0,Micro,Healthcare
EQ,Equillium Inc,Healthcare,Biotechnology,USA,187460000.0,,2.96,0.044,553162.0,Micro,Healthcare
EXOZ,eXoZymes Inc,Healthcare,Biotechnology,USA,83360000.0,,9.83,0.0113,3768.0,Micro,Healthcare
FBIO,Fortress Biotech Inc,Healthcare,Biotechnology,USA,93520000.0,0.88,2.82,0.0018,247121.0,Micro,Healthcare
FHTX,Foghorn Therapeutics Inc,Healthcare,Biotechnology,USA,252470000.0,,4.3,0.0069999999999999,56231.0,Micro,Healthcare
FLNA,Filana Therapeutics Inc,Healthcare,Biotechnology,USA,73460000.0,,1.52,-0.019,235710.0,Micro,Healthcare
FONR,Fonar Corp,Healthcare,Diagnostics & Research,USA,119660000.0,19.11,19.06,-0.0021,156556.0,Micro,Healthcare
FORA,Forian Inc,Healthcare,Health Information Services,USA,67790000.0,,2.17,0.0,0.0,Micro,Healthcare
GALT,Galectin Therapeutics Inc,Healthcare,Biotechnology,USA,166750000.0,,2.53,-0.0148,196342.0,Micro,Healthcare
GANX,Gain Therapeutics Inc,Healthcare,Biotechnology,USA,82750000.0,,1.94,-0.0395999999999999,604027.0,Micro,Healthcare
GNLX,Genelux Corp,Healthcare,Biotechnology,USA,137210000.0,,3.06,-0.0033,72976.0,Micro,Healthcare
GUTS,Fractyl Health Inc,Healthcare,Biotechnology,USA,128490000.0,,0.81,-0.0369,1358870.0,Micro,Healthcare
HCAT,Health Catalyst Inc,Healthcare,Health Information Services,USA,104560000.0,,1.41,0.0107,297168.0,Micro,Healthcare
HRTX,Heron Therapeutics Inc,Healthcare,Biotechnology,USA,163840000.0,,0.87,-0.0295,1082618.0,Micro,Healthcare
HUMA,Humacyte Inc,Healthcare,Biotechnology,USA,288620000.0,,1.3,0.0156,6956612.0,Micro,Healthcare
HURA,TuHURA Biosciences Inc,Healthcare,Biotechnology,USA,142960000.0,,2.24,-0.0447,254839.0,Micro,Healthcare
HYFT,MindWalk Holdings Corp,Healthcare,Biotechnology,USA,82210000.0,,1.76,-0.0168,237059.0,Micro,Healthcare
HYPD,Hyperion DeFi Inc,Healthcare,Biotechnology,USA,54410000.0,,3.59,0.0436,516879.0,Micro,Healthcare
HYPR,Hyperfine Inc,Healthcare,Medical Devices,USA,154690000.0,,1.56,-0.026,400583.0,Micro,Healthcare
IBIO,iBio Inc,Healthcare,Biotechnology,USA,94390000.0,,1.9,-0.0155,235087.0,Micro,Healthcare
IBO,Impact BioMedical Inc,Healthcare,Biotechnology,USA,56070000.0,,0.52,0.0115,21349.0,Micro,Healthcare
ICCC,Immucell Corp,Healthcare,Biotechnology,USA,93090000.0,,10.29,0.0394,13469.0,Micro,Healthcare
IKT,Inhibikase Therapeutics Inc,Healthcare,Biotechnology,USA,231720000.0,,1.75,-0.0085,149969.0,Micro,Healthcare
IMA,ImageneBio Inc,Healthcare,Biotechnology,USA,69260000.0,,5.86,-0.0101,518.0,Micro,Healthcare
IMDX,Insight Molecular Diagnostics Inc,Healthcare,Diagnostics & Research,USA,208110000.0,,6.45,-0.013,189094.0,Micro,Healthcare
IMUX,Immunic Inc,Healthcare,Biotechnology,USA,203910000.0,,14.97,0.0,223723.0,Micro,Healthcare
INDP,Indaptus Therapeutics Inc,Healthcare,Biotechnology,USA,185720000.0,,1.64,0.1389,30752.0,Micro,Healthcare
INFU,InfuSystem Holdings Inc,Healthcare,Medical Devices,USA,188570000.0,24.81,9.34,0.0313,103186.0,Micro,Healthcare
INGN,Inogen Inc,Healthcare,Medical Devices,USA,176820000.0,,6.53,-0.0014,169559.0,Micro,Healthcare
INKT,MiNK Therapeutics Inc,Healthcare,Biotechnology,USA,61480000.0,,12.34,0.0115,52515.0,Micro,Healthcare
INO,Inovio Pharmaceuticals Inc,Healthcare,Biotechnology,USA,109430000.0,,1.33,0.0231,641276.0,Micro,Healthcare
JYNT,Joint Corp,Healthcare,Medical Care Facilities,USA,128010000.0,40.62,8.98,-0.0197,66625.0,Micro,Healthcare
KLRS,Kalaris Therapeutics Inc,Healthcare,Biotechnology,USA,115910000.0,,5.31,0.0250999999999999,33680.0,Micro,Healthcare
KPTI,Karyopharm Therapeutics Inc,Healthcare,Biotechnology,USA,207370000.0,,9.15,0.0044,151124.0,Micro,Healthcare
KRMD,KORU Medical Systems Inc,Healthcare,Medical Instruments & Supplies,USA,188560000.0,,4.11,-0.0179,14216.0,Micro,Healthcare
KROS,Keros Therapeutics Inc,Healthcare,Biotechnology,USA,223660000.0,,11.3,-0.0079,68420.0,Micro,Healthcare
KRRO,Korro Bio Inc,Healthcare,Biotechnology,USA,190230000.0,,13.19,-0.0157,74404.0,Micro,Healthcare
LENZ,LENZ Therapeutics Inc,Healthcare,Biotechnology,USA,247540000.0,,7.89,-0.0118999999999999,433164.0,Micro,Healthcare
LFCR,Lifecore Biomedical Inc,Healthcare,Drug Manufacturers - Specialty & Generic,USA,188860000.0,,5.03,0.0131,63984.0,Micro,Healthcare
LFMD,LifeMD Inc,Healthcare,Health Information Services,USA,214680000.0,,4.44,-0.0329,656666.0,Micro,Healthcare
LIXT,Lixte Biotechnology Holdings Inc,Healthcare,Biotechnology,USA,75900000.0,,6.13,0.0233999999999999,11158.0,Micro,Healthcare
LNSR,LENSAR Inc,Healthcare,Medical Devices,USA,69850000.0,,5.77,-0.0383,16305.0,Micro,Healthcare
LONA,LeonaBio Inc,Healthcare,Biotechnology,USA,89610000.0,,9.54,-0.0104,7596.0,Micro,Healthcare
LUCD,Lucid Diagnostics Inc,Healthcare,Medical Devices,USA,214240000.0,,1.05,0.0048,396551.0,Micro,Healthcare
LUNG,Pulmonx Corp,Healthcare,Medical Devices,USA,69270000.0,,1.64,-0.0237999999999999,195500.0,Micro,Healthcare
MAIA,MAIA Biotechnology Inc,Healthcare,Biotechnology,USA,78430000.0,,1.29,0.0,369652.0,Micro,Healthcare
MBOT,Microbot Medical Inc,Healthcare,Medical Instruments & Supplies,USA,139700000.0,,2.08,0.0776999999999999,2841592.0,Micro,Healthcare
MCRB,Seres Therapeutics Inc,Healthcare,Biotechnology,USA,72530000.0,,7.49,-0.0118999999999999,29454.0,Micro,Healthcare
MDAI,Spectral AI Inc,Healthcare,Medical Devices,USA,67450000.0,,2.12,-0.0824,1507765.0,Micro,Healthcare
MGNX,Macrogenics Inc,Healthcare,Biotechnology,USA,270140000.0,,4.25,0.0095,173096.0,Micro,Healthcare
MGX,Metagenomi Therapeutics Inc,Healthcare,Biotechnology,USA,51770000.0,,1.38,-0.0179,141698.0,Micro,Healthcare
MNOV,Medicinova Inc,Healthcare,Biotechnology,USA,66200000.0,,1.35,-0.0182,22417.0,Micro,Healthcare
MXCT,MaxCyte Inc,Healthcare,Medical Devices,USA,131760000.0,,1.23,0.0513,985722.0,Micro,Healthcare
NBP,NovaBridge Biosciences ADR,Healthcare,Biotechnology,USA,212880000.0,,1.85,-0.0134,215548.0,Micro,Healthcare
NERV,Minerva Neurosciences Inc,Healthcare,Biotechnology,USA,231080000.0,,4.96,-0.008,30166.0,Micro,Healthcare
NKTX,Nkarta Inc,Healthcare,Biotechnology,USA,231810000.0,,3.24,-0.0182,208093.0,Micro,Healthcare
NRXP,NRX Pharmaceuticals Inc,Healthcare,Biotechnology,USA,163540000.0,,4.51,0.0167,792814.0,Micro,Healthcare
NRXS,Neuraxis Inc,Healthcare,Biotechnology,USA,90030000.0,,7.27,-0.0027,42599.0,Micro,Healthcare
NTHI,NeOnc Technologies Holdings Inc,Healthcare,Biotechnology,USA,121220000.0,,4.66,-0.0271,20410.0,Micro,Healthcare
NVCT,Nuvectis Pharma Inc,Healthcare,Biotechnology,USA,259690000.0,,9.79,-0.0393,46202.0,Micro,Healthcare
OBIO,Orchestra BioMed Holdings Inc,Healthcare,Biotechnology,USA,236530000.0,,3.95,-0.0075,84378.0,Micro,Healthcare
OKUR,OnKure Therapeutics Inc,Healthcare,Biotechnology,USA,174110000.0,,4.31,0.0461,55616.0,Micro,Healthcare
OM,Outset Medical Inc,Healthcare,Medical Devices,USA,90920000.0,,4.91,-0.02,136822.0,Micro,Healthcare
ONCY,Oncolytics Biotech Inc,Healthcare,Biotechnology,USA,124130000.0,,1.04,0.1123,2028858.0,Micro,Healthcare
OPRX,OptimizeRx Corp,Healthcare,Health Information Services,USA,100020000.0,15.09,5.33,0.0451,277996.0,Micro,Healthcare
ORMP,Oramed Pharmaceuticals Inc,Healthcare,Biotechnology,USA,162480000.0,1.54,3.97,0.0025,85458.0,Micro,Healthcare
OSTX,OS Therapies Inc,Healthcare,Biotechnology,USA,95090000.0,,2.13,0.0783,787869.0,Micro,Healthcare
OSUR,Orasure Technologies Inc,Healthcare,Medical Instruments & Supplies,USA,295020000.0,,4.28,0.013,363036.0,Micro,Healthcare
OTLK,Outlook Therapeutics Inc,Healthcare,Biotechnology,USA,89020000.0,,0.74,-0.0046999999999999,25958066.0,Micro,Healthcare
OWLT,Owlet Inc,Healthcare,Medical Devices,USA,163420000.0,,5.64,-0.0608,195594.0,Micro,Healthcare
PARK,Park Dental Partners Inc,Healthcare,Medical Care Facilities,USA,87110000.0,,19.3,0.0242,4829.0,Micro,Healthcare
PDEX,Pro-Dex Inc,Healthcare,Medical Instruments & Supplies,USA,213310000.0,18.43,66.81,-0.0102,15274.0,Micro,Healthcare
PDSB,PDS Biotechnology Corp,Healthcare,Biotechnology,USA,59440000.0,,1.07,-0.0046999999999999,536873.0,Micro,Healthcare
PEPG,PepGen Inc,Healthcare,Biotechnology,USA,105040000.0,,1.52,0.0124,352487.0,Micro,Healthcare
PIII,P3 Health Partners Inc,Healthcare,Medical Care Facilities,USA,103610000.0,,14.3,-0.1318,129496.0,Micro,Healthcare
PLRX,Pliant Therapeutics Inc,Healthcare,Biotechnology,USA,77710000.0,,1.25,0.004,138491.0,Micro,Healthcare
PLX,Protalix BioTherapeutics Inc,Healthcare,Biotechnology,USA,170010000.0,11.51,2.11,0.0048,322592.0,Micro,Healthcare
PLYX,Polaryx Therapeutics Inc,Healthcare,Biotechnology,USA,160960000.0,,3.4,0.1148,409702.0,Micro,Healthcare
PMVP,PMV Pharmaceuticals Inc,Healthcare,Biotechnology,USA,63460000.0,,1.19,0.0,312160.0,Micro,Healthcare
POCI,Precision Optics Corp Inc,Healthcare,Medical Instruments & Supplies,USA,60090000.0,,5.49,0.0,22319.0,Micro,Healthcare
PTHS,Pelthos Therapeutics Inc,Healthcare,Biotechnology,USA,92620000.0,,26.65,0.0329,1887.0,Micro,Healthcare
PYXS,Pyxis Oncology Inc,Healthcare,Biotechnology,USA,114350000.0,,1.8,0.0139999999999999,214873.0,Micro,Healthcare
QSI,Quantum-Si Incorporated,Healthcare,Medical Devices,USA,256950000.0,,1.18,-0.0167,4926922.0,Micro,Healthcare
QTI,QT Imaging Holdings Inc,Healthcare,Medical Devices,USA,61050000.0,,5.07,0.0139999999999999,26310.0,Micro,Healthcare
QTRX,Quanterix Corp,Healthcare,Medical Devices,USA,145790000.0,,3.1,0.0148,441867.0,Micro,Healthcare
QTTB,Q32 Bio Inc,Healthcare,Biotechnology,USA,182600000.0,4.04,10.77,0.0445,943592.0,Micro,Healthcare
RANI,Rani Therapeutics Holdings Inc,Healthcare,Biotechnology,USA,119670000.0,,0.97,0.0152,624400.0,Micro,Healthcare
RCEL,AVITA Medical Inc,Healthcare,Medical Devices,USA,106320000.0,,4.28,-0.0250999999999999,100155.0,Micro,Healthcare
RLYB,Rallybio Corp,Healthcare,Biotechnology,USA,77120000.0,,14.56,0.0024,24473.0,Micro,Healthcare
RNA,Atrium Therapeutics Inc,Healthcare,Biotechnology,USA,227330000.0,,13.29,-0.0052,179703.0,Micro,Healthcare
RNAC,Cartesian Therapeutics Inc,Healthcare,Biotechnology,USA,213460000.0,,7.26,0.0076,166337.0,Micro,Healthcare
RNTX,Rein Therapeutics Inc,Healthcare,Biotechnology,USA,96660000.0,,1.13,0.018,430189.0,Micro,Healthcare
RPID,Rapid Micro Biosystems Inc,Healthcare,Medical Devices,USA,93030000.0,,2.02,-0.0025,48980.0,Micro,Healthcare
RXST,RxSight Inc,Healthcare,Medical Devices,USA,229340000.0,,5.54,-0.0089,436230.0,Micro,Healthcare
SABS,SAB Biotherapeutics Inc,Healthcare,Biotechnology,USA,276040000.0,,3.61,0.0112,112352.0,Micro,Healthcare
SCLX,Scilex Holding Company,Healthcare,Drug Manufacturers - General,USA,80660000.0,,9.5,0.3176,284923.0,Micro,Healthcare
SCYX,Scynexis Inc,Healthcare,Drug Manufacturers - Specialty & Generic,USA,58910000.0,,0.74,0.0086,152800.0,Micro,Healthcare
SEER,Seer Inc,Healthcare,Biotechnology,USA,103640000.0,,1.88,-0.0233,75303.0,Micro,Healthcare
SERA,Sera Prognostics Inc,Healthcare,Medical Devices,USA,83020000.0,,2.12,-0.0093,24494.0,Micro,Healthcare
SGHT,Sight Sciences Inc,Healthcare,Medical Devices,USA,269870000.0,,4.96,-0.0197999999999999,64827.0,Micro,Healthcare
SKYA,SkyAI Inc,Healthcare,Medical Instruments & Supplies,USA,75330000.0,,1.78,0.0056,104062.0,Micro,Healthcare
SMTI,Sanara MedTech Inc,Healthcare,Medical Instruments & Supplies,USA,210910000.0,,23.01,-0.0326,13181.0,Micro,Healthcare
SNWV,Sanuwave Health Inc,Healthcare,Medical Devices,USA,143170000.0,50.93,16.65,-0.0006,22809.0,Micro,Healthcare
SPOK,Spok Holdings Inc,Healthcare,Health Information Services,USA,221410000.0,17.53,10.6,0.0038,72998.0,Micro,Healthcare
SPRB,Spruce Biosciences Inc,Healthcare,Biotechnology,USA,136890000.0,,49.74,0.0112,23547.0,Micro,Healthcare
SPRO,Spero Therapeutics Inc,Healthcare,Biotechnology,USA,163410000.0,11.58,2.82,-0.0268,976615.0,Micro,Healthcare
SRTS,Sensus Healthcare Inc,Healthcare,Medical Devices,USA,53230000.0,,3.23,0.0169,33869.0,Micro,Healthcare
SRZN,Surrozen Inc,Healthcare,Biotechnology,USA,288060000.0,,24.81,-0.0516,91099.0,Micro,Healthcare
STIM,Neuronetics Inc,Healthcare,Medical Devices,USA,104390000.0,,1.5,-0.026,1123671.0,Micro,Healthcare
STXS,Stereotaxis Inc,Healthcare,Medical Instruments & Supplies,USA,195960000.0,,2.01,-0.0361,224134.0,Micro,Healthcare
TARA,Protara Therapeutics Inc,Healthcare,Biotechnology,USA,263020000.0,,4.68,-0.0148,299119.0,Micro,Healthcare
TCRX,Tscan Therapeutics Inc,Healthcare,Biotechnology,USA,71890000.0,,1.1,0.0185,147559.0,Micro,Healthcare
TELO,Telomir Pharmaceuticals Inc,Healthcare,Biotechnology,USA,89160000.0,,1.3,0.0128,101653.0,Micro,Healthcare
TIL,Instil Bio Inc,Healthcare,Biotechnology,USA,55150000.0,,8.13,0.004,9544.0,Micro,Healthcare
TKNO,Alpha Teknova Inc,Healthcare,Drug Manufacturers - Specialty & Generic,USA,270210000.0,,5.04,0.0815,83384.0,Micro,Healthcare
TLSI,TriSalus Life Sciences Inc,Healthcare,Medical Devices,USA,207590000.0,,3.38,0.0336,174246.0,Micro,Healthcare
TMCI,Treace Medical Concepts Inc,Healthcare,Medical Devices,USA,218950000.0,,3.38,0.0958,568068.0,Micro,Healthcare
TNXP,Tonix Pharmaceuticals Holding Corp,Healthcare,Biotechnology,USA,198030000.0,,12.42,-0.0172,288852.0,Micro,Healthcare
TNYA,Tenaya Therapeutics Inc,Healthcare,Biotechnology,USA,182670000.0,,0.84,0.0537,3064585.0,Micro,Healthcare
TRDA,Entrada Therapeutics Inc,Healthcare,Biotechnology,USA,272140000.0,,7.01,0.0279,155555.0,Micro,Healthcare
TTRX,Turn Therapeutics Inc,Healthcare,Biotechnology,USA,153400000.0,,5.15,-0.0301,134660.0,Micro,Healthcare
UNCY,Unicycive Therapeutics Inc,Healthcare,Biotechnology,USA,196720000.0,,7.37,0.0496,408344.0,Micro,Healthcare
UTMD,Utah Medical Products Inc,Healthcare,Medical Instruments & Supplies,USA,214420000.0,19.93,67.34,0.0161,1390.0,Micro,Healthcare
VANI,Vivani Medical Inc,Healthcare,Biotechnology,USA,111670000.0,,1.29,0.0039,60065.0,Micro,Healthcare
VRCA,Verrica Pharmaceuticals Inc,Healthcare,Biotechnology,USA,102900000.0,,5.99,-0.0075,17734.0,Micro,Healthcare
VTVT,vTv Therapeutics Inc,Healthcare,Biotechnology,USA,130340000.0,,33.09,-0.0121999999999999,13806.0,Micro,Healthcare
VYGR,Voyager Therapeutics Inc,Healthcare,Biotechnology,USA,235340000.0,,3.89,-0.0013,288623.0,Micro,Healthcare
WHWK,Whitehawk Therapeutics Inc,Healthcare,Biotechnology,USA,232670000.0,,4.7,-0.0157,132099.0,Micro,Healthcare
WW,WW International Inc,Healthcare,Medical Care Facilities,USA,170580000.0,0.16,17.06,-0.0023,176531.0,Micro,Healthcare
XBIT,XBiotech Inc,Healthcare,Biotechnology,USA,74390000.0,,2.44,0.0,40865.0,Micro,Healthcare
XGN,Exagen Inc,Healthcare,Diagnostics & Research,USA,119350000.0,,4.94,-0.0276,218503.0,Micro,Healthcare
XTNT,Xtant Medical Holdings Inc,Healthcare,Medical Devices,USA,65489999.99999999,42.83,0.47,-0.0066,85596.0,Micro,Healthcare
ZNTL,Zentalis Pharmaceuticals Inc,Healthcare,Biotechnology,USA,290290000.0,,4.08,0.0069,260328.0,Micro,Healthcare
AIRO,AIRO Group Holdings Inc,Industrials,Aerospace & Defense,USA,283580000.0,,9.02,0.0144,1121200.0,Micro,Industrials
AIRT,Air T Inc,Industrials,Conglomerates,USA,59320000.0,,21.95,0.0268,731.0,Micro,Industrials
ALTG,Alta Equipment Group Inc,Industrials,Rental & Leasing Services,USA,204000000.0,,6.27,0.0016,108426.0,Micro,Industrials
AP,Ampco-Pittsburgh Corp,Industrials,Metal Fabrication,USA,225810000.0,,11.11,-0.0195,44692.0,Micro,Industrials
ARQ,Arq Inc,Industrials,Pollution & Treatment Controls,USA,119980000.0,,2.8,0.0163999999999999,172195.0,Micro,Industrials
ATLN,Atlantic International Corp,Industrials,Staffing & Employment Services,USA,121420000.0,,1.53,0.1007,224527.0,Micro,Industrials
BAER,Bridger Aerospace Group Holdings Inc,Industrials,Security & Protection Services,USA,136890000.0,,2.38,-0.0575,1117877.0,Micro,Industrials
BEEP,Mobile Infrastructure Corp,Industrials,Infrastructure Operations,USA,95170000.0,,2.31,0.0,10751.0,Micro,Industrials
BGSF,BGSF Inc,Industrials,Staffing & Employment Services,USA,54660000.0,,5.1,0.0,2211.0,Micro,Industrials
BLNK,Blink Charging Co,Industrials,Engineering & Construction,USA,118440000.0,,0.82,-0.0210999999999999,1375249.0,Micro,Industrials
BNC,CEA Industries Inc,Industrials,Farm & Heavy Construction Machinery,USA,122250000.0,,2.85,0.1133,516893.0,Micro,Industrials
BOOM,DMC Global Inc,Industrials,Conglomerates,USA,140010000.0,,6.84,-0.0566,75483.0,Micro,Industrials
BWEN,Broadwind Inc,Industrials,Specialty Industrial Machinery,USA,82150000.0,16.01,3.51,-0.0449,254298.0,Micro,Industrials
BYRN,Byrna Technologies Inc,Industrials,Aerospace & Defense,USA,143600000.0,17.22,6.33,-0.0336,300733.0,Micro,Industrials
CODA,Coda Octopus Group Inc,Industrials,Aerospace & Defense,USA,142190000.0,34.33,12.61,-0.0225,48994.0,Micro,Industrials
CVU,CPI Aerostructures Inc,Industrials,Aerospace & Defense,USA,69220000.0,40.06,5.24,0.0397,144041.0,Micro,Industrials
DLHC,DLH Holdings Corp,Industrials,Specialty Business Services,USA,81590000.0,,5.63,0.0054,5859.0,Micro,Industrials
EAF,GrafTech International Ltd,Industrials,Electrical Equipment & Parts,USA,257040000.00000003,,9.87,-0.0132,173691.0,Micro,Industrials
EML,Eastern Co,Industrials,Tools & Accessories,USA,130930000.0,34.61,21.71,0.0028,9631.0,Micro,Industrials
ESOA,Energy Services of America Corp,Industrials,Engineering & Construction,USA,280270000.0,27.13,15.02,-0.0852999999999999,244399.0,Micro,Industrials
ESP,Espey Manufacturing & Electronics Corp,Industrials,Electrical Equipment & Parts,USA,171070000.0,15.06,57.1,-0.0426,10594.0,Micro,Industrials
EVI,EVI Industries Inc,Industrials,Industrial Distribution,USA,229070000.0,39.96,17.8,0.0068,11525.0,Micro,Industrials
FLYX,flyExclusive Inc,Industrials,Airlines,USA,248730000.0,,2.59,-0.0115,225385.0,Micro,Industrials
FORR,Forrester Research Inc,Industrials,Consulting Services,USA,135660000.0,,6.99,0.0027,35992.0,Micro,Industrials
GENC,Gencor Industries Inc,Industrials,Farm & Heavy Construction Machinery,USA,206970000.0,13.62,14.12,-0.0235,23818.0,Micro,Industrials
GPUS,Hyperscale Data Inc,Industrials,Aerospace & Defense,USA,91160000.0,,0.19,0.0139999999999999,34798066.0,Micro,Industrials
HQI,HireQuest Inc,Industrials,Staffing & Employment Services,USA,178820000.0,27.54,12.86,-0.0141999999999999,11184.0,Micro,Industrials
HURC,Hurco Companies Inc,Industrials,Specialty Industrial Machinery,USA,110750000.0,,17.18,0.0154,3266.0,Micro,Industrials
INVE,Identiv Inc,Industrials,Building Products & Equipment,USA,98420000.0,,4.1,0.038,51035.0,Micro,Industrials
JELD,JELD-WEN Holding Inc,Industrials,Building Products & Equipment,USA,183930000.0,,2.13,0.0118,937211.0,Micro,Industrials
KSCP,Knightscope Inc,Industrials,Security & Protection Services,USA,51750000.0,,3.0,0.0453,615314.0,Micro,Industrials
LNZA,LanzaTech Global Inc,Industrials,Waste Management,USA,65780000.0,,6.52,-0.0791,86262.0,Micro,Industrials
MHH,Mastech Digital Inc,Industrials,Staffing & Employment Services,USA,74630000.0,31.98,6.22,-0.0032,656.0,Micro,Industrials
MNTS,Momentus Inc,Industrials,Aerospace & Defense,USA,169570000.0,,16.97,-0.1252,6005195.0,Micro,Industrials
NEOV,NeoVolta Inc,Industrials,Electrical Equipment & Parts,USA,84570000.0,,1.98,-0.01,991333.0,Micro,Industrials
NL,NLI Holdings Inc,Industrials,Security & Protection Services,USA,296110000.0,,6.06,-0.1766,177793.0,Micro,Industrials
NNBR,NN Inc,Industrials,Conglomerates,USA,157530000.0,,2.98,-0.0308,431743.0,Micro,Industrials
OPTT,Ocean Power Technologies,Industrials,Specialty Industrial Machinery,USA,86370000.0,,0.38,-0.0375,3468866.0,Micro,Industrials
OPXS,Optex Systems Holdings Inc,Industrials,Aerospace & Defense,USA,77950000.0,18.84,11.2,0.0,31236.0,Micro,Industrials
PAL,Proficient Auto Logistics Inc,Industrials,Integrated Freight & Logistics,USA,153430000.0,,5.53,0.0118999999999999,64144.0,Micro,Industrials
PAMT,PAMT Corp,Industrials,Trucking,USA,288810000.0,,13.79,-0.0115,8393.0,Micro,Industrials
PESI,Perma-Fix Environmental Services Inc,Industrials,Waste Management,USA,184070000.0,,9.91,-0.0144,117095.0,Micro,Industrials
PEW,GrabAGun Digital Holdings Inc,Industrials,Aerospace & Defense,USA,80850000.0,,2.75,0.0,135009.0,Micro,Industrials
POWW,Outdoor Holding Co,Industrials,Aerospace & Defense,USA,243370000.0,,2.08,-0.0072,215058.0,Micro,Industrials
PPIH,Perma-Pipe International Holdings Inc,Industrials,Building Products & Equipment,USA,251820000.0,14.84,31.0,-0.0276,35066.0,Micro,Industrials
PPSI,Pioneer Power Solutions Inc,Industrials,Electrical Equipment & Parts,USA,59870000.0,,5.39,-0.0173,249264.0,Micro,Industrials
RAIL,FreightCar America Inc,Industrials,Railroads,USA,145630000.0,10.13,7.61,-0.0192999999999999,48262.0,Micro,Industrials
RCMT,RCM Technologies Inc,Industrials,Conglomerates,USA,156100000.0,10.38,22.02,0.0192,53261.0,Micro,Industrials
RFIL,RF Industries Ltd,Industrials,Electrical Equipment & Parts,USA,192550000.0,726.73,17.81,-0.0385999999999999,117613.0,Micro,Industrials
RGP,Resources Connection Inc,Industrials,Consulting Services,USA,155170000.0,,4.52,0.0415,208581.0,Micro,Industrials
SHIM,Shimmick Corp,Industrials,Engineering & Construction,USA,130280000.0,,3.55,-0.0056,47746.0,Micro,Industrials
SIF,SIFCO Industries Inc,Industrials,Aerospace & Defense,USA,129400000.0,17.17,20.69,-0.0354,28815.0,Micro,Industrials
SKYX,SKYX Platforms Corp,Industrials,Electrical Equipment & Parts,USA,148600000.0,,1.11,-0.0134,703598.0,Micro,Industrials
SLND,Southland Holdings Inc,Industrials,Engineering & Construction,USA,65599999.99999999,,1.21,-0.0547,54701.0,Micro,Industrials
SMHI,SEACOR Marine Holdings Inc,Industrials,Marine Shipping,USA,207840000.0,,7.68,-0.0065,88975.0,Micro,Industrials
SPAI,Safe Pro Group Inc,Industrials,Aerospace & Defense,USA,121450000.0,,5.89,0.0886999999999999,517394.0,Micro,Industrials
SRFM,Surf Air Mobility Inc,Industrials,Airlines,USA,128000000.0,,1.27,-0.0116,2071139.0,Micro,Industrials
TAYD,Taylor Devices Inc,Industrials,Specialty Industrial Machinery,USA,167220000.0,16.42,51.94,-0.0327,11609.0,Micro,Industrials
TBI,TrueBlue Inc,Industrials,Staffing & Employment Services,USA,191240000.0,,6.29,0.0278,131968.0,Micro,Industrials
TG,Tredegar Corp,Industrials,Metal Fabrication,USA,275750000.0,9.62,7.88,-0.0107,59187.0,Micro,Industrials
TGEN,Tecogen Inc,Industrials,Electrical Equipment & Parts,USA,187440000.0,,6.26,-0.0165,199586.0,Micro,Industrials
TISI,Team Inc,Industrials,Specialty Business Services,USA,72450000.0,,15.85,0.0025,6165.0,Micro,Industrials
TOPP,Toppoint Holdings Inc,Industrials,Trucking,USA,51220000.0,,2.6,-0.0545,918208.0,Micro,Industrials
TUSK,Mammoth Energy Services Inc,Industrials,Conglomerates,USA,160170000.0,,3.33,0.0358,190649.0,Micro,Industrials
TWIN,Twin Disc Incorporated,Industrials,Specialty Industrial Machinery,USA,244470000.0,9.16,16.95,-0.0163,23698.0,Micro,Industrials
ULBI,Ultralife Corp,Industrials,Electrical Equipment & Parts,USA,121850000.0,,7.32,-0.0573,40571.0,Micro,Industrials
VATE,Innovate Corp,Industrials,Engineering & Construction,USA,207560000.0,,15.22,0.0566,53076.0,Micro,Industrials
VWAV,VisionWave Holdings Inc,Industrials,Aerospace & Defense,USA,163110000.0,,6.43,0.0584999999999999,902595.0,Micro,Industrials
WFCF,Where Food Comes From Inc,Industrials,Specialty Business Services,USA,57300000.0,37.77,11.37,-0.0249,5684.0,Micro,Industrials
XTIA,XTI Aerospace Inc,Industrials,Aerospace & Defense,USA,70220000.0,,1.83,-0.1184,7002143.0,Micro,Industrials
ZONE,CleanCore Solutions Inc,Industrials,Pollution & Treatment Controls,USA,177950000.0,,0.8,0.016,1200483.0,Micro,Industrials
ACR,ACRES Commercial Realty Corp,Real Estate,REIT - Mortgage,USA,147180000.0,31.92,20.64,0.0203,8178.0,Micro,Real Estate
ACRE,Ares Commercial Real Estate Corp,Real Estate,REIT - Mortgage,USA,274360000.0,,4.95,-0.0069999999999999,151081.0,Micro,Real Estate
AEI,Alset Inc,Real Estate,Real Estate - Development,USA,60290000.0,,1.55,-0.0663,6852.0,Micro,Real Estate
AOMR,Angel Oak Mortgage REIT Inc,Real Estate,REIT - Mortgage,USA,207290000.0,13.03,8.32,0.0012,64377.0,Micro,Real Estate
ARL,American Realty Investors Inc,Real Estate,Real Estate Services,USA,250520000.0,20.56,15.51,0.0375,814.0,Micro,Real Estate
AXR,AMREP Corp,Real Estate,Real Estate - Development,USA,132980000.0,10.41,25.07,-0.0724,39979.0,Micro,Real Estate
BHM,Bluerock Homes Trust Inc,Real Estate,REIT - Residential,USA,118990000.0,,10.37,0.0475,7063.0,Micro,Real Estate
BHR,Braemar Hotels & Resorts Inc,Real Estate,REIT - Hotel & Motel,USA,169920000.0,,2.47,-0.0143,68570.0,Micro,Real Estate
BRT,BRT Apartments Corp,Real Estate,REIT - Residential,USA,273110000.0,,14.51,-0.0055,13421.0,Micro,Real Estate
CHCI,Comstock Holding Co Inc,Real Estate,Real Estate Services,USA,158290000.0,9.29,15.43,-0.0259,1758.0,Micro,Real Estate
CHMI,Cherry Hill Mortgage Investment Corp,Real Estate,REIT - Mortgage,USA,87440000.0,20.38,2.38,-0.0166,236102.0,Micro,Real Estate
CLPR,Clipper Realty Inc,Real Estate,REIT - Residential,USA,51700000.0,,3.2,0.0031,60512.0,Micro,Real Estate
DOUG,Douglas Elliman Inc,Real Estate,Real Estate Services,USA,165900000.0,,1.83,0.0027,101255.0,Micro,Real Estate
ELME,Elme Communities,Real Estate,REIT - Residential,USA,183490000.0,,2.07,0.0274,1787630.0,Micro,Real Estate
FSP,Franklin Street Properties Corp,Real Estate,REIT - Office,USA,55670000.0,,0.54,-0.0414,277835.0,Micro,Real Estate
GPMT,Granite Point Mortgage Trust Inc,Real Estate,REIT - Mortgage,USA,69990000.0,,1.46,-0.0263,48502.0,Micro,Real Estate
JFB,JFB Construction Holdings,Real Estate,Real Estate - Development,USA,87590000.0,,5.71,-0.0725,608460.0,Micro,Real Estate
LFT,Lument Finance Trust Inc,Real Estate,REIT - Mortgage,USA,55010000.0,,1.05,-0.0195,155612.0,Micro,Real Estate
LPA,Logistic Properties of the Americas,Real Estate,Real Estate - Development,USA,90110000.0,27.46,2.85,-0.0139,11351.0,Micro,Real Estate
MAYS,J.W. Mays Inc,Real Estate,Real Estate Services,USA,84980000.0,,42.16,-0.0138,5.0,Micro,Real Estate
MDV,Modiv Industrial Inc,Real Estate,REIT - Industrial,USA,188510000.0,,18.26,-0.0167,34851.0,Micro,Real Estate
MITT,TPG Mortgage Investment Trust Inc,Real Estate,REIT - Mortgage,USA,247910000.0,19.4,7.8,0.0006,83124.0,Micro,Real Estate
NEN,New England Realty Associates LP,Real Estate,Real Estate Services,USA,170830000.0,,61.23,0.0054,31.0,Micro,Real Estate
NHP,National Healthcare Properties Inc,Real Estate,REIT - Healthcare Facilities,USA,240890000.0,,14.68,-0.0025,101305.0,Micro,Real Estate
NLOP,Net Lease Office Properties,Real Estate,REIT - Office,USA,178880000.0,,12.07,0.0021,19618.0,Micro,Real Estate
NREF,NexPoint Real Estate Finance Inc,Real Estate,REIT - Mortgage,USA,295540000.0,6.08,15.68,0.0051,24453.0,Micro,Real Estate
NXDT,NexPoint Diversified Real Estate Trust,Real Estate,REIT - Diversified,USA,276190000.0,,5.34,-0.0237999999999999,132962.0,Micro,Real Estate
ONL,Orion Properties Inc,Real Estate,REIT - Office,USA,167060000.0,,2.94,-0.0001,160487.0,Micro,Real Estate
OZ,Belpointe PREP LLC,Real Estate,Real Estate - Development,USA,192910000.0,,48.25,0.0105,10148.0,Micro,Real Estate
RC,Ready Capital Corp,Real Estate,REIT - Mortgage,USA,298460000.0,,1.81,0.0036,954978.0,Micro,Real Estate
REFI,Chicago Atlantic Real Estate Finance Inc,Real Estate,REIT - Mortgage,USA,242290000.0,7.97,11.43,-0.0048,80027.0,Micro,Real Estate
RFL,Rafael Holdings Inc,Real Estate,Real Estate Services,USA,71790000.0,,1.38,-0.0072,29741.0,Micro,Real Estate
RPT,Rithm Property Trust Inc,Real Estate,REIT - Mortgage,USA,113280000.0,,14.57,0.0017,10128.0,Micro,Real Estate
SACH,Sachem Capital Corp,Real Estate,REIT - Mortgage,USA,56830000.0,,1.18,-0.0042,46403.0,Micro,Real Estate
SELF,Global Self Storage Inc,Real Estate,REIT - Specialty,USA,58360000.0,29.99,5.11,0.002,19283.0,Micro,Real Estate
SEVN,Seven Hills Realty Trust,Real Estate,REIT - Mortgage,USA,194670000.0,9.79,8.61,-0.0006,40783.0,Micro,Real Estate
SITC,SITE Centers Corp,Real Estate,REIT - Retail,USA,270320000.0,1.56,5.15,-0.0093,298416.0,Micro,Real Estate
SRG,Seritage Growth Properties,Real Estate,Real Estate Services,USA,149860000.0,,2.66,-0.0218,364185.0,Micro,Real Estate
STHO,Star Holdings,Real Estate,Real Estate Services,USA,107280000.0,,8.88,0.0034,761.0,Micro,Real Estate
STRS,Stratus Properties Inc,Real Estate,Real Estate - Diversified,USA,227990000.0,10.6,28.56,-0.0155,12872.0,Micro,Real Estate
STRW,Strawberry Fields Reit Inc,Real Estate,REIT - Healthcare Facilities,USA,177160000.0,20.77,13.19,-0.0042,5071.0,Micro,Real Estate
SUNS,Sunrise Realty Trust Inc,Real Estate,REIT - Mortgage,USA,118420000.0,8.79,8.76,0.0081,25455.0,Micro,Real Estate
AEYE,AudioEye Inc,Technology,Software - Application,USA,97200000.0,,7.78,0.013,62868.0,Micro,Technology
AGPU,Axe Compute Inc,Technology,Software - Infrastructure,USA,65290000.00000001,,6.28,-0.055,148560.0,Micro,Technology
AIB,BlockchAIn Digital Infrastructure Inc,Technology,Software - Application,USA,124240000.0,,3.3,-0.0859,625130.0,Micro,Technology
AIFC,AI Financial Corp,Technology,Software - Infrastructure,USA,123060000.0,,0.88,0.0667,933683.0,Micro,Technology
AIRG,Airgain Inc,Technology,Communication Equipment,USA,88480000.0,,6.98,-0.0372,48202.0,Micro,Technology
AISP,Airship AI Holdings Inc,Technology,Software - Infrastructure,USA,103490000.0,32.91,3.01,0.0186,714052.0,Micro,Technology
ALOT,AstroNova Inc,Technology,Computer Hardware,USA,120930000.0,,15.72,0.0275,77280.0,Micro,Technology
AMCI,AMC Robotics Corp,Technology,Computer Hardware,USA,110060000.0,,4.87,0.0104,19038.0,Micro,Technology
AMPG,Amplitech Group Inc,Technology,Communication Equipment,USA,118350000.0,,4.67,-0.0125,3576492.0,Micro,Technology
ASTC,Astrotech Corp,Technology,Scientific & Technical Instruments,USA,102010000.0,,57.99,0.9704,24249840.0,Micro,Technology
ASTI,Ascent Solar Technologies Inc,Technology,Solar,USA,73900000.0,,7.81,-0.0076,5958842.0,Micro,Technology
ASUR,Asure Software Inc,Technology,Software - Application,USA,260870000.0,,9.1,0.0324,84540.0,Micro,Technology
AVNW,Aviat Networks Inc,Technology,Communication Equipment,USA,229930000.0,25.52,17.77,-0.0011,130774.0,Micro,Technology
BNAI,Brand Engagement Network Inc,Technology,Software - Infrastructure,USA,97030000.0,,14.91,-0.0550999999999999,190066.0,Micro,Technology
BZAI,Blaize Holdings Inc,Technology,Software - Application,USA,253530000.0,,1.78,0.1205,6725510.0,Micro,Technology
CHRN,ChronoScale Corp,Technology,Information Technology Services,USA,65290000.00000001,,18.33,0.0019,133469.0,Micro,Technology
CMRC,Commerce.com Inc,Technology,Software - Application,USA,263630000.0,,3.19,0.0373,467396.0,Micro,Technology
CMTL,Comtech Telecommunications Corp,Technology,Communication Equipment,USA,163830000.0,,5.51,-0.0417,406771.0,Micro,Technology
CNDT,Conduent Inc,Technology,Information Technology Services,USA,269090000.0,,1.74,-0.0306999999999999,527558.0,Micro,Technology
CPSH,CPS Technologies Corp,Technology,Electronic Components,USA,170350000.0,1689.29,9.46,-0.1477,3824966.0,Micro,Technology
CSPI,CSP Inc,Technology,Information Technology Services,USA,100020000.0,,9.93,0.0216,7472.0,Micro,Technology
CTM,Castellum Inc,Technology,Information Technology Services,USA,80140000.0,,0.85,-0.0159,727352.0,Micro,Technology
DHX,DHI Group Inc,Technology,Software - Application,USA,154410000.0,,3.57,-0.0260999999999999,135444.0,Micro,Technology
DOMO,Domo Inc,Technology,Software - Application,USA,188710000.0,,4.18,0.0718,489332.0,Micro,Technology
EGAN,eGain Corp,Technology,Software - Application,USA,205740000.0,5.42,7.49,0.0295,231197.0,Micro,Technology
EGHT,8X8 Inc,Technology,Software - Application,USA,292270000.0,211.22,2.07,-0.0096,862171.0,Micro,Technology
EXFY,Expensify Inc,Technology,Software - Application,USA,112830000.0,,1.17,0.0086,307815.0,Micro,Technology
EXOD,Exodus Movement Inc,Technology,Software - Infrastructure,USA,207540000.0,,6.91,0.0007,22632.0,Micro,Technology
FATN,Fatpipe Inc,Technology,Software - Infrastructure,USA,107430000.0,21.56,7.66,0.0,461483.0,Micro,Technology
FRMM,Forum Markets Inc,Technology,Software - Application,USA,64720000.0,,4.45,0.0421999999999999,186490.0,Micro,Technology
FTCI,FTC Solar Inc,Technology,Solar,USA,90910000.0,,5.68,0.0308999999999999,83186.0,Micro,Technology
GCTS,GCT Semiconductor Holding Inc,Technology,Semiconductors,USA,291200000.0,,3.51,-0.0603,6580461.0,Micro,Technology
GNSS,Genasys Inc,Technology,Scientific & Technical Instruments,USA,99730000.0,,2.19,0.0282,76775.0,Micro,Technology
GOAI,Eva Live Inc,Technology,Software - Infrastructure,USA,120240000.0,,3.29,-0.0291,100396.0,Micro,Technology
GPRO,GoPro Inc,Technology,Consumer Electronics,USA,218710000.0,,1.26,0.0325,3563976.0,Micro,Technology
HCKT,Hackett Group Inc,Technology,Information Technology Services,USA,291940000.0,22.03,11.59,0.0192999999999999,132376.0,Micro,Technology
HIT,Health In Tech Inc,Technology,Software - Application,USA,65200000.0,,0.99,0.0179,108816.0,Micro,Technology
IDN,Intellicheck Inc,Technology,Software - Application,USA,89310000.0,40.65,4.41,0.0256,184573.0,Micro,Technology
III,Information Services Group Inc,Technology,Information Technology Services,USA,218380000.0,21.74,4.57,0.0077,141044.0,Micro,Technology
IMMR,Immersion Corp,Technology,Software - Application,USA,213670000.0,,6.45,0.0039,242542.0,Micro,Technology
INSG,Inseego Corp,Technology,Communication Equipment,USA,217950000.0,21.42,13.39,0.0183,556094.0,Micro,Technology
INTT,Intest Corp,Technology,Semiconductor Equipment & Materials,USA,210270000.0,358.35,16.73,-0.0168,221655.0,Micro,Technology
IPWR,Ideal Power Inc,Technology,Semiconductors,USA,90680000.0,,7.46,-0.0698,1348814.0,Micro,Technology
KLTR,Kaltura Inc,Technology,Software - Application,USA,232330000.0,,1.54,0.0163999999999999,343125.0,Micro,Technology
KULR,KULR Technology Group Inc,Technology,Electronic Components,USA,215770000.0,,4.66,-0.0401,2333880.0,Micro,Technology
LAW,CS Disco Inc,Technology,Software - Application,USA,258460000.0,,4.03,0.0177,227234.0,Micro,Technology
LIDR,AEye Inc,Technology,Software - Infrastructure,USA,93910000.0,,2.03,-0.006,746936.0,Micro,Technology
LINK,Interlink Electronics,Technology,Electronic Components,USA,85440000.0,,5.42,-0.079,49620.0,Micro,Technology
LTRX,Lantronix Inc,Technology,Communication Equipment,USA,297230000.0,,7.47,-0.1166,2948944.0,Micro,Technology
MIND,MIND Technology Inc,Technology,Scientific & Technical Instruments,USA,62080000.0,69.62,6.83,-0.0116,61586.0,Micro,Technology
MVIS,Microvision Inc,Technology,Scientific & Technical Instruments,USA,198320000.0,,0.6,-0.0579,4991619.0,Micro,Technology
NRDY,Nerdy Inc,Technology,Software - Application,USA,157300000.0,,0.83,-0.0060999999999999,122096.0,Micro,Technology
NTWK,Netsol Technologies Inc,Technology,Software - Application,USA,54570000.0,30.74,4.59,-0.0139,8687.0,Micro,Technology
OCC,Optical Cable Corp,Technology,Communication Equipment,USA,122670000.0,,13.89,-0.0341,326430.0,Micro,Technology
QMCO,Quantum Corp,Technology,Computer Hardware,USA,143160000.0,,9.78,0.0494,328174.0,Micro,Technology
RDZN,Roadzen Inc,Technology,Software - Application,USA,159100000.0,,1.88,0.008,175681.0,Micro,Technology
REKR,Rekor Systems Inc,Technology,Software - Infrastructure,USA,114210000.0,,0.83,0.0791999999999999,2787609.0,Micro,Technology
RELL,Richardson Electronics Ltd,Technology,Electronic Components,USA,237980000.0,60.6,16.58,-0.0264,173657.0,Micro,Technology
ROC,Rank One Computing Corp,Technology,Software - Application,USA,95780000.0,,5.02,0.0101,20855.0,Micro,Technology
RSSS,Research Solutions Inc,Technology,Software - Application,USA,75590000.0,16.2,2.26,0.0273,16596.0,Micro,Technology
SCOR,Comscore Inc,Technology,Software - Application,USA,119850000.0,1.66,7.94,0.0245,22837.0,Micro,Technology
SMRT,SmartRent Inc,Technology,Software - Application,USA,246830000.0,,1.28,-0.0229,662985.0,Micro,Technology
SOTK,Sono-Tek Corp,Technology,Scientific & Technical Instruments,USA,78000000.0,43.25,4.97,0.0216,41916.0,Micro,Technology
SPRU,Spruce Power Holding Corp,Technology,Solar,USA,53640000.0,,2.92,0.021,38485.0,Micro,Technology
SPWR,SunPower Inc,Technology,Solar,USA,171900000.0,,1.17,0.1408,3064843.0,Micro,Technology
SSTI,SoundThinking Inc,Technology,Software - Application,USA,98190000.0,,7.58,0.0484,39978.0,Micro,Technology
TBCH,Turtle Beach Corp,Technology,Consumer Electronics,USA,263970000.00000003,419.56,13.3,0.0391,140236.0,Micro,Technology
THRY,Thryv Holdings Inc,Technology,Software - Application,USA,174080000.0,12.25,3.92,0.0038,1246154.0,Micro,Technology
TONX,TON Strategy Co,Technology,Software - Application,USA,226170000.0,,4.0,0.064,208210.0,Micro,Technology
TRAK,ReposiTrak Inc,Technology,Software - Application,USA,189710000.0,27.76,10.44,-0.0113999999999999,48087.0,Micro,Technology
TRT,Trio-Tech International,Technology,Semiconductor Equipment & Materials,USA,126300000.0,379.64,12.49,-0.07,659119.0,Micro,Technology
TTEC,TTEC Holdings Inc,Technology,Information Technology Services,USA,133560000.0,,2.74,0.0129,277221.0,Micro,Technology
UAVS,AgEagle Aerial Systems Inc,Technology,Computer Hardware,USA,66209999.99999999,,1.13,-0.0504,5813449.0,Micro,Technology
UEIC,Universal Electronics Inc,Technology,Consumer Electronics,USA,51910000.0,,4.11,-0.0072,13231.0,Micro,Technology
USBC,USBC Inc,Technology,Scientific & Technical Instruments,USA,135810000.0,,0.35,-0.0533,427014.0,Micro,Technology
VERI,Veritone Inc,Technology,Software - Infrastructure,USA,196590000.0,,2.12,0.0070999999999999,1923957.0,Micro,Technology
VHC,Virnetx Holding Corp,Technology,Software - Infrastructure,USA,66970000.0,,16.0,0.0974,11897.0,Micro,Technology
VTIX,Virtuix Holdings Inc,Technology,Computer Hardware,USA,113860000.0,,3.58,-0.0069,193605.0,Micro,Technology
WATT,Energous Corp,Technology,Communication Equipment,USA,158440000.0,,28.8,0.0492,253019.0,Micro,Technology
WRAP,Wrap Technologies Inc,Technology,Scientific & Technical Instruments,USA,74130000.0,,1.33,-0.05,219061.0,Micro,Technology
WYY,Widepoint Corp,Technology,Information Technology Services,USA,109150000.0,,11.04,0.0147,137809.0,Micro,Technology
AGIG,Abundia Global Impact Group Inc,Utilities,Utilities - Renewable,USA,51510000.0,,1.17,0.0,64501.0,Micro,Utilities
GWRS,Global Water Resources Inc,Utilities,Utilities - Regulated Water,USA,210550000.0,97.86,7.32,-0.0108,77916.0,Micro,Utilities
HDRN,Hadron Energy Inc,Utilities,Utilities - Renewable,USA,58200000.0,35.36,2.91,-0.0332,259738.0,Micro,Utilities
NXXT,NextNRG Inc,Utilities,Utilities - Renewable,USA,102820000.0,,0.65,-0.0862,3827127.0,Micro,Utilities
PCYO,Pure Cycle Corp,Utilities,Utilities - Regulated Water,USA,252130000.0,18.0,10.46,-0.0169,11589.0,Micro,Utilities
RGCO,RGC Resources Inc,Utilities,Utilities - Regulated Gas,USA,236860000.0,16.93,22.76,-0.0091,2282.0,Micro,Utilities
SAFX,XCF Global Inc,Utilities,Utilities - Renewable,USA,160790000.0,1.06,0.48,0.079,4510448.0,Micro,Utilities
STEM,Stem Inc,Utilities,Utilities - Renewable,USA,89660000.0,,10.01,-0.0196,105013.0,Micro,Utilities
VGAS,Verde Clean Fuels Inc,Utilities,Utilities - Renewable,USA,70840000.0,,1.59,-0.0245,12542.0,Micro,Utilities
ALOY,REalloys Inc,Basic Materials,Other Industrial Metals & Mining,USA,568980000.0,,9.3,-0.0447,1433037.0,Small,Basic Materials
ALTO,Alto Ingredients Inc,Basic Materials,Specialty Chemicals,USA,416490000.0,14.67,5.38,0.0317,1615576.0,Small,Basic Materials
ASIX,AdvanSix Inc,Basic Materials,Chemicals,USA,608600000.0,60.26,22.58,-0.021,54967.0,Small,Basic Materials
ASPI,ASP Isotopes Inc,Basic Materials,Chemicals,USA,971970000.0,,7.72,-0.0064,4730803.0,Small,Basic Materials
CMP,Compass Minerals International Inc,Basic Materials,Other Industrial Metals & Mining,USA,1350000000.0,213.22,32.11,-0.0113999999999999,320427.0,Small,Basic Materials
CTGO,Contango Silver & Gold Inc,Basic Materials,Gold,USA,626590000.0,,20.36,0.0207,169026.0,Small,Basic Materials
DC,Dakota Gold Corp,Basic Materials,Gold,USA,784150000.0,,5.86,0.0418,580112.0,Small,Basic Materials
ECVT,Ecovyst Inc,Basic Materials,Specialty Chemicals,USA,1460000000.0,,13.37,0.001,503816.0,Small,Basic Materials
ELE,Elemental Royalty Corp,Basic Materials,Other Precious Metals & Mining,USA,441530000.0,2072.67,17.83,0.0088,116447.0,Small,Basic Materials
FMC,FMC Corp,Basic Materials,Agricultural Inputs,USA,1720000000.0,,13.77,0.0148,986947.0,Small,Basic Materials
GEVO,Gevo Inc,Basic Materials,Specialty Chemicals,USA,458880000.0,,1.89,-0.0078,1262364.0,Small,Basic Materials
GPRE,Green Plains Inc,Basic Materials,Chemicals,USA,1080000000.0,,15.49,-0.0202,310781.0,Small,Basic Materials
IAUX,i-80 Gold Corp,Basic Materials,Gold,USA,1390000000.0,,1.62,0.0093999999999999,7074539.0,Small,Basic Materials
IDR,Idaho Strategic Resources Inc,Basic Materials,Gold,USA,624560000.0,28.38,39.51,0.0227,137338.0,Small,Basic Materials
IPI,Intrepid Potash Inc,Basic Materials,Agricultural Inputs,USA,523870000.0,36.89,39.0,-0.0109,93196.0,Small,Basic Materials
IPX,IperionX Ltd ADR,Basic Materials,Other Industrial Metals & Mining,USA,1390000000.0,,40.99,0.0369,123133.0,Small,Basic Materials
KOP,Koppers Holdings Inc,Basic Materials,Specialty Chemicals,USA,793300000.0,10.82,41.25,-0.001,54712.0,Small,Basic Materials
KRO,Kronos Worldwide Inc,Basic Materials,Specialty Chemicals,USA,842190000.0,,7.32,-0.0214,97671.0,Small,Basic Materials
LODE,Comstock Inc,Basic Materials,Other Precious Metals & Mining,USA,316180000.0,,4.16,0.0208,1090822.0,Small,Basic Materials
LWLG,Lightwave Logic Inc,Basic Materials,Specialty Chemicals,USA,1650000000.0,,10.7,-0.0663,4054519.0,Small,Basic Materials
LXU,LSB Industries Inc,Basic Materials,Chemicals,USA,895790000.0,19.63,12.45,-0.0382,325489.0,Small,Basic Materials
MATV,Mativ Holdings Inc,Basic Materials,Specialty Chemicals,USA,490550000.0,6.6,8.9,-0.0305,120441.0,Small,Basic Materials
METC,Ramaco Resources Inc,Basic Materials,Coking Coal,USA,972270000.0,,15.78,-0.0533999999999999,694718.0,Small,Basic Materials
MSB,Mesabi Trust,Basic Materials,Steel,USA,348210000.0,25.11,26.54,0.0023,13713.0,Small,Basic Materials
MTUS,Metallus Inc,Basic Materials,Steel,USA,812580000.0,349.19,19.52,-0.0146,90618.0,Small,Basic Materials
NB,NioCorp Developments Ltd,Basic Materials,Other Industrial Metals & Mining,USA,833490000.0,,5.72,-0.0394,1602425.0,Small,Basic Materials
NWPX,NWPX Infrastructure Inc,Basic Materials,Steel,USA,1130000000.0,27.53,117.5,-0.0232,56627.0,Small,Basic Materials
ODC,Oil-Dri Corp Of America,Basic Materials,Specialty Chemicals,USA,1040000000.0,21.12,77.49,-0.0231,27737.0,Small,Basic Materials
REA,Rare Earths Americas Inc,Basic Materials,Other Industrial Metals & Mining,USA,432200000.0,,21.67,0.0361,105172.0,Small,Basic Materials
REX,REX American Resources Corp,Basic Materials,Chemicals,USA,1510000000.0,16.34,45.87,-0.0496,88793.0,Small,Basic Materials
RMIX,Suncrete Inc,Basic Materials,Building Materials,USA,1270000000.0,,17.92,0.066,210816.0,Small,Basic Materials
RYAM,Rayonier Advanced Materials Inc,Basic Materials,Chemicals,USA,615660000.0,,9.13,-0.0109,251860.0,Small,Basic Materials
SCL,Stepan Co,Basic Materials,Specialty Chemicals,USA,1220000000.0,,53.63,-0.0040999999999999,20937.0,Small,Basic Materials
SLVM,Sylvamo Corp,Basic Materials,Paper & Paper Products,USA,1550000000.0,15.43,39.03,-0.0098999999999999,277549.0,Small,Basic Materials
SXC,SunCoke Energy Inc,Basic Materials,Coking Coal,USA,753920000.0,,8.89,-0.0395,650979.0,Small,Basic Materials
TROX,Tronox Holdings plc,Basic Materials,Chemicals,USA,1260000000.0,,7.88,-0.0508,1021593.0,Small,Basic Materials
UAMY,United States Antimony Corp,Basic Materials,Other Industrial Metals & Mining,USA,1330000000.0,,8.98,-0.0132,3996303.0,Small,Basic Materials
UAN,CVR Partners LP,Basic Materials,Agricultural Inputs,USA,1280000000.0,10.58,121.56,-0.0098999999999999,28755.0,Small,Basic Materials
VGZ,Vista Gold Corp,Basic Materials,Gold,USA,351870000.0,,2.41,0.0391,1081188.0,Small,Basic Materials
VHI,Valhi Inc,Basic Materials,Chemicals,USA,413350000.0,,14.6,-0.0044,11533.0,Small,Basic Materials
WLKP,Westlake Chemical Partners LP,Basic Materials,Chemicals,USA,812240000.0,14.02,23.05,0.0121,33998.0,Small,Basic Materials
ADV,Advantage Solutions Inc,Communication Services,Advertising Agencies,USA,501360000.0,,37.71,-0.0353,90060.0,Small,Communication Services
AENT,Alliance Entertainment Holding Corp,Communication Services,Entertainment,USA,307890000.0,13.79,6.04,-0.0679,10785.0,Small,Communication Services
AMC,AMC Entertainment Holdings Inc,Communication Services,Entertainment,USA,1080000000.0,,1.76,0.1171,29469042.0,Small,Communication Services
AMCX,AMC Global Media Inc,Communication Services,Entertainment,USA,425150000.0,16.23,9.68,-0.0154,139290.0,Small,Communication Services
ANGX,Angel Studios Inc,Communication Services,Entertainment,USA,518210000.00000006,,2.78,-0.0177,382069.0,Small,Communication Services
ATEX,Anterix Inc,Communication Services,Telecom Services,USA,1190000000.0,14.57,63.32,-0.0264,224021.0,Small,Communication Services
ATNI,ATN International Inc,Communication Services,Telecom Services,USA,428900000.0,,27.89,-0.0197,20233.0,Small,Communication Services
BMBL,Bumble Inc,Communication Services,Internet Content & Information,USA,421940000.0,,3.23,-0.0077,1102876.0,Small,Communication Services
CARS,Cars.com,Communication Services,Internet Content & Information,USA,583570000.0,24.02,10.44,0.0255,314107.0,Small,Communication Services
CCO,Clear Channel Outdoor Holdings Inc,Communication Services,Advertising Agencies,USA,1220000000.0,,2.4,0.0,3965821.0,Small,Communication Services
CCOI,Cogent Communications Holdings Inc,Communication Services,Telecom Services,USA,897350000.0,,17.92,-0.0959,1039446.0,Small,Communication Services
CXDO,Crexendo Inc,Communication Services,Telecom Services,USA,321730000.0,69.94,9.93,-0.003,240499.0,Small,Communication Services
DV,DoubleVerify Holdings Inc,Communication Services,Advertising Agencies,USA,1490000000.0,29.33,9.71,0.0051,1234452.0,Small,Communication Services
EEX,Emerald Holding Inc,Communication Services,Advertising Agencies,USA,987410000.0,,4.99,-0.0022,32098.0,Small,Communication Services
EVC,Entravision Communications Corp,Communication Services,Advertising Agencies,USA,846300000.0,,9.19,-0.0197,1357970.0,Small,Communication Services
EVER,EverQuote Inc,Communication Services,Internet Content & Information,USA,688500000.0,6.65,19.46,0.0304,176205.0,Small,Communication Services
FUBO,fuboTV Inc,Communication Services,Broadcasting,USA,1120000000.0,2.4,10.35,-0.0081,755316.0,Small,Communication Services
GETY,Getty Images Holdings Inc,Communication Services,Internet Content & Information,USA,450380000.0,,1.08,-0.0401999999999999,1753102.0,Small,Communication Services
GLIBA,Liberty Capital Corp,Communication Services,Telecom Services,USA,907300000.0,,22.7,-0.0253,27911.0,Small,Communication Services
GLIBK,Liberty Capital Corp,Communication Services,Telecom Services,USA,906010000.0,,22.67,-0.0266999999999999,316187.0,Small,Communication Services
GOGO,Gogo Inc,Communication Services,Telecom Services,USA,619390000.0,45.48,4.58,-0.0418,1018743.0,Small,Communication Services
GRPN,Groupon Inc,Communication Services,Internet Content & Information,USA,770690000.0,,20.29,-0.0429,788129.0,Small,Communication Services
GTN,Gray Media Inc,Communication Services,Broadcasting,USA,450380000.0,,4.05,-0.0276,458289.0,Small,Communication Services
IDT,IDT Corp,Communication Services,Telecom Services,USA,1400000000.0,17.14,55.76,0.0316,59471.0,Small,Communication Services
IHRT,iHeartMedia Inc,Communication Services,Broadcasting,USA,579980000.0,,4.24,-0.1248,3093151.0,Small,Communication Services
LILA,Liberty Latin America Ltd,Communication Services,Telecom Services,USA,1600000000.0,,7.86,-0.015,147542.0,Small,Communication Services
LILAK,Liberty Latin America Ltd,Communication Services,Telecom Services,USA,1610000000.0,,8.01,-0.0144999999999999,290585.0,Small,Communication Services
MAX,MediaAlpha Inc,Communication Services,Internet Content & Information,USA,568330000.0,14.33,9.11,0.0253,206232.0,Small,Communication Services
MCS,Marcus Corp,Communication Services,Entertainment,USA,570570000.0,42.53,19.0,0.0026,41743.0,Small,Communication Services
NMAX,Newsmax Inc,Communication Services,Broadcasting,USA,1110000000.0,,8.56,-0.02,1222250.0,Small,Communication Services
NRDS,Nerdwallet Inc,Communication Services,Internet Content & Information,USA,568180000.0,9.27,8.64,0.0076,324069.0,Small,Communication Services
NXDR,Nextdoor Holdings Inc,Communication Services,Internet Content & Information,USA,827570000.0,,2.17,-0.0,1318549.0,Small,Communication Services
OPTU,Optimum Communications Inc,Communication Services,Telecom Services,USA,307320000.0,,0.64,0.0668,2548939.0,Small,Communication Services
PLAY,Dave & Buster's Entertainment Inc,Communication Services,Entertainment,USA,471410000.0,,13.57,0.0052,754915.0,Small,Communication Services
QNST,QuinStreet Inc,Communication Services,Advertising Agencies,USA,724960000.0,11.2,12.62,0.0153,469941.0,Small,Communication Services
RSVR,Reservoir Media Inc,Communication Services,Entertainment,USA,666500000.0,81.35,10.16,0.001,53060.0,Small,Communication Services
SBGI,Sinclair Inc,Communication Services,Broadcasting,USA,1020000000.0,15.65,14.15,-0.0105,173412.0,Small,Communication Services
SCHL,Scholastic Corp,Communication Services,Publishing,USA,878740000.0,16.27,40.42,-0.0118,128604.0,Small,Communication Services
SHEN,Shenandoah Telecommunications Co,Communication Services,Telecom Services,USA,873540000.0,,15.79,-0.018,107340.0,Small,Communication Services
SSP,E.W. Scripps Co,Communication Services,Broadcasting,USA,315360000.0,,3.45,-0.0157,159136.0,Small,Communication Services
SSTK,Shutterstock Inc,Communication Services,Internet Content & Information,USA,555110000.0,,15.11,-0.0277,483712.0,Small,Communication Services
STGW,Stagwell Inc,Communication Services,Advertising Agencies,USA,1760000000.0,98.99,7.11,0.0139999999999999,1195805.0,Small,Communication Services
STRZ,Starz Entertainment Corp,Communication Services,Entertainment,USA,386240000.0,,23.0,-0.0545,29537.0,Small,Communication Services
TBLA,Taboola.com Ltd,Communication Services,Internet Content & Information,USA,1340000000.0,13.03,4.9,-0.02,2627804.0,Small,Communication Services
TDAY,USA TODAY Co Inc,Communication Services,Publishing,USA,1150000000.0,176.13,7.82,0.013,1318092.0,Small,Communication Services
UPWK,Upwork Inc,Communication Services,Internet Content & Information,USA,1110000000.0,11.18,8.97,0.0441999999999999,1851273.0,Small,Communication Services
WBTN,Webtoon Entertainment Inc,Communication Services,Internet Content & Information,USA,1680000000.0,,12.4,0.0353,152638.0,Small,Communication Services
YELP,Yelp Inc,Communication Services,Internet Content & Information,USA,1270000000.0,10.55,23.13,-0.0073,556272.0,Small,Communication Services
ZD,Ziff Davis Inc,Communication Services,Advertising Agencies,USA,1670000000.0,39.77,45.21,0.0031,250881.0,Small,Communication Services
ACEL,Accel Entertainment Inc,Consumer Cyclical,Gambling,USA,977530000.0,19.68,12.01,-0.0025,71887.0,Small,Consumer Cyclical
ACVA,ACV Auctions Inc,Consumer Cyclical,Auto & Truck Dealerships,USA,1160000000.0,,6.62,0.0494,2120334.0,Small,Consumer Cyclical
ADNT,Adient plc,Consumer Cyclical,Auto Parts,USA,1800000000.0,32.26,22.99,-0.0318,272262.0,Small,Consumer Cyclical
AIN,Albany International Corp,Consumer Cyclical,Textile Manufacturing,USA,1840000000.0,,64.76,0.0015,38424.0,Small,Consumer Cyclical
AMWD,American Woodmark Corp,Consumer Cyclical,"Furnishings, Fixtures & Appliances",USA,700650000.0,41.38,48.09,0.0,0.0,Small,Consumer Cyclical
ARCO,Arcos Dorados Holdings Inc,Consumer Cyclical,Restaurants,USA,1830000000.0,7.83,8.7,-0.0186,398407.0,Small,Consumer Cyclical
ARHS,Arhaus Inc,Consumer Cyclical,Specialty Retail,USA,963470000.0,14.9,6.81,-0.0077,423647.0,Small,Consumer Cyclical
ARKO,ARKO Corp,Consumer Cyclical,Specialty Retail,USA,877850000.0,39.68,7.82,-0.0006,276277.0,Small,Consumer Cyclical
BALY,Ballys Corp,Consumer Cyclical,Resorts & Casinos,USA,702650000.0,,14.35,0.0260999999999999,17076.0,Small,Consumer Cyclical
BBBY,Bed Bath & Beyond Inc,Consumer Cyclical,Internet Retail,USA,468550000.0,,6.34,-0.0129,883263.0,Small,Consumer Cyclical
BBW,Build A Bear Workshop Inc,Consumer Cyclical,Specialty Retail,USA,474520000.0,8.83,37.72,-0.0304,205770.0,Small,Consumer Cyclical
BH,Biglari Holdings Inc,Consumer Cyclical,Restaurants,USA,933260000.0,,293.14,0.0434,76054.0,Small,Consumer Cyclical
BJRI,BJ's Restaurant Inc,Consumer Cyclical,Restaurants,USA,999820000.0,24.0,47.57,0.023,162831.0,Small,Consumer Cyclical
BLMN,Bloomin Brands Inc,Consumer Cyclical,Restaurants,USA,741030000.0,34.48,8.66,0.0403,1156210.0,Small,Consumer Cyclical
BNED,Barnes & Noble Education Inc,Consumer Cyclical,Specialty Retail,USA,352560000.0,,10.28,-0.0019,182762.0,Small,Consumer Cyclical
BOBS,Bob's Discount Furniture Inc,Consumer Cyclical,Specialty Retail,USA,1750000000.0,,13.41,-0.0045,223567.0,Small,Consumer Cyclical
BRCB,Black Rock Coffee Bar Inc,Consumer Cyclical,Restaurants,USA,415660000.0,,8.3,-0.023,670620.0,Small,Consumer Cyclical
BZH,Beazer Homes USA Inc,Consumer Cyclical,Residential Construction,USA,700840000.0,,25.64,0.0187,193567.0,Small,Consumer Cyclical
CAL,Caleres Inc,Consumer Cyclical,Apparel Retail,USA,492800000.0,,14.61,-0.0044,263301.0,Small,Consumer Cyclical
CBRL,Cracker Barrel Old Country Store Inc,Consumer Cyclical,Restaurants,USA,757030000.0,,33.87,-0.0102,277502.0,Small,Consumer Cyclical
CNNE,Cannae Holdings Inc,Consumer Cyclical,Restaurants,USA,654740000.0,,14.9,0.0034,292892.0,Small,Consumer Cyclical
CPS,Cooper-Standard Holdings Inc,Consumer Cyclical,Auto Parts,USA,537630000.0,,30.28,-0.0116999999999999,43114.0,Small,Consumer Cyclical
CRI,Carters Inc,Consumer Cyclical,Apparel Retail,USA,1420000000.0,15.56,38.58,-0.0384,231520.0,Small,Consumer Cyclical
CSV,Carriage Services Inc,Consumer Cyclical,Personal Services,USA,664800000.0,15.13,41.88,-0.0143,25482.0,Small,Consumer Cyclical
CTRN,Citi Trends Inc,Consumer Cyclical,Apparel Retail,USA,372940000.0,75.51,44.6,-0.1167,80380.0,Small,Consumer Cyclical
CVEO,Civeo Corp,Consumer Cyclical,Lodging,USA,381810000.0,,34.89,-0.0017,25334.0,Small,Consumer Cyclical
CWH,Camping World Holdings Inc,Consumer Cyclical,Auto & Truck Dealerships,USA,764800000.0,,7.43,-0.0305,814695.0,Small,Consumer Cyclical
DBI,Designer Brands Inc,Consumer Cyclical,Footwear & Accessories,USA,390270000.0,,7.69,-0.0253,164349.0,Small,Consumer Cyclical
DCH,Dauch Corp,Consumer Cyclical,Auto Parts,USA,1590000000.0,,6.7,-0.0111,1204068.0,Small,Consumer Cyclical
DFH,Dream Finders Homes Inc,Consumer Cyclical,Residential Construction,USA,1450000000.0,9.48,15.89,0.0232,246701.0,Small,Consumer Cyclical
DIN,Dine Brands Global Inc,Consumer Cyclical,Restaurants,USA,403130000.0,30.7,31.78,0.0179,59985.0,Small,Consumer Cyclical
ELA,Envela Corp,Consumer Cyclical,Luxury Goods,USA,654280000.0,31.25,25.2,-0.084,118206.0,Small,Consumer Cyclical
ETD,Ethan Allen Interiors Inc,Consumer Cyclical,"Furnishings, Fixtures & Appliances",USA,534370000.0,13.32,21.0,-0.0019,195663.0,Small,Consumer Cyclical
EVGO,EVgo Inc,Consumer Cyclical,Specialty Retail,USA,702140000.0,,2.24,0.0356999999999999,2845523.0,Small,Consumer Cyclical
EYE,National Vision Holdings Inc,Consumer Cyclical,Specialty Retail,USA,1350000000.0,29.44,16.89,-0.0282,565749.0,Small,Consumer Cyclical
FIGS,Figs Inc,Consumer Cyclical,Apparel Manufacturing,USA,2000000000.0,54.64,11.96,-0.0245,1146680.0,Small,Consumer Cyclical
FLXS,Flexsteel Industries Inc,Consumer Cyclical,"Furnishings, Fixtures & Appliances",USA,319270000.0,10.82,59.62,-0.0043,49045.0,Small,Consumer Cyclical
FNKO,Funko Inc,Consumer Cyclical,Leisure,USA,320740000.0,,5.73,0.0426999999999999,674876.0,Small,Consumer Cyclical
FOXF,Fox Factory Holding Corp,Consumer Cyclical,Auto Parts,USA,770470000.0,,18.37,-0.0243,148815.0,Small,Consumer Cyclical
FWDI,Forward Industries Inc,Consumer Cyclical,Footwear & Accessories,USA,349870000.0,,4.68,0.0297,475925.0,Small,Consumer Cyclical
FWRG,First Watch Restaurant Group Inc,Consumer Cyclical,Restaurants,USA,724950000.0,42.21,11.76,0.006,636242.0,Small,Consumer Cyclical
GCO,Genesco Inc,Consumer Cyclical,Apparel Retail,USA,406960000.0,33.39,37.48,0.0302,217834.0,Small,Consumer Cyclical
GIII,G-III Apparel Group Ltd,Consumer Cyclical,Apparel Manufacturing,USA,1360000000.0,21.58,32.3,-0.019,140463.0,Small,Consumer Cyclical
GT,Goodyear Tire & Rubber Co,Consumer Cyclical,Auto Parts,USA,1760000000.0,,6.12,-0.0121,2982026.0,Small,Consumer Cyclical
HLLY,Holley Inc,Consumer Cyclical,Auto Parts,USA,332760000.0,14.16,2.76,-0.0467,402472.0,Small,Consumer Cyclical
HOV,Hovnanian Enterprises Inc,Consumer Cyclical,Residential Construction,USA,694380000.0,31.47,111.82,0.0037,79950.0,Small,Consumer Cyclical
HVT,Haverty Furniture Cos. Inc,Consumer Cyclical,Home Improvement Retail,USA,379200000.0,19.27,23.45,-0.0157,39404.0,Small,Consumer Cyclical
HYLN,Hyliion Holdings Corp,Consumer Cyclical,Auto Parts,USA,1260000000.0,,7.04,-0.0209,4288127.0,Small,Consumer Cyclical
HZO,Marinemax Inc,Consumer Cyclical,Specialty Retail,USA,762170000.0,,34.6,-0.0159,95487.0,Small,Consumer Cyclical
JOUT,Johnson Outdoors Inc,Consumer Cyclical,Leisure,USA,470420000.0,,45.38,-0.0025,18197.0,Small,Consumer Cyclical
KRT,Karat Packaging Inc,Consumer Cyclical,Packaging & Containers,USA,543020000.0,17.23,27.2,-0.0055,19767.0,Small,Consumer Cyclical
KRUS,Kura Sushi USA Inc,Consumer Cyclical,Restaurants,USA,689150000.0,,56.73,-0.0093999999999999,92626.0,Small,Consumer Cyclical
KSS,Kohl's Corp,Consumer Cyclical,Department Stores,USA,1610000000.0,6.09,14.35,-0.0799,4231888.0,Small,Consumer Cyclical
LE,Lands' End Inc,Consumer Cyclical,Apparel Retail,USA,358100000.0,65.98,11.65,-0.0156,59191.0,Small,Consumer Cyclical
LEG,Leggett & Platt Inc,Consumer Cyclical,"Furnishings, Fixtures & Appliances",USA,1410000000.0,6.42,10.31,-0.0072,1840067.0,Small,Consumer Cyclical
LEGH,Legacy Housing Corp,Consumer Cyclical,Residential Construction,USA,581230000.0,13.94,24.44,0.0066,78208.0,Small,Consumer Cyclical
LGIH,LGI Homes Inc,Consumer Cyclical,Residential Construction,USA,1130000000.0,15.97,48.65,-0.0023,186030.0,Small,Consumer Cyclical
LIND,Lindblad Expeditions Holdings Inc,Consumer Cyclical,Travel Services,USA,1520000000.0,,23.21,0.01,626327.0,Small,Consumer Cyclical
LOCO,El Pollo Loco Holdings Inc,Consumer Cyclical,Restaurants,USA,456520000.0,15.15,14.99,0.0746,438414.0,Small,Consumer Cyclical
LQDT,Liquidity Services Inc,Consumer Cyclical,Internet Retail,USA,1120000000.0,38.43,35.87,-0.0127,80123.0,Small,Consumer Cyclical
LUCK,Lucky Strike Entertainment Corp,Consumer Cyclical,Leisure,USA,1310000000.0,,8.38,-0.0605,31620.0,Small,Consumer Cyclical
LZB,La-Z-Boy Inc,Consumer Cyclical,"Furnishings, Fixtures & Appliances",USA,1540000000.0,18.67,37.6,-0.0143,88688.0,Small,Consumer Cyclical
MBC,MasterBrand Inc,Consumer Cyclical,"Furnishings, Fixtures & Appliances",USA,1120000000.0,,8.72,-0.0401999999999999,2649273.0,Small,Consumer Cyclical
MBUU,Malibu Boats Inc,Consumer Cyclical,Recreational Vehicles,USA,543550000.0,,27.68,-0.0058,39821.0,Small,Consumer Cyclical
MCFT,MasterCraft Boat Holdings Inc,Consumer Cyclical,Recreational Vehicles,USA,577530000.0,35.19,23.64,-0.0163999999999999,30275.0,Small,Consumer Cyclical
MLKN,MillerKnoll Inc,Consumer Cyclical,"Furnishings, Fixtures & Appliances",USA,1110000000.0,115.15,16.22,-0.0155,145605.0,Small,Consumer Cyclical
MLR,Miller Industries Inc,Consumer Cyclical,Auto Parts,USA,553150000.0,36.29,48.54,-0.0060999999999999,25696.0,Small,Consumer Cyclical
MNRO,Monro Inc,Consumer Cyclical,Auto Parts,USA,504980000.0,4805.26,16.82,0.0118999999999999,510523.0,Small,Consumer Cyclical
MOV,Movado Group Inc,Consumer Cyclical,Luxury Goods,USA,598220000.0,26.98,37.93,0.0657,282142.0,Small,Consumer Cyclical
MVST,Microvast Holdings Inc,Consumer Cyclical,Auto Parts,USA,508060000.0,,1.52,-0.0469,2558602.0,Small,Consumer Cyclical
MYE,Myers Industries Inc,Consumer Cyclical,Packaging & Containers,USA,863330000.0,32.83,22.99,-0.0116999999999999,76989.0,Small,Consumer Cyclical
NATH,Nathan's Famous Inc,Consumer Cyclical,Restaurants,USA,413430000.0,19.39,100.97,-0.0022,2030.0,Small,Consumer Cyclical
NEGG,Newegg Commerce Inc,Consumer Cyclical,Internet Retail,USA,372210000.0,,17.75,-0.0464,40555.0,Small,Consumer Cyclical
OI,O-I Glass Inc,Consumer Cyclical,Packaging & Containers,USA,1360000000.0,,8.85,-0.0279999999999999,2850734.0,Small,Consumer Cyclical
OLPX,Olaplex Holdings Inc,Consumer Cyclical,Specialty Retail,USA,1380000000.0,,2.05,0.0,2331398.0,Small,Consumer Cyclical
ORBS,Eightco Holdings Inc,Consumer Cyclical,Packaging & Containers,USA,359690000.0,,0.93,-0.0364,11684671.0,Small,Consumer Cyclical
OXM,Oxford Industries Inc,Consumer Cyclical,Apparel Manufacturing,USA,667190000.0,,44.78,-0.0475,96771.0,Small,Consumer Cyclical
PACK,Ranpak Holdings Corp,Consumer Cyclical,Packaging & Containers,USA,585980000.0,,6.85,-0.0227999999999999,208109.0,Small,Consumer Cyclical
PLOW,Douglas Dynamics Inc,Consumer Cyclical,Auto Parts,USA,1030000000.0,20.1,44.7,0.0031,42487.0,Small,Consumer Cyclical
PRKS,United Parks & Resorts Inc,Consumer Cyclical,Leisure,USA,1900000000.0,15.2,40.25,0.0292,455395.0,Small,Consumer Cyclical
PRSU,Pursuit Attractions and Hospitality Inc,Consumer Cyclical,Travel Services,USA,1220000000.0,42.77,44.79,-0.0152,52401.0,Small,Consumer Cyclical
PTLO,Portillos Inc,Consumer Cyclical,Restaurants,USA,327840000.0,19.53,4.32,0.0152,603589.0,Small,Consumer Cyclical
PZZA,Papa John's International Inc,Consumer Cyclical,Restaurants,USA,1110000000.0,40.38,33.63,-0.0293,1112812.0,Small,Consumer Cyclical
RDNW,RideNow Group Inc,Consumer Cyclical,Auto & Truck Dealerships,USA,310630000.0,,8.05,-0.0062,34266.0,Small,Consumer Cyclical
REAL,Therealreal Inc,Consumer Cyclical,Luxury Goods,USA,1170000000.0,,9.68,-0.0133,1000442.0,Small,Consumer Cyclical
RVLV,Revolve Group Inc,Consumer Cyclical,Internet Retail,USA,1390000000.0,21.82,19.44,-0.0484,346379.0,Small,Consumer Cyclical
SBH,Sally Beauty Holdings Inc,Consumer Cyclical,Specialty Retail,USA,1260000000.0,7.29,13.23,-0.0017,412214.0,Small,Consumer Cyclical
SCVL,Shoe Carnival Inc,Consumer Cyclical,Apparel Retail,USA,486480000.0,13.09,17.71,0.0062,181506.0,Small,Consumer Cyclical
SES,SES AI Corp,Consumer Cyclical,Auto Parts,USA,491150000.0,,1.33,-0.0362,5176182.0,Small,Consumer Cyclical
SFIX,Stitch Fix Inc,Consumer Cyclical,Apparel Retail,USA,491480000.0,,3.6,-0.0243999999999999,687098.0,Small,Consumer Cyclical
SG,Sweetgreen Inc,Consumer Cyclical,Restaurants,USA,1190000000.0,80.18,9.98,-0.023,3297976.0,Small,Consumer Cyclical
SLDP,Solid Power Inc,Consumer Cyclical,Auto Parts,USA,751040000.0,,3.34,-0.0153,3455849.0,Small,Consumer Cyclical
SMP,Standard Motor Products Inc,Consumer Cyclical,Auto Parts,USA,882640000.0,19.53,39.65,-0.0233,26441.0,Small,Consumer Cyclical
STRT,Strattec Security Corp,Consumer Cyclical,Auto Parts,USA,336130000.0,13.27,80.44,0.0154,52677.0,Small,Consumer Cyclical
SVV,Savers Value Village Inc,Consumer Cyclical,Specialty Retail,USA,1370000000.0,67.36,8.86,-0.0161,381033.0,Small,Consumer Cyclical
TDUP,ThredUp Inc,Consumer Cyclical,Internet Retail,USA,603920000.0,,4.68,-0.0189,636395.0,Small,Consumer Cyclical
THRM,Gentherm Inc,Consumer Cyclical,Auto Parts,USA,1070000000.0,47.38,34.85,-0.0007,72925.0,Small,Consumer Cyclical
TILE,Interface Inc,Consumer Cyclical,"Furnishings, Fixtures & Appliances",USA,1720000000.0,13.81,29.59,-0.0103,232629.0,Small,Consumer Cyclical
TRIP,TripAdvisor Inc,Consumer Cyclical,Travel Services,USA,1310000000.0,116.63,11.25,0.0325,1718458.0,Small,Consumer Cyclical
TRON,Tron Inc,Consumer Cyclical,Leisure,USA,953500000.0,,2.01,0.0,389051.0,Small,Consumer Cyclical
TRS,Trimas Corp,Consumer Cyclical,Packaging & Containers,USA,1480000000.0,1.72,41.29,-0.0029,88188.0,Small,Consumer Cyclical
WEN,Wendy's Co,Consumer Cyclical,Restaurants,USA,1470000000.0,9.94,7.71,0.0279999999999999,5578801.0,Small,Consumer Cyclical
WEYS,Weyco Group Inc,Consumer Cyclical,Footwear & Accessories,USA,339910000.0,14.35,35.66,-0.0045,4867.0,Small,Consumer Cyclical
WGO,Winnebago Industries Inc,Consumer Cyclical,Recreational Vehicles,USA,841940000.0,20.24,29.79,-0.0179,238035.0,Small,Consumer Cyclical
WINA,Winmark Corp,Consumer Cyclical,Specialty Retail,USA,1360000000.0,34.21,379.26,-0.031,39534.0,Small,Consumer Cyclical
WOOF,Petco Health and Wellness Co Inc,Consumer Cyclical,Specialty Retail,USA,870840000.0,101.33,3.05,0.0098999999999999,707813.0,Small,Consumer Cyclical
WWW,Wolverine World Wide Inc,Consumer Cyclical,Footwear & Accessories,USA,1430000000.0,14.12,17.48,-0.0155,541000.0,Small,Consumer Cyclical
XMAX,XMax Inc,Consumer Cyclical,"Furnishings, Fixtures & Appliances",USA,544120000.0,,8.56,0.0029,352522.0,Small,Consumer Cyclical
XPEL,XPEL Inc,Consumer Cyclical,Auto Parts,USA,1270000000.0,24.12,46.09,-0.0179,87184.0,Small,Consumer Cyclical
ZUMZ,Zumiez Inc,Consumer Cyclical,Apparel Retail,USA,428710000.0,28.8,24.84,-0.0187999999999999,45291.0,Small,Consumer Cyclical
ALCO,Alico Inc,Consumer Defensive,Farm Products,USA,308960000.0,,41.66,-0.0012,7803.0,Small,Consumer Defensive
APEI,American Public Education Inc,Consumer Defensive,Education & Training Services,USA,909650000.0,26.21,49.59,-0.0273,73827.0,Small,Consumer Defensive
AVO,Mission Produce Inc,Consumer Defensive,Food Distribution,USA,806700000.0,24.48,11.39,0.0121999999999999,1270543.0,Small,Consumer Defensive
BGS,B&G Foods Inc,Consumer Defensive,Packaged Foods,USA,334780000.0,,4.12,-0.0037,781569.0,Small,Consumer Defensive
BRBR,Bellring Brands Inc,Consumer Defensive,Packaged Foods,USA,979620000.0,6.52,8.42,-0.0272,1444163.0,Small,Consumer Defensive
BRCC,BRC Inc,Consumer Defensive,Packaged Foods,USA,413030000.0,,1.66,-0.0319,1162698.0,Small,Consumer Defensive
BYND,Beyond Meat Inc,Consumer Defensive,Packaged Foods,USA,418050000.0,,0.81,-0.0111,22120286.0,Small,Consumer Defensive
COTY,Coty Inc,Consumer Defensive,Household & Personal Products,USA,1910000000.0,,2.17,-0.0274,2322693.0,Small,Consumer Defensive
COUR,Coursera Inc,Consumer Defensive,Education & Training Services,USA,1580000000.0,,5.51,0.0379,3673569.0,Small,Consumer Defensive
CVGW,Calavo Growers Inc,Consumer Defensive,Food Distribution,USA,466330000.0,28.91,26.09,0.0,0.0,Small,Consumer Defensive
DNUT,Krispy Kreme Inc,Consumer Defensive,Grocery Stores,USA,612060000.0,,3.55,0.0381,1907174.0,Small,Consumer Defensive
ENHA,Enhanced Group Inc,Consumer Defensive,Packaged Foods,USA,1070000000.0,233.06,2.82,-0.0242,1150474.0,Small,Consumer Defensive
EPC,Edgewell Personal Care Co,Consumer Defensive,Household & Personal Products,USA,803900000.0,,17.45,0.0003,239251.0,Small,Consumer Defensive
FDP,Fresh Del Monte Produce Inc,Consumer Defensive,Farm Products,USA,1540000000.0,22.32,32.26,-0.0394,308778.0,Small,Consumer Defensive
FLO,Flowers Foods Inc,Consumer Defensive,Packaged Foods,USA,1630000000.0,22.55,7.71,0.0013,2397951.0,Small,Consumer Defensive
GO,Grocery Outlet Holding Corp,Consumer Defensive,Grocery Stores,USA,837870000.0,,8.47,-0.0174,1122083.0,Small,Consumer Defensive
HLF,Herbalife Ltd,Consumer Defensive,Packaged Foods,USA,1260000000.0,5.33,12.14,-0.0319,816938.0,Small,Consumer Defensive
HNST,Honest Company Inc,Consumer Defensive,Household & Personal Products,USA,402340000.0,,3.65,-0.0148,847643.0,Small,Consumer Defensive
IMKTA,Ingles Markets Inc,Consumer Defensive,Grocery Stores,USA,1640000000.0,15.99,88.29,-0.0108,40692.0,Small,Consumer Defensive
JBSS,Sanfilippo (John B.) & Son Inc,Consumer Defensive,Packaged Foods,USA,882160000.0,13.23,75.48,-0.0044,50621.0,Small,Consumer Defensive
JJSF,J&J Snack Foods Corp,Consumer Defensive,Packaged Foods,USA,1450000000.0,25.98,77.43,0.0027,65574.0,Small,Consumer Defensive
KLC,KinderCare Learning Companies Inc,Consumer Defensive,Education & Training Services,USA,456550000.0,,3.86,0.0092,417851.0,Small,Consumer Defensive
LINC,Lincoln Educational Services Corp,Consumer Defensive,Education & Training Services,USA,1480000000.0,65.31,46.67,-0.019,145797.0,Small,Consumer Defensive
LWAY,Lifeway Foods Inc,Consumer Defensive,Packaged Foods,USA,367830000.0,24.86,24.07,0.0021,27847.0,Small,Consumer Defensive
MAGN,Magnera Corp,Consumer Defensive,Household & Personal Products,USA,403670000.0,,11.28,-0.0092,67624.0,Small,Consumer Defensive
MAMA,Mama's Creations Inc,Consumer Defensive,Packaged Foods,USA,575100000.0,107.6,14.13,-0.0256999999999999,134951.0,Small,Consumer Defensive
MGPI,MGP Ingredients Inc,Consumer Defensive,Beverages - Wineries & Distilleries,USA,382100000.0,,17.88,-0.0314,48433.0,Small,Consumer Defensive
NATR,Nature's Sunshine Products Inc,Consumer Defensive,Packaged Foods,USA,380710000.0,19.83,21.65,-0.0087,33968.0,Small,Consumer Defensive
NGVC,Natural Grocers by Vitamin Cottage Inc,Consumer Defensive,Grocery Stores,USA,673710000.0,14.12,29.24,-0.0144999999999999,50609.0,Small,Consumer Defensive
NWL,Newell Brands Inc,Consumer Defensive,Household & Personal Products,USA,1470000000.0,,3.46,-0.0317,1972727.0,Small,Consumer Defensive
OFRM,Once Upon a Farm PBC,Consumer Defensive,Packaged Foods,USA,645940000.0,,15.42,0.0141999999999999,98944.0,Small,Consumer Defensive
PXED,Phoenix Education Partners Inc,Consumer Defensive,Education & Training Services,USA,1080000000.0,10.99,30.08,0.0008,43788.0,Small,Consumer Defensive
SAM,Boston Beer Co Inc,Consumer Defensive,Beverages - Brewers,USA,1890000000.0,,181.48,0.0056999999999999,89063.0,Small,Consumer Defensive
SENEA,Seneca Foods Corp,Consumer Defensive,Packaged Foods,USA,966830000.0,10.99,142.83,-0.0186,104541.0,Small,Consumer Defensive
SMPL,Simply Good Foods Co,Consumer Defensive,Packaged Foods,USA,1060000000.0,,11.74,-0.0054,578226.0,Small,Consumer Defensive
SPB,Spectrum Brands Holdings Inc,Consumer Defensive,Household & Personal Products,USA,1840000000.0,15.25,79.33,0.0111,106189.0,Small,Consumer Defensive
STRA,Strategic Education Inc,Consumer Defensive,Education & Training Services,USA,1760000000.0,13.72,77.7,0.0065,72311.0,Small,Consumer Defensive
TPB,Turning Point Brands Inc,Consumer Defensive,Tobacco,USA,1650000000.0,28.99,85.12,-0.0366,79470.0,Small,Consumer Defensive
USNA,Usana Health Sciences Inc,Consumer Defensive,Packaged Foods,USA,342670000.0,39.04,18.56,-0.0149,31914.0,Small,Consumer Defensive
UTZ,Utz Brands Inc,Consumer Defensive,Packaged Foods,USA,1060000000.0,,7.39,-0.0147,618261.0,Small,Consumer Defensive
UVV,Universal Corp,Consumer Defensive,Tobacco,USA,1300000000.0,40.38,52.02,0.0169,358109.0,Small,Consumer Defensive
VITL,Vital Farms Inc,Consumer Defensive,Farm Products,USA,432570000.0,9.72,10.1,-0.0339,1009187.0,Small,Consumer Defensive
VLGEA,Village Super Market Inc,Consumer Defensive,Grocery Stores,USA,618170000.0,11.91,46.46,-0.015,16019.0,Small,Consumer Defensive
WEST,Westrock Coffee Company,Consumer Defensive,Packaged Foods,USA,782370000.0,,8.02,0.0012,134229.0,Small,Consumer Defensive
WMK,Weis Markets Inc,Consumer Defensive,Grocery Stores,USA,1810000000.0,18.38,73.08,-0.0163,35452.0,Small,Consumer Defensive
YSWY,Yesway Inc,Consumer Defensive,Grocery Stores,USA,1360000000.0,,22.29,0.027,244850.0,Small,Consumer Defensive
ACDC,ProFrac Holding Corp,Energy,Oil & Gas Equipment & Services,USA,1090000000.0,,6.04,-0.0044,880995.0,Small,Energy
APC,ARKO Petroleum Corp,Energy,Oil & Gas Refining & Marketing,USA,911680000.0,,19.17,0.0024,32956.0,Small,Energy
CAPL,CrossAmerica Partners LP,Energy,Oil & Gas Refining & Marketing,USA,824140000.0,14.75,21.6,-0.0213,21104.0,Small,Energy
CLB,Core Laboratories Inc,Energy,Oil & Gas Equipment & Services,USA,624480000.0,20.48,13.55,-0.0282,180765.0,Small,Energy
CLNE,Clean Energy Fuels Corp,Energy,Oil & Gas Refining & Marketing,USA,453660000.0,,2.06,-0.0048,471796.0,Small,Energy
DEC,Diversified Energy Co,Energy,Oil & Gas Integrated,USA,1050000000.0,,14.56,-0.0182,430543.0,Small,Energy
DMLP,Dorchester Minerals LP,Energy,Oil & Gas E&P,USA,1310000000.0,19.57,27.11,0.0089,89085.0,Small,Energy
EGY,VAALCO Energy Inc,Energy,Oil & Gas E&P,USA,536130000.0,,5.14,-0.0334,495612.0,Small,Energy
EU,enCore Energy Corp,Energy,Uranium,USA,307860000.0,,1.59,0.0096,1419146.0,Small,Energy
FET,Forum Energy Technologies Inc,Energy,Oil & Gas Equipment & Services,USA,561010000.0,,49.63,-0.0227,106691.0,Small,Energy
FTK,Flotek Industries Inc,Energy,Oil & Gas Equipment & Services,USA,728870000.0,25.72,20.15,-0.0162,48490.0,Small,Energy
FTW,Presidio Production Co,Energy,Oil & Gas E&P,USA,351650000.0,77.55,11.99,0.0,131439.0,Small,Energy
GEL,Genesis Energy LP,Energy,Oil & Gas Midstream,USA,1840000000.0,,15.03,-0.0220999999999999,42046.0,Small,Energy
GLP,Global Partners LP,Energy,Oil & Gas Midstream,USA,1590000000.0,13.02,46.81,-0.0268,25007.0,Small,Energy
GRNT,Granite Ridge Resources Inc,Energy,Oil & Gas E&P,USA,634520000.0,,4.81,-0.0262,690779.0,Small,Energy
HLX,Helix Energy Solutions Group Inc,Energy,Oil & Gas Equipment & Services,USA,1380000000.0,96.58,9.37,0.0019,477744.0,Small,Energy
HMH,HMH Holding Inc,Energy,Oil & Gas Equipment & Services,USA,921360000.0,21.53,20.94,-0.0014,110208.0,Small,Energy
HNRG,Hallador Energy Co,Energy,Thermal Coal,USA,911970000.0,36.13,19.35,-0.0217,270845.0,Small,Energy
HPK,HighPeak Energy Inc,Energy,Oil & Gas E&P,USA,899720000.0,,7.12,0.0172,379582.0,Small,Energy
INR,Infinity Natural Resources Inc,Energy,Oil & Gas E&P,USA,861490000.0,4.7,13.56,-0.0167,148512.0,Small,Energy
INVX,Innovex International Inc,Energy,Oil & Gas Equipment & Services,USA,1810000000.0,35.25,26.33,-0.0233999999999999,158689.0,Small,Energy
KOS,Kosmos Energy Ltd,Energy,Oil & Gas E&P,USA,1630000000.0,,2.74,0.0,5574862.0,Small,Energy
KRP,Kimbell Royalty Partners LP,Energy,Oil & Gas E&P,USA,1750000000.0,37.16,15.0,0.0266999999999999,597034.0,Small,Energy
LPG,Dorian LPG Ltd,Energy,Oil & Gas Midstream,USA,1740000000.0,8.94,40.57,-0.0271,463749.0,Small,Energy
NC,Nacco Industries Inc,Energy,Thermal Coal,USA,378970000.0,17.5,50.25,-0.0095,6330.0,Small,Energy
NGS,Natural Gas Services Group Inc,Energy,Oil & Gas Equipment & Services,USA,495120000.0,22.85,39.3,-0.0473,54006.0,Small,Energy
NINE,Nine Energy Service Inc,Energy,Oil & Gas Equipment & Services,USA,452810000.0,1.59,10.45,-0.0052,41795.0,Small,Energy
NPKI,NPK International Inc,Energy,Oil & Gas Equipment & Services,USA,1240000000.0,35.36,14.65,-0.0279,275607.0,Small,Energy
NRP,Natural Resource Partners LP,Energy,Thermal Coal,USA,1370000000.0,12.15,103.44,-0.0195,24789.0,Small,Energy
NUCL,Eagle Nuclear Energy Corp,Energy,Uranium,USA,301420000.0,,10.19,-0.0395999999999999,191821.0,Small,Energy
OIS,Oil States International Inc,Energy,Oil & Gas Equipment & Services,USA,508040000.0,,8.44,0.0108,243480.0,Small,Energy
PBT,Permian Basin Royalty Trust,Energy,Oil & Gas Midstream,USA,1330000000.0,90.25,28.52,-0.0378,74638.0,Small,Energy
PUMP,ProPetro Holding Corp,Energy,Oil & Gas Equipment & Services,USA,1830000000.0,,14.94,-0.0148,2873674.0,Small,Energy
REPX,Riley Exploration Permian Inc,Energy,Oil & Gas E&P,USA,727230000.0,12.12,33.52,-0.0504999999999999,252976.0,Small,Energy
RES,RPC Inc,Energy,Oil & Gas Equipment & Services,USA,1460000000.0,69.99,6.57,-0.0200999999999999,444627.0,Small,Energy
RNGR,Ranger Energy Services Inc,Energy,Oil & Gas Equipment & Services,USA,362840000.0,23.9,15.27,0.0079,68605.0,Small,Energy
SBR,Sabine Royalty Trust,Energy,Oil & Gas Midstream,USA,1100000000.0,16.05,75.22,-0.0063,33293.0,Small,Energy
SD,Sandridge Energy Inc,Energy,Oil & Gas E&P,USA,535130000.0,7.04,14.49,0.0017,280576.0,Small,Energy
SGU,Star Group LP,Energy,Oil & Gas Refining & Marketing,USA,414200000.0,5.21,12.61,-0.0113999999999999,25447.0,Small,Energy
SMC,Summit Midstream Corp,Energy,Oil & Gas Midstream,USA,532060000.0,,26.16,-0.0491,40313.0,Small,Energy
TXO,TXO Partners LP,Energy,Oil & Gas E&P,USA,707930000.0,,12.81,-0.0112,77372.0,Small,Energy
URG,Ur-Energy Inc,Energy,Uranium,USA,641690000.0,,1.62,-0.0031,2860919.0,Small,Energy
VTOL,Bristow Group Inc,Energy,Oil & Gas Equipment & Services,USA,1240000000.0,10.89,41.81,-0.0038,50626.0,Small,Energy
VTS,Vitesse Energy Inc,Energy,Oil & Gas E&P,USA,715370000.0,,17.15,-0.0092,133208.0,Small,Energy
WBI,WaterBridge Infrastructure LLC,Energy,Oil & Gas Equipment & Services,USA,1370000000.0,,29.11,-0.0118999999999999,286625.0,Small,Energy
WKC,World Kinect Corp,Energy,Oil & Gas Refining & Marketing,USA,1470000000.0,,28.7,0.0083,189729.0,Small,Energy
WTI,W & T Offshore Inc,Energy,Oil & Gas E&P,USA,539910000.0,,3.63,-0.0245,2551603.0,Small,Energy
XPRO,Expro Group Holdings NV,Energy,Oil & Gas Equipment & Services,USA,1690000000.0,46.87,14.9,0.0056999999999999,260174.0,Small,Energy
AACI,Armada Acquisition Corp III,Financial,Shell Companies,USA,338600000.0,,9.95,0.0,5822.0,Small,Financial
AACO,Abony Acquisition Corp I,Financial,Shell Companies,USA,310150000.0,,9.89,0.001,11243.0,Small,Financial
ABTC,American Bitcoin Corp,Financial,Capital Markets,USA,1170000000.0,,1.1,0.0475999999999999,9275750.0,Small,Financial
ABX,Abacus Global Management Inc,Financial,Insurance - Life,USA,877690000.0,22.94,9.15,-0.0087,226184.0,Small,Financial
ACAA,Averin Capital Acquisition Corp,Financial,Shell Companies,USA,353970000.0,,9.92,-0.002,25103.0,Small,Financial
ACIC,American Coastal Insurance Corp,Financial,Insurance - Property & Casualty,USA,509590000.0,5.0,10.51,-0.0005,167395.0,Small,Financial
ACNB,ACNB Corp,Financial,Banks - Regional,USA,557480000.0,11.15,54.59,0.0015,10898.0,Small,Financial
ACP,abrdn Income Credit Strategies Fund,Financial,Closed-End Fund - Debt,USA,673770000.0,16.27,5.37,-0.0037,307552.0,Small,Financial
AEF,abrdn Emerging Markets ex-China Fund Inc,Financial,Closed-End Fund - Equity,USA,401830000.0,4.32,9.9,0.0048,84413.0,Small,Financial
AEXA,American Exceptionalism Acquisition Corp A,Financial,Shell Companies,USA,563850000.0,,11.4,0.008,116954.0,Small,Financial
AFB,AllianceBernstein National Municipal Income Fund Inc,Financial,Closed-End Fund - Debt,USA,321510000.0,93.21,11.19,-0.0004,170624.0,Small,Financial
AGD,abrdn Global Dynamic Dividend Fund,Financial,Closed-End Fund - Foreign,USA,329050000.0,7.0,12.6,0.0070999999999999,90195.0,Small,Financial
AGM,Federal Agricultural Mortgage Corp,Financial,Credit Services,USA,1930000000.0,10.45,181.68,0.0121,106910.0,Small,Financial
AII,American Integrity Insurance Group Inc,Financial,Insurance - Property & Casualty,USA,326580000.0,3.81,16.67,0.0042,44870.0,Small,Financial
AIO,Virtus Artificial Intelligence & Technology Opportunities Fund,Financial,Closed-End Fund - Equity,USA,923310000.0,6.19,26.81,-0.0089,66057.0,Small,Financial
ALDF,Aldel Financial II Inc,Financial,Shell Companies,USA,319000000.0,45.9,10.68,0.0019,200.0,Small,Financial
ALF,Centurion Acquisition Corp,Financial,Shell Companies,USA,390490000.0,34.36,10.86,-0.0023,1422079.0,Small,Financial
ALOV,Aldabra 4 Liquidity Opportunity Vehicle Inc,Financial,Shell Companies,USA,372200000.0,,9.92,-0.001,9829.0,Small,Financial
ALRS,Alerus Financial Corp,Financial,Banks - Regional,USA,721390000.0,27.62,28.71,-0.0067,99415.0,Small,Financial
ALTI,AlTi Global Inc,Financial,Asset Management,USA,504890000.0,,3.33,0.0,38906.0,Small,Financial
ALUB,Alussa Energy Acquisition Corp II,Financial,Shell Companies,USA,360450000.0,,10.03,0.001,30408.0,Small,Financial
AMAL,Amalgamated Financial Corp,Financial,Banks - Regional,USA,1250000000.0,12.1,41.69,0.0017,43927.0,Small,Financial
AMSF,Amerisafe Inc,Financial,Insurance - Specialty,USA,575660000.0,12.64,30.78,0.0070999999999999,73369.0,Small,Financial
AMTB,Amerant Bancorp Inc,Financial,Banks - Regional,USA,891460000.0,16.06,22.65,0.0098999999999999,92847.0,Small,Financial
ANSC,Agriculture & Natural Solutions Acquisition Corp,Financial,Shell Companies,USA,472600000.0,52.4,11.38,0.004,79.0,Small,Financial
AOD,abrdn Total Dynamic Dividend Fund,Financial,Closed-End Fund - Foreign,USA,1110000000.0,6.68,10.48,0.0005,398395.0,Small,Financial
APXT,Apex Treasury Corp,Financial,Shell Companies,USA,461670000.0,98.48,10.05,0.0005,39653.0,Small,Financial
ARCI,Archimedes Tech SPAC Partners III Co,Financial,Shell Companies,USA,352250000.0,,9.99,0.002,29404.0,Small,Financial
ARDC,Ares Dynamic Credit Allocation Fund Inc,Financial,Closed-End Fund - Debt,USA,306050000.0,13.3,12.77,0.0008,98598.0,Small,Financial
AROW,Arrow Financial Corp,Financial,Banks - Regional,USA,610110000.0,11.9,36.91,-0.0032,10019.0,Small,Financial
ARTC,Art Technology Acquisition Corp,Financial,Shell Companies,USA,346210000.0,,9.94,0.002,45.0,Small,Financial
ASA,ASA Gold and Precious Metals Ltd,Financial,Closed-End Fund - Equity,USA,1200000000.0,1.82,64.07,0.0171,87932.0,Small,Financial
ASG,Liberty All-Star Growth Fund Inc,Financial,Closed-End Fund - Equity,USA,336000000.0,24.3,5.34,0.0009,155003.0,Small,Financial
ASGI,abrdn Global Infrastructure Income Fund,Financial,Closed-End Fund - Equity,USA,762570000.0,8.67,24.11,-0.0037,96875.0,Small,Financial
ASIC,Ategrity Specialty Insurance Company Holdings,Financial,Insurance - Property & Casualty,USA,948160000.0,10.52,19.74,-0.0069999999999999,30634.0,Small,Financial
ASST,Strive Inc,Financial,Asset Management,USA,1340000000.0,,18.28,0.0268,3665960.0,Small,Financial
ATII,Archimedes Tech SPAC Partners II Co,Financial,Shell Companies,USA,332890000.0,39.01,11.25,0.0045,421373.0,Small,Financial
ATLC,Atlanticus Holdings Corp,Financial,Credit Services,USA,1300000000.0,12.8,85.86,0.013,151779.0,Small,Financial
AVBC,Avidia Bancorp Inc,Financial,Banks - Regional,USA,382450000.0,25.24,19.05,0.0197999999999999,35245.0,Small,Financial
AVBH,Avidbank Holdings Inc,Financial,Banks - Regional,USA,338190000.0,,30.87,0.0032,66109.0,Small,Financial
AVK,Advent Convertible and Income Fund,Financial,Closed-End Fund - Debt,USA,575700000.0,4.85,13.04,-0.0015,130746.0,Small,Financial
AWF,AllianceBernstein Global High Income Fund Inc,Financial,Closed-End Fund - Debt,USA,891520000.0,12.16,10.34,-0.0001,87973.0,Small,Financial
AWP,abrdn Global Premier Properties Fund,Financial,Closed-End Fund - Foreign,USA,358060000.0,55.67,11.69,-0.0051,94483.0,Small,Financial
BBCQ,Bleichroeder Acquisition Corp II,Financial,Shell Companies,USA,404760000.0,,10.56,0.0009,338871.0,Small,Financial
BBDC,Barings BDC Inc,Financial,Asset Management,USA,917940000.0,10.31,8.77,0.0112,508649.0,Small,Financial
BBN,BlackRock Taxable Municipal Bond Trust,Financial,Closed-End Fund - Debt,USA,991460000.0,12.63,16.05,0.0040999999999999,164118.0,Small,Financial
BCAL,California Bancorp,Financial,Banks - Regional,USA,611770000.0,10.38,19.02,0.0042,27035.0,Small,Financial
BCAR,D. Boral ARC Acquisition I Corp,Financial,Shell Companies,USA,443130000.0,69.54,10.93,0.0200999999999999,1294488.0,Small,Financial
BCAT,BlackRock Capital Allocation Term Trust,Financial,Closed-End Fund - Equity,USA,1660000000.0,7.48,15.86,0.0028,549939.0,Small,Financial
BCML,BayCom Corp,Financial,Banks - Regional,USA,337530000.0,12.81,30.94,-0.0034999999999999,11145.0,Small,Financial
BCSF,Bain Capital Specialty Finance Inc,Financial,Asset Management,USA,875170000.0,11.89,13.49,0.0129,115560.0,Small,Financial
BCSS,Bain Capital GSS Investment Corp,Financial,Shell Companies,USA,595100000.0,71.76,10.19,0.0,777.0,Small,Financial
BCX,BlackRock Resources & Commodities Strategy Trust,Financial,Closed-End Fund - Equity,USA,917140000.0,4.3,12.03,-0.0008,157611.0,Small,Financial
BDCI,BTC Development Corp,Financial,Shell Companies,USA,349200000.0,,10.05,0.0,9946.0,Small,Financial
BDJ,BlackRock Enhanced Equity Dividend Trust,Financial,Closed-End Fund - Equity,USA,1640000000.0,5.91,9.28,0.0038,486381.0,Small,Financial
BEAG,Bold Eagle Acquisition Corp,Financial,Shell Companies,USA,612630000.0,35.2,10.66,-0.0028,12659.0,Small,Financial
BETR,Better Home & Finance Holding Co,Financial,Mortgage Finance,USA,558360000.0,,29.59,0.046,208427.0,Small,Financial
BFC,Bank First Corp,Financial,Banks - Regional,USA,1570000000.0,19.56,140.22,-0.0043,50309.0,Small,Financial
BFST,Business First Bancshares Inc,Financial,Banks - Regional,USA,936720000.0,10.19,28.67,0.015,69736.0,Small,Financial
BGB,Blackstone Strategic Credit 2027 Term Fund,Financial,Closed-End Fund - Debt,USA,508000000.0,16.97,11.37,0.0009,95737.0,Small,Financial
BGR,Blackrock Energy & Resources Trust,Financial,Closed-End Fund - Equity,USA,394950000.0,9.82,15.52,-0.0048,85800.0,Small,Financial
BGT,BlackRock Floating Rate Income Trust,Financial,Closed-End Fund - Debt,USA,323600000.0,15.28,10.85,0.0009,91351.0,Small,Financial
BGY,BlackRock Enhanced International Dividend Trust,Financial,Closed-End Fund - Foreign,USA,523300000.0,6.42,5.78,0.0026,261058.0,Small,Financial
BHB,Bar Harbor Bankshares Inc,Financial,Banks - Regional,USA,587980000.0,14.35,35.12,0.0089,19074.0,Small,Financial
BHK,BlackRock Core Bond Trust,Financial,Closed-End Fund - Debt,USA,652910000.0,12.73,9.04,0.0,176863.0,Small,Financial
BHRB,Burke & Herbert Financial Services Corp,Financial,Banks - Regional,USA,1290000000.0,8.26,63.79,0.0027,36401.0,Small,Financial
BIT,BlackRock Multi-Sector Income Trust,Financial,Closed-End Fund - Debt,USA,720990000.0,11.92,12.64,0.0044,245819.0,Small,Financial
BIXI,Bitcoin Infrastructure Acquisition Corp Ltd,Financial,Shell Companies,USA,300730000.0,,9.99,-0.001,8.0,Small,Financial
BLUW,Blue Water Acquisition Corp III,Financial,Shell Companies,USA,331800000.0,46.39,10.27,0.0,5103.0,Small,Financial
BLW,BlackRock Limited Duration Income Trust,Financial,Closed-End Fund - Debt,USA,490510000.0,10.29,12.55,0.0008,119501.0,Small,Financial
BLZR,Trailblazer Acquisition Corp,Financial,Shell Companies,USA,347530000.0,66.21,10.11,0.0,32119.0,Small,Financial
BME,BlackRock Health Sciences Trust,Financial,Closed-End Fund - Equity,USA,518840000.00000006,6.78,40.15,0.0006,37532.0,Small,Financial
BMEZ,BlackRock Health Sciences Term Trust,Financial,Closed-End Fund - Equity,USA,915020000.0,5.76,14.64,0.0069,231363.0,Small,Financial
BMRC,Bank of Marin Bancorp,Financial,Banks - Regional,USA,421090000.0,,26.01,0.0081,13560.0,Small,Financial
BOE,BlackRock Enhanced Global Dividend Trust,Financial,Closed-End Fund - Foreign,USA,669500000.0,6.58,12.04,0.0026,109820.0,Small,Financial
BOT,RoboStrategy Inc,Financial,Closed-End Fund - Equity,USA,520240000.0,,25.66,-0.1146,386213.0,Small,Financial
BOW,Bowhead Specialty Holdings Inc,Financial,Insurance - Property & Casualty,USA,885320000.0,15.5,26.96,0.0052,64445.0,Small,Financial
BSRR,Sierra Bancorp,Financial,Banks - Regional,USA,499750000.0,11.17,38.21,-0.0026,33339.0,Small,Financial
BST,BlackRock Science and Technology Trust,Financial,Closed-End Fund - Equity,USA,1730000000.0,6.9,49.82,0.0116,115827.0,Small,Financial
BSVN,Bank7 Corp,Financial,Banks - Regional,USA,421890000.0,9.5,44.32,-0.0016,1363.0,Small,Financial
BTBT,Bit Digital Inc,Financial,Capital Markets,USA,708860000.0,,2.03,0.0,12970865.0,Small,Financial
BTGO,BitGo Holdings Inc,Financial,Capital Markets,USA,706190000.0,,6.09,0.0066,1749726.0,Small,Financial
BTO,John Hancock Financial Opportunities Fund,Financial,Closed-End Fund - Equity,USA,731440000.0,10.46,36.91,0.0089,18744.0,Small,Financial
BTT,BlackRock Municipal 2030 Target Term Trust,Financial,Closed-End Fund - Debt,USA,1460000000.0,16.55,22.84,0.0007,32836.0,Small,Financial
BTZ,BlackRock Credit Allocation Income Trust,Financial,Closed-End Fund - Debt,USA,951440000.0,9.27,10.19,0.0005,165210.0,Small,Financial
BUI,BlackRock Utility Infrastructure & Power Opportunities Trust,Financial,Closed-End Fund - Equity,USA,673490000.0,6.22,27.97,0.0014,47916.0,Small,Financial
BWB,Bridgewater Bancshares Inc,Financial,Banks - Regional,USA,528670000.0,10.77,18.96,-0.0011,27359.0,Small,Financial
BWFG,Bankwell Financial Group Inc,Financial,Banks - Regional,USA,418270000.0,10.53,52.46,-0.0019,6539.0,Small,Financial
BY,Byline Bancorp Inc,Financial,Banks - Regional,USA,1510000000.0,10.8,33.24,0.003,47836.0,Small,Financial
CAC,Camden National Corp,Financial,Banks - Regional,USA,847460000.0,10.68,50.1,0.0069,35514.0,Small,Financial
CAEP,Cantor Equity Partners III Inc,Financial,Shell Companies,USA,526200000.00000006,138.76,15.0,0.0,0.0,Small,Financial
CARE,Carter Bankshares Inc,Financial,Banks - Regional,USA,605550000.0,5.6,27.25,0.0104,121403.0,Small,Financial
CASH,Pathward Financial Inc,Financial,Banks - Regional,USA,1740000000.0,9.77,82.33,-0.0006,36653.0,Small,Financial
CBAN,Colony Bankcorp Inc,Financial,Banks - Regional,USA,420020000.0,12.44,19.85,0.0070999999999999,52143.0,Small,Financial
CBK,Commercial Bancgroup Inc,Financial,Banks - Regional,USA,395690000.0,9.98,28.88,-0.0106,20864.0,Small,Financial
CBNK,Capital Bancorp Inc,Financial,Banks - Regional,USA,521050000.0,9.64,31.99,0.0,19573.0,Small,Financial
CCAP,Crescent Capital BDC Inc,Financial,Asset Management,USA,424650000.0,28.38,11.52,0.0092,100686.0,Small,Financial
CCB,Coastal Financial Corp,Financial,Banks - Regional,USA,1080000000.0,22.15,70.69,0.0019,28352.0,Small,Financial
CCBG,Capital City Bank Group Inc,Financial,Banks - Regional,USA,785640000.0,13.0,45.94,-0.002,19417.0,Small,Financial
CCD,Calamos Dynamic Convertible and Income Fund,Financial,Closed-End Fund - Equity,USA,724570000.0,5.19,25.35,-0.0012,64690.0,Small,Financial
CCII,Cohen Circle Acquisition Corp II,Financial,Shell Companies,USA,356470000.0,57.24,10.27,0.0005,10851.0,Small,Financial
CCIX,Churchill Capital Corp IX,Financial,Shell Companies,USA,396660000.0,54.07,10.82,0.0009,47114.0,Small,Financial
CCNE,CNB Financial Corp (PA),Financial,Banks - Regional,USA,920130000.0,11.1,31.06,0.0083,39380.0,Small,Financial
CCXI,Churchill Capital Corp XI,Financial,Shell Companies,USA,572590000.0,161.38,10.28,0.0059,12905.0,Small,Financial
CD,Chaince Digital Holdings Inc,Financial,Capital Markets,USA,580970000.0,,8.31,-0.0432,67448.0,Small,Financial
CEPF,Cantor Equity Partners IV Inc,Financial,Shell Companies,USA,590930000.0,57.41,10.34,-0.001,376.0,Small,Financial
CEPT,Cantor Equity Partners II Inc,Financial,Shell Companies,USA,417730000.0,171.18,13.66,0.0007,526577.0,Small,Financial
CEPV,Cantor Equity Partners V Inc,Financial,Shell Companies,USA,327440000.0,96.08,10.3,0.0019,104474.0,Small,Financial
CET,Central Securities Corp,Financial,Closed-End Fund - Equity,USA,1570000000.0,5.81,53.17,0.0014,20697.0,Small,Financial
CFFN,Capitol Federal Financial,Financial,Banks - Regional,USA,990070000.0,12.97,7.81,0.0013,210754.0,Small,Financial
CGBD,Carlyle Secured Lending Inc,Financial,Asset Management,USA,764120000.0,15.56,10.99,0.0069,464049.0,Small,Financial
CGCT,Cartesian Growth Corp III,Financial,Shell Companies,USA,469200000.0,59.23,13.6,0.0074,47564.0,Small,Financial
CHCO,City Holding Co,Financial,Banks - Regional,USA,1760000000.0,13.73,124.63,0.0002,81329.0,Small,Financial
CHI,Calamos Convertible Opportunities and Income Fund,Financial,Closed-End Fund - Debt,USA,1030000000.0,5.84,12.78,0.0070999999999999,72982.0,Small,Financial
CHMG,Chemung Financial Corp,Financial,Banks - Regional,USA,332180000.0,18.3,68.92,-0.0065,23867.0,Small,Financial
CHW,Calamos Global Dynamic Income Fund,Financial,Closed-End Fund - Equity,USA,582120000.0,6.24,9.11,0.0072,228960.0,Small,Financial
CHY,Calamos Convertible and High Income Fund,Financial,Closed-End Fund - Debt,USA,1060000000.0,5.65,13.21,0.0053,94394.0,Small,Financial
CII,BlackRock Enhanced Large Cap Core Fund Inc,Financial,Closed-End Fund - Equity,USA,1060000000.0,5.1,25.89,0.009,104805.0,Small,Financial
CION,CION Invt Corp,Financial,Asset Management,USA,337320000.0,,6.78,-0.0007,237734.0,Small,Financial
CIVB,Civista Bancshares Inc,Financial,Banks - Regional,USA,538710000.0,9.55,25.92,0.0058,26704.0,Small,Financial
CLBR,Colombier Acquisition Corp III,Financial,Shell Companies,USA,407820000.0,,10.19,0.002,1287.0,Small,Financial
CMII,Columbus Circle Capital Corp II,Financial,Shell Companies,USA,310480000.0,,9.91,0.0,4133.0,Small,Financial
CNOB,ConnectOne Bancorp Inc,Financial,Banks - Regional,USA,1520000000.0,17.44,30.24,0.01,106442.0,Small,Financial
COFS,Choiceone Financial Services Inc,Financial,Banks - Regional,USA,473220000.0,8.52,31.6,0.0056999999999999,34873.0,Small,Financial
COSO,CoastalSouth Bancshares Inc,Financial,Banks - Regional,USA,311370000.0,11.66,25.59,-0.0043,15745.0,Small,Financial
CPF,Central Pacific Financial Corp,Financial,Banks - Regional,USA,901950000.0,11.53,34.56,-0.005,50517.0,Small,Financial
CRAN,Crane Harbor Acquisition Corp II,Financial,Shell Companies,USA,364840000.0,150.82,10.06,0.005,3651.0,Small,Financial
CRAQ,Cal Redwood Acquisition Corp,Financial,Shell Companies,USA,320930000.0,45.8,10.26,-0.0029,10000.0,Small,Financial
CRD-A,Crawford & Co,Financial,Insurance Brokers,USA,512350000.0,30.0,10.67,0.0026,10402.0,Small,Financial
CRD-B,Crawford & Co,Financial,Insurance Brokers,USA,506290000.0,28.53,10.15,-0.0093,6073.0,Small,Financial
CRF,Cornerstone Total Return Fund,Financial,Closed-End Fund - Equity,USA,1190000000.0,7.19,7.34,0.0076,667555.0,Small,Financial
CSWC,Capital Southwest Corp,Financial,Asset Management,USA,1450000000.0,12.33,23.39,0.003,349728.0,Small,Financial
CTBI,Community Trust Bancorp Inc,Financial,Banks - Regional,USA,1210000000.0,11.69,66.83,0.002,24198.0,Small,Financial
CUB,Lionheart Holdings,Financial,Shell Companies,USA,332430000.0,42.02,10.84,0.0028,1168896.0,Small,Financial
CWBC,Community West Bancshares,Financial,Banks - Regional,USA,654480000.0,11.14,24.12,0.0029,71326.0,Small,Financial
CXIIU,Churchill Capital Corp XII,Financial,Shell Companies,USA,369680000.0,,10.17,0.0,12335.0,Small,Financial
CZFS,Citizens Financial Services Inc,Financial,Banks - Regional,USA,322410000.0,8.19,67.1,0.0151,1153.0,Small,Financial
CZNC,Citizens & Northern Corp,Financial,Banks - Regional,USA,378030000.0,19.47,21.1,-0.0028,27460.0,Small,Financial
DBCA,D. Boral Acquisition I Corp,Financial,Shell Companies,USA,432700000.0,,10.0,0.001,13103.0,Small,Financial
DCOM,Dime Community Bancshares Inc,Financial,Banks - Regional,USA,1660000000.0,14.28,37.74,0.0139999999999999,76839.0,Small,Financial
DFP,Flaherty & Crumrine Dynamic Preferred and Income Fund Inc,Financial,Closed-End Fund - Debt,USA,425240000.0,11.01,20.7,0.0017,28587.0,Small,Financial
DGICA,Donegal Group Inc,Financial,Insurance - Property & Casualty,USA,646310000.0,9.55,17.13,0.0034999999999999,55730.0,Small,Financial
DLY,DoubleLine Yield Opportunities Fund,Financial,Closed-End Fund - Debt,USA,684160000.0,13.68,14.1,0.0018,152735.0,Small,Financial
DMII,Drugs Made In America Acquisition II Corp,Financial,Shell Companies,USA,640500000.0,75.11,10.06,-0.0005,4773.0,Small,Financial
DPG,Duff & Phelps Utility and Infrastructure Fund Inc,Financial,Closed-End Fund - Equity,USA,524890000.0,6.25,14.39,-0.0052,47202.0,Small,Financial
DRDB,Roman DBDR Acquisition Corp II,Financial,Shell Companies,USA,322920000.0,61.08,10.53,0.001,96534.0,Small,Financial
DSL,Doubleline Income Solutions Fund,Financial,Closed-End Fund - Debt,USA,1270000000.0,11.54,11.08,0.0036,377857.0,Small,Financial
DSM,BNY Mellon Strategic Municipal Bond Fund Inc,Financial,Closed-End Fund - Debt,USA,303250000.0,,6.14,0.0025,100931.0,Small,Financial
DSU,BlackRock Debt Strategies Fund Inc,Financial,Closed-End Fund - Debt,USA,617670000.0,14.22,9.81,-0.0025,219122.0,Small,Financial
DXYZ,Destiny Tech100 Inc,Financial,Asset Management,USA,740260000.0,14.49,51.3,-0.0519,3852294.0,Small,Financial
EAD,Allspring Income Opportunities Fund,Financial,Closed-End Fund - Debt,USA,389410000.0,10.14,6.59,0.0046,94277.0,Small,Financial
ECAT,BlackRock ESG Capital Allocation Term Trust,Financial,Closed-End Fund - Equity,USA,1550000000.0,7.26,15.61,0.0022,463288.0,Small,Financial
ECC,Eagle Point Credit Company,Financial,Closed-End Fund - Debt,USA,549990000.0,,4.16,-0.0072,848485.0,Small,Financial
ECPG,Encore Capital Group Inc,Financial,Credit Services,USA,1720000000.0,6.22,80.17,-0.0016,62893.0,Small,Financial
EDD,Morgan Stanley Emerging Markets Domestic Debt Fund Inc,Financial,Closed-End Fund - Debt,USA,354830000.0,5.19,5.51,0.0009,154587.0,Small,Financial
EFR,Eaton Vance Senior Floating-Rate Trust,Financial,Closed-End Fund - Debt,USA,311180000.0,18.17,10.54,0.0,63384.0,Small,Financial
EGBN,Eagle Bancorp Inc (MD),Financial,Banks - Regional,USA,833750000.0,,27.34,0.0077,80733.0,Small,Financial
EIG,Employers Holdings Inc,Financial,Insurance - Specialty,USA,795940000.0,129.77,43.63,0.0086,64399.0,Small,Financial
EIM,Eaton Vance Municipal Bond Fund,Financial,Closed-End Fund - Debt,USA,507050000.0,,9.87,0.001,80235.0,Small,Financial
EMD,Western Asset Emerging Markets Debt Fund Inc,Financial,Closed-End Fund - Debt,USA,620830000.0,6.14,10.68,-0.0056,120437.0,Small,Financial
EMF,Templeton Emerging Markets Fund,Financial,Closed-End Fund - Foreign,USA,347760000.0,2.47,23.26,-0.0015,15510.0,Small,Financial
EMO,ClearBridge Energy Midstream Opportunity Fund Inc,Financial,Closed-End Fund - Equity,USA,994530000.0,,49.69,-0.0166,53559.0,Small,Financial
EOI,Eaton Vance Enhanced Equity Income Fund,Financial,Closed-End Fund - Equity,USA,822500000.0,8.32,20.06,0.0,72479.0,Small,Financial
EOS,Eaton Vance Enhanced Equity Income Fund II,Financial,Closed-End Fund - Equity,USA,1220000000.0,7.7,22.95,0.0009,102897.0,Small,Financial
EQBK,Equity Bancshares Inc,Financial,Banks - Regional,USA,953910000.0,36.68,46.22,0.0003,13672.0,Small,Financial
ESQ,Esquire Financial Holdings Inc,Financial,Banks - Regional,USA,955870000.0,18.61,110.64,0.0101,86479.0,Small,Financial
ETB,Eaton Vance Tax-Managed Buy-Write Income Fund,Financial,Closed-End Fund - Equity,USA,457660000.0,7.64,15.58,-0.0006,84889.0,Small,Financial
ETG,Eaton Vance Tax-Advantaged Global Dividend Income Fund,Financial,Closed-End Fund - Equity,USA,1780000000.0,5.47,23.28,0.0019,89146.0,Small,Financial
ETJ,Eaton Vance Risk-Managed Diversified Equity Income Fund,Financial,Closed-End Fund - Equity,USA,574760000.0,11.54,8.54,0.0023,147169.0,Small,Financial
ETO,Eaton Vance Tax-Advantaged Global Dividend Opportunities Fund,Financial,Closed-End Fund - Equity,USA,507210000.0,5.75,30.95,0.0023,33411.0,Small,Financial
ETV,Eaton Vance Tax-Managed Buy-Write Opportunities Fund,Financial,Closed-End Fund - Equity,USA,1740000000.0,7.83,14.87,0.0046999999999999,201537.0,Small,Financial
ETW,Eaton Vance Tax-Managed Global Buy-Write Opportunities Fund,Financial,Closed-End Fund - Foreign,USA,1040000000.0,5.54,9.53,0.0016,206202.0,Small,Financial
EVAC,Eqv Ventures Acquisition Corp II,Financial,Shell Companies,USA,595000000.0,46.63,10.18,0.002,24666.0,Small,Financial
EVN,Eaton Vance Municipal Income Trust,Financial,Closed-End Fund - Debt,USA,429200000.0,1075.5,10.76,-0.0023,65444.0,Small,Financial
EVOX,Evolution Global Acquisition Corp,Financial,Shell Companies,USA,320320000.0,,10.01,0.0,695.0,Small,Financial
EVV,Eaton Vance Limited Duration Income Fund,Financial,Closed-End Fund - Debt,USA,1090000000.0,13.79,9.38,0.0,248360.0,Small,Financial
EZPW,EZCorp Inc,Financial,Credit Services,USA,1950000000.0,17.27,31.63,-0.0162,507900.0,Small,Financial
FAX,abrdn Asia-Pacific Income Fund Inc,Financial,Closed-End Fund - Debt,USA,603960000.0,16.63,14.63,-0.0141999999999999,198343.0,Small,Financial
FBIZ,First Business Financial Services Inc,Financial,Banks - Regional,USA,481080000.0,9.48,57.53,0.0007,5644.0,Small,Financial
FCBC,First Community Bankshares Inc,Financial,Banks - Regional,USA,813060000.0,16.31,43.1,0.0045,49411.0,Small,Financial
FCF,First Commonwealth Financial Corp,Financial,Banks - Regional,USA,1940000000.0,12.56,19.04,0.0074,234306.0,Small,Financial
FCRS,FutureCrest Acquisition Corp,Financial,Shell Companies,USA,367280000.0,89.89,10.22,0.002,6787.0,Small,Financial
FDUS,Fidus Investment Corp,Financial,Asset Management,USA,725300000.0,8.4,19.11,0.0079,88206.0,Small,Financial
FFA,First Trust Enhanced Equity Income Fund,Financial,Closed-End Fund - Equity,USA,461230000.0,5.71,23.08,0.0024,12098.0,Small,Financial
FFC,Flaherty & Crumrine Preferred and Income Securities Fund Inc,Financial,Closed-End Fund - Debt,USA,775180000.0,10.87,16.09,0.0012,92325.0,Small,Financial
FFIC,Flushing Financial Corp,Financial,Banks - Regional,USA,542470000.0,16.07,16.01,0.0031,169674.0,Small,Financial
FGII,FG Imperii Acquisition Corp,Financial,Shell Companies,USA,343530000.0,,9.92,0.0,4505.0,Small,Financial
FISI,Financial Institutions Inc,Financial,Banks - Regional,USA,708910000.0,9.39,36.01,0.0056,33226.0,Small,Financial
FMAO,Farmers & Merchants Bancorp Inc,Financial,Banks - Regional,USA,386130000.0,10.76,28.05,0.0085,26136.0,Small,Financial
FMBH,First Mid Bancshares Inc,Financial,Banks - Regional,USA,1180000000.0,11.16,44.17,0.006,35783.0,Small,Financial
FMNB,Farmers National Banc Corp,Financial,Banks - Regional,USA,843940000.0,9.82,14.25,0.0016,93118.0,Small,Financial
FNLC,First Bancorp Inc (ME),Financial,Banks - Regional,USA,325650000.0,8.93,28.88,-0.0103,5119.0,Small,Financial
FOA,Finance of America Companies Inc,Financial,Credit Services,USA,344370000.0,,20.28,0.0015,16106.0,Small,Financial
FOF,Cohen & Steers Closed-End Opportunity Fund Inc,Financial,Closed-End Fund - Equity,USA,389640000.0,6.18,14.02,0.0083,40723.0,Small,Financial
FPF,First Trust Intermediate Duration Preferred & Income Fund,Financial,Closed-End Fund - Debt,USA,1110000000.0,9.27,18.27,0.0033,56620.0,Small,Financial
FRA,Blackrock Floating Rate Income Strategies Fund Inc,Financial,Closed-End Fund - Debt,USA,395270000.0,15.94,11.15,-0.0031,98567.0,Small,Financial
FRBA,First Bank (NJ),Financial,Banks - Regional,USA,393480000.0,9.38,15.65,-0.006,18845.0,Small,Financial
FRST,Primis Financial Corp,Financial,Banks - Regional,USA,358630000.0,7.75,14.48,0.0054,36305.0,Small,Financial
FSBC,Five Star Bancorp,Financial,Banks - Regional,USA,910840000.0,13.52,42.61,0.0088,40798.0,Small,Financial
FSBW,FS Bancorp Inc,Financial,Banks - Regional,USA,304810000.0,9.58,41.11,-0.0108,2172.0,Small,Financial
FSCO,FS Credit Opportunities Corp,Financial,Closed-End Fund - Debt,USA,1010000000.0,6.59,5.01,-0.0118,1078435.0,Small,Financial
FSSL,FS Specialty Lending Fund,Financial,Closed-End Fund - Debt,USA,892790000.0,,11.76,-0.0068,214360.0,Small,Financial
FSUN,Firstsun Capital Bancorp,Financial,Banks - Regional,USA,1570000000.0,10.51,35.67,0.0062,35313.0,Small,Financial
FTHY,First Trust High Yield Opportunities 2027 Term Fund,Financial,Closed-End Fund - Debt,USA,509310000.0,13.45,13.85,0.0073,78020.0,Small,Financial
FUND,Sprott Focus Trust Inc,Financial,Closed-End Fund - Equity,USA,308850000.0,5.61,10.27,0.0045,11034.0,Small,Financial
FVAV,Fortress Value Acquisition Corp V,Financial,Shell Companies,USA,364760000.0,,10.09,-0.0007,24.0,Small,Financial
GAB,Gabelli Equity Trust Inc,Financial,Closed-End Fund - Equity,USA,1750000000.0,5.72,5.61,-0.0036,657067.0,Small,Financial
GABC,German American Bancorp Inc,Financial,Banks - Regional,USA,1640000000.0,12.12,43.72,0.0069999999999999,40581.0,Small,Financial
GAIN,Gladstone Investment Corp,Financial,Asset Management,USA,636950000.0,3.41,15.99,0.0111,97871.0,Small,Financial
GAM,General American Investors Co Inc,Financial,Closed-End Fund - Equity,USA,1730000000.0,4.41,64.18,0.0029,13673.0,Small,Financial
GBAB,Guggenheim Taxbl Muni Bnd & Invtmnt Grd Debt Trst Com Shrs Of benf Int,Financial,Closed-End Fund - Debt,USA,389150000.0,14.24,14.1,0.0025,97462.0,Small,Financial
GBFH,GBank Financial Holdings Inc,Financial,Banks - Regional,USA,435560000.0,24.51,30.1,0.0259,61248.0,Small,Financial
GBLI,Global Indemnity Group LLC,Financial,Insurance - Property & Casualty,USA,394320000.0,11.7,26.99,0.0135,2888.0,Small,Financial
GCBC,Greene County Bancorp Inc,Financial,Banks - Regional,USA,449640000.0,11.53,26.41,0.0220999999999999,7937.0,Small,Financial
GCGRU,General Catalyst Global Resilience Merger Corp,Financial,Shell Companies,USA,419780000.0,,10.2,0.0,6352.0,Small,Financial
GDOT,Green Dot Corp,Financial,Credit Services,USA,739110000.0,,13.04,0.0077,149178.0,Small,Financial
GEMI,Gemini Space Station Inc,Financial,Capital Markets,USA,623460000.0,,5.23,0.0051,1263174.0,Small,Financial
GGN,GAMCO Global Gold Natural Resources & Income Trust,Financial,Closed-End Fund - Equity,USA,803010000.0,2.56,5.14,0.0,328152.0,Small,Financial
GHY,PGIM Global High Yield Fund Inc,Financial,Closed-End Fund - Debt,USA,494400000.0,9.66,12.07,0.0,99054.0,Small,Financial
GIW,GigCapital8 Corp,Financial,Shell Companies,USA,366360000.0,,10.05,0.0005,2369.0,Small,Financial
GIX,GigCapital9 Corp,Financial,Shell Companies,USA,362210000.0,,9.91,0.0,0.0,Small,Financial
GLAD,Gladstone Capital Corp,Financial,Asset Management,USA,440660000.0,11.16,19.5,0.008,145406.0,Small,Financial
GOLD,Gold.com Inc,Financial,Capital Markets,USA,1220000000.0,14.61,42.83,0.0001,156750.0,Small,Financial
GPAT,GP-Act III Acquisition Corp,Financial,Shell Companies,USA,468120000.0,35.08,10.87,0.0009,15.0,Small,Financial
GRAF,Graf Global Corp,Financial,Shell Companies,USA,311650000.0,39.2,10.84,0.0005,217.0,Small,Financial
GSBC,Great Southern Bancorp Inc,Financial,Banks - Regional,USA,785040000.0,11.39,72.07,0.0102,64280.0,Small,Financial
GSBD,Goldman Sachs BDC Inc,Financial,Asset Management,USA,1020000000.0,14.14,9.06,0.0174,487408.0,Small,Financial
GSHD,Goosehead Insurance Inc,Financial,Insurance Brokers,USA,1260000000.0,30.88,35.43,0.0056999999999999,443507.0,Small,Financial
GTEN,Gores Holdings X Inc,Financial,Shell Companies,USA,466080000.0,65.44,10.34,0.0,0.0,Small,Financial
GUACU,Berto Acquisition Corp II,Financial,Shell Companies,USA,316360000.0,,10.04,0.0,0.0,Small,Financial
GUT,Gabelli Utility Trust,Financial,Closed-End Fund - Equity,USA,560890000.0,11.59,6.26,0.0048,136918.0,Small,Financial
HACQ,HCM IV Acquisition Corp,Financial,Shell Companies,USA,373430000.0,,9.99,-0.001,7810.0,Small,Financial
HAFC,Hanmi Financial Corp,Financial,Banks - Regional,USA,898950000.0,11.24,30.2,0.001,53161.0,Small,Financial
HBCP,Home Bancorp Inc,Financial,Banks - Regional,USA,504510000.0,10.8,64.33,-0.0043,23833.0,Small,Financial
HBNC,Horizon Bancorp Inc (IN),Financial,Banks - Regional,USA,952680000.0,,18.56,0.0043,82569.0,Small,Financial
HBT,HBT Financial Inc,Financial,Banks - Regional,USA,1040000000.0,13.22,28.71,0.0031,13854.0,Small,Financial
HCI,HCI Group Inc,Financial,Insurance - Property & Casualty,USA,2000000000.0,6.87,156.55,0.013,88187.0,Small,Financial
HCIC,Hennessy Capital Investment Corp VIII,Financial,Shell Companies,USA,350840000.0,,9.88,0.0,15279.0,Small,Financial
HCMA,HCM III Acquisition Corp,Financial,Shell Companies,USA,346440000.0,88.61,10.27,0.0022,468212.0,Small,Financial
HFRO,Highland Opportunities and Income Fund,Financial,Closed-End Fund - Debt,USA,363190000.0,,6.55,0.0008,115135.0,Small,Financial
HFWA,Heritage Financial Corp,Financial,Banks - Regional,USA,1130000000.0,13.44,27.45,0.004,87883.0,Small,Financial
HIFS,Hingham Institution For Savings,Financial,Banks - Regional,USA,635430000.0,12.78,291.45,0.0243999999999999,25238.0,Small,Financial
HIO,Western Asset High Income Opportunity Fund Inc,Financial,Closed-End Fund - Debt,USA,348540000.0,13.09,3.66,0.0014,231096.0,Small,Financial
HIPO,Hippo Holdings Inc,Financial,Insurance - Property & Casualty,USA,677200000.0,6.02,26.01,0.0085,29390.0,Small,Financial
HIVE,HIVE Digital Technologies Ltd,Financial,Capital Markets,USA,1120000000.0,,4.39,-0.0124,20442095.0,Small,Financial
HIX,Western Asset High Income Fund II Inc,Financial,Closed-End Fund - Debt,USA,360730000.0,9.31,4.01,0.0038,341105.0,Small,Financial
HMN,Horace Mann Educators Corp,Financial,Insurance - Property & Casualty,USA,1850000000.0,11.53,45.88,-0.0102,81014.0,Small,Financial
HOPE,Hope Bancorp Inc,Financial,Banks - Regional,USA,1610000000.0,24.25,12.59,0.0056,306244.0,Small,Financial
HPF,John Hancock Preferred Income Fund II,Financial,Closed-End Fund - Debt,USA,350570000.0,12.46,16.19,0.0007,30737.0,Small,Financial
HPI,John Hancock Preferred Income Fund,Financial,Closed-End Fund - Debt,USA,436180000.0,12.62,16.28,0.0012,40005.0,Small,Financial
HPS,John Hancock Preferred Income Fund III,Financial,Closed-End Fund - Debt,USA,471430000.0,12.53,14.65,-0.0017,56052.0,Small,Financial
HQH,abrdn Healthcare Investors,Financial,Closed-End Fund - Equity,USA,1140000000.0,12.38,19.93,0.0141999999999999,66672.0,Small,Financial
HQL,abrdn Life Sciences Investors,Financial,Closed-End Fund - Equity,USA,542210000.0,6.39,17.83,0.0091,41944.0,Small,Financial
HRTG,Heritage Insurance Holdings Inc,Financial,Insurance - Property & Casualty,USA,666030000.0,3.37,21.94,-0.0025,161122.0,Small,Financial
HTB,HomeTrust Bancshares Inc,Financial,Banks - Regional,USA,789510000.0,12.13,46.98,0.0006,20642.0,Small,Financial
HTD,John Hancock Tax- Advantaged Dividend Income,Financial,Closed-End Fund - Debt,USA,903540000.0,8.56,25.5,-0.0085,54111.0,Small,Financial
HYT,BlackRock Corporate High Yield Fund Inc,Financial,Closed-End Fund - Debt,USA,1410000000.0,9.53,8.67,0.0034999999999999,727354.0,Small,Financial
IACO,Idea Acquisition Corp,Financial,Shell Companies,USA,432990000.0,,9.9,0.0017,17372.0,Small,Financial
IBCP,"Independent Bank Corp (Ionia, MI)",Financial,Banks - Regional,USA,709770000.0,10.29,34.44,0.0089,22949.0,Small,Financial
IEAG,Infinite Eagle Acquisition Corp,Financial,Shell Companies,USA,439120000.0,,10.09,0.004,250101.0,Small,Financial
IFN,Aberdeen India Fund Inc,Financial,Closed-End Fund - Equity,USA,480900000.0,,11.27,0.004,88470.0,Small,Financial
IGD,Voya Global Equity Dividend and Premium Opportunity Fund,Financial,Closed-End Fund - Foreign,USA,501600000.0,8.37,6.36,0.0016,334946.0,Small,Financial
IGR,CBRE Global Real Estate Income Fund,Financial,Closed-End Fund - Foreign,USA,710070000.0,39.08,4.69,-0.0042,727707.0,Small,Financial
IIM,Invesco Value Municipal Income Trust,Financial,Closed-End Fund - Debt,USA,585500000.0,31.09,12.44,0.0044,136920.0,Small,Financial
ILLU,Illumination Acquisition Corp I,Financial,Shell Companies,USA,384520000.0,,9.87,-0.001,13057.0,Small,Financial
INV,Innventure Inc,Financial,Asset Management,USA,478210000.0,,5.69,-0.0306999999999999,3661575.0,Small,Financial
IPCX,Inflection Point Acquisition Corp III,Financial,Shell Companies,USA,355930000.0,157.47,10.33,0.001,24904.0,Small,Financial
IPFX,Inflection Point Acquisition Corp VI,Financial,Shell Companies,USA,337300000.0,,10.0,0.001,36.0,Small,Financial
IQI,Invesco Quality Municipal Income Trust,Financial,Closed-End Fund - Debt,USA,524610000.0,29.18,9.92,0.001,141242.0,Small,Financial
ISBA,Isabella Bank Corp,Financial,Banks - Regional,USA,301180000.0,15.15,41.08,-0.0015,19101.0,Small,Financial
ISD,PGIM High Yield Bond Fund Inc,Financial,Closed-End Fund - Debt,USA,435570000.0,11.16,13.06,0.0002,67513.0,Small,Financial
ISTR,Investar Holding Corp,Financial,Banks - Regional,USA,390220000.0,13.17,28.29,0.0004,31737.0,Small,Financial
ITHA,ITHAX Acquisition Corp III,Financial,Shell Companies,USA,304860000.0,,9.94,-0.004,2560.0,Small,Financial
ITIC,Investors Title Co,Financial,Insurance - Specialty,USA,453270000.0,11.94,240.08,0.0068,37686.0,Small,Financial
JCAP,Jefferson Capital Inc,Financial,Credit Services,USA,941000000.0,6.22,16.98,-0.0098999999999999,114864.0,Small,Financial
JENA,Jena Acquisition Corp II,Financial,Shell Companies,USA,300180000.0,,10.34,0.0049,10000.0,Small,Financial
JFR,Nuveen Floating Rate Income Fund,Financial,Closed-End Fund - Debt,USA,1240000000.0,22.57,7.68,0.0059,423866.0,Small,Financial
JGH,Nuveen Global High Income Fund,Financial,Closed-End Fund - Debt,USA,360710000.0,10.87,12.82,0.0067,158595.0,Small,Financial
JMSB,John Marshall Bancorp Inc,Financial,Banks - Regional,USA,301150000.0,13.47,21.34,0.0056999999999999,16284.0,Small,Financial
JOF,Japan Smaller Capitalization Fund Inc,Financial,Closed-End Fund - Foreign,USA,333360000.0,2.33,11.77,0.0098999999999999,39268.0,Small,Financial
JQC,Nuveen Credit Strategies Income Fund,Financial,Closed-End Fund - Debt,USA,716910000.0,17.32,4.85,0.0,349200.0,Small,Financial
JRI,Nuveen Real Asset Income and Growth Fund,Financial,Closed-End Fund - Equity,USA,353790000.0,7.32,12.89,0.0023,79098.0,Small,Financial
KBDC,Kayne Anderson BDC Inc,Financial,Asset Management,USA,988280000.0,11.65,14.9,0.0085,282101.0,Small,Financial
KBON,Karbon Capital Partners Corp,Financial,Shell Companies,USA,347300000.0,,10.14,0.004,5000.0,Small,Financial
KCHV,Kochav Defense Acquisition Corp,Financial,Shell Companies,USA,354220000.0,46.39,10.34,0.0,0.0,Small,Financial
KF,Korea Fund Inc,Financial,Closed-End Fund - Foreign,USA,310250000.0,3.42,74.61,-0.0039,15769.0,Small,Financial
KFII,K&F Growth Acquisition Corp II,Financial,Shell Companies,USA,412980000.0,37.54,10.52,-0.0009,45.0,Small,Financial
KIO,KKR Income Opportunities Fund,Financial,Closed-End Fund - Debt,USA,467310000.0,21.51,11.4,0.0011,139438.0,Small,Financial
KMPR,Kemper Corp,Financial,Insurance - Property & Casualty,USA,1490000000.0,40.92,25.26,-0.0070999999999999,555230.0,Small,Financial
KOYN,CSLM Digital Asset Acquisition Corp III Ltd,Financial,Shell Companies,USA,319680000.0,99.51,10.13,0.0,0.0,Small,Financial
KRAQ,KRAKacquisition Corp,Financial,Shell Companies,USA,428180000.0,,9.93,0.002,4715.0,Small,Financial
KRNY,Kearny Financial Corp,Financial,Banks - Regional,USA,533780000.0,14.49,8.24,0.0043,103534.0,Small,Financial
KRSP,Rice Acquisition Corp 3,Financial,Shell Companies,USA,488330000.0,,10.6,0.0183,116.0,Small,Financial
KTF,DWS Municipal Income Trust,Financial,Closed-End Fund - Debt,USA,357450000.0,,9.12,0.0016,106896.0,Small,Financial
LDI,LoanDepot Inc,Financial,Mortgage Finance,USA,445930000.0,,1.32,0.0076,648683.0,Small,Financial
LDP,Cohen & Steers Limited Duration Preferred and Income Fund Inc,Financial,Closed-End Fund - Debt,USA,599730000.0,9.33,20.62,-0.0046,47760.0,Small,Financial
LEGO,Legato Merger Corp IV,Financial,Shell Companies,USA,309890000.0,,9.91,0.0,30968.0,Small,Financial
LEO,BNY Mellon Strategic Municipals Inc,Financial,Closed-End Fund - Debt,USA,399600000.0,,6.41,0.0008,159103.0,Small,Financial
LIFE,Ethos Technologies Inc,Financial,Insurance Brokers,USA,1190000000.0,,18.99,-0.0301,165061.0,Small,Financial
LKFN,Lakeland Financial Corp,Financial,Banks - Regional,USA,1510000000.0,14.22,60.7,0.0093,55195.0,Small,Financial
LOB,Live Oak Bancshares Inc,Financial,Banks - Regional,USA,1760000000.0,14.56,38.09,0.0125,52153.0,Small,Financial
LOKV,Live Oak Acquisition Corp V,Financial,Shell Companies,USA,303310000.0,,10.55,0.0012,48.0,Small,Financial
LPAA,Launch One Acquisition Corp,Financial,Shell Companies,USA,310500000.0,40.21,10.8,0.0019,125.0,Small,Financial
LPBB,Launch Two Acquisition Corp,Financial,Shell Companies,USA,307340000.0,35.53,10.69,0.0009,1000.0,Small,Financial
LWAC,LightWave Acquisition Corp,Financial,Shell Companies,USA,306770000.0,56.47,10.21,0.0,5252.0,Small,Financial
MBAV,M3 Brigade Acquisition V Corp,Financial,Shell Companies,USA,388310000.0,84.81,10.81,0.0005,26508.0,Small,Financial
MBI,MBIA Inc,Financial,Insurance - Specialty,USA,304340000.0,,5.98,0.0127,96923.0,Small,Financial
MBVI,M3 Brigade Acquisition VI Corp,Financial,Shell Companies,USA,436860000.0,60.99,10.13,0.0,1021.0,Small,Financial
MBWM,Mercantile Bank Corp,Financial,Banks - Regional,USA,919690000.0,9.55,53.24,0.0078,46269.0,Small,Financial
MCB,Metropolitan Bank Holding Corp,Financial,Banks - Regional,USA,1120000000.0,11.17,90.76,0.0086,90409.0,Small,Financial
MCBS,MetroCity Bankshares Inc,Financial,Banks - Regional,USA,938900000.0,11.81,32.76,0.0015,17195.0,Small,Financial
MEGI,NYLI CBRE Global Infrastructure Megatrends Term Fund,Financial,Closed-End Fund - Equity,USA,793460000.0,7.4,15.24,-0.0029,94245.0,Small,Financial
MESH,Meshflow Acquisition Corp,Financial,Shell Companies,USA,430340000.0,,9.98,-0.001,8842.0,Small,Financial
MEVO,M Evo Global Acquisition Corp II,Financial,Shell Companies,USA,397600000.0,,9.94,0.001,26611.0,Small,Financial
MFIC,MidCap Financial Investment Corp,Financial,Asset Management,USA,904040000.0,198.82,10.98,0.0125,241196.0,Small,Financial
MHD,BlackRock MuniHoldings Fund Inc,Financial,Closed-End Fund - Debt,USA,605360000.0,37.45,11.61,0.0,210390.0,Small,Financial
MIY,BlackRock MuniYield Michigan Quality Fund Inc,Financial,Closed-End Fund - Debt,USA,349460000.0,35.49,12.06,0.0021,26972.0,Small,Financial
MLAA,Mountain Lake Acquisition Corp II,Financial,Shell Companies,USA,486720000.0,,9.94,0.0005,182331.0,Small,Financial
MLAC,Mountain Lake Acquisition Corp,Financial,Shell Companies,USA,329290000.0,41.23,10.62,0.0005,5186.0,Small,Financial
MMU,Western Asset Managed Municipals Fund Inc,Financial,Closed-End Fund - Debt,USA,560940000.0,256.75,10.27,-0.001,70534.0,Small,Financial
MPB,Mid Penn Bancorp Inc,Financial,Banks - Regional,USA,831060000.0,14.94,32.79,-0.0,45599.0,Small,Financial
MQY,BlackRock MuniYield Quality Fund Inc,Financial,Closed-End Fund - Debt,USA,820340000.0,36.84,11.42,-0.0009,235799.0,Small,Financial
MSBI,Midland States Bancorp Inc,Financial,Banks - Regional,USA,579400000.0,23.67,27.95,0.0072,34834.0,Small,Financial
MSDL,Morgan Stanley Direct Lending Fund,Financial,Asset Management,USA,1320000000.0,15.35,15.54,0.017,371039.0,Small,Financial
MSIF,MSC Income Fund Inc,Financial,Asset Management,USA,560020000.0,6.73,12.35,0.0131,97145.0,Small,Financial
MUA,BlackRock Muniassets Fund Inc,Financial,Closed-End Fund - Debt,USA,414030000.0,34.71,10.76,0.0037,67720.0,Small,Financial
MUC,BlackRock MuniHoldings California Quality Fund Inc,Financial,Closed-End Fund - Debt,USA,1020000000.0,46.98,10.81,0.0023,222074.0,Small,Financial
MUJ,BlackRock MuniHoldings New Jersey Quality Fund Inc,Financial,Closed-End Fund - Debt,USA,649920000.0,26.57,12.22,-0.0008,50076.0,Small,Financial
MVBF,MVB Financial Corp,Financial,Banks - Regional,USA,345150000.0,12.29,26.86,0.0056,18510.0,Small,Financial
MXF,Mexico Fund Inc,Financial,Closed-End Fund - Foreign,USA,319120000.0,4.21,22.13,-0.0098,20787.0,Small,Financial
MYI,BlackRock MuniYield Quality Fund III Inc,Financial,Closed-End Fund - Debt,USA,728150000.0,28.83,10.95,0.0005,112966.0,Small,Financial
MYN,BlackRock MuniYield New York Quality Fund Inc,Financial,Closed-End Fund - Debt,USA,382940000.0,62.47,9.99,0.0005,63460.0,Small,Financial
MZYX,MOZAYYX Acquisition Corp,Financial,Shell Companies,USA,371810000.0,,9.91,0.0,1888.0,Small,Financial
NAC,Nuveen California Quality Municipal Income Fund,Financial,Closed-End Fund - Debt,USA,1890000000.0,,12.06,0.0063,278095.0,Small,Financial
NAN,Nuveen New York Quality Municipal Income Fund,Financial,Closed-End Fund - Debt,USA,366440000.0,31.86,11.47,0.0009,62452.0,Small,Financial
NAVI,Navient Corp,Financial,Credit Services,USA,801260000.0,,8.52,0.0259,418354.0,Small,Financial
NBB,Nuveen Taxable Municipal Income Fund,Financial,Closed-End Fund - Debt,USA,464880000.0,43.93,15.81,0.0054,28522.0,Small,Financial
NBBK,NB Bancorp Inc,Financial,Banks - Regional,USA,836500000.0,14.68,20.09,0.0062,55463.0,Small,Financial
NBH,Neuberger Municipal Fund Inc,Financial,Closed-End Fund - Debt,USA,308320000.0,61.24,10.41,0.001,48274.0,Small,Financial
NBHC,National Bank Holdings Corp,Financial,Banks - Regional,USA,1890000000.0,15.7,42.1,0.0037,88072.0,Small,Financial
NBN,Northeast Bank,Financial,Banks - Regional,USA,1010000000.0,10.81,126.12,0.0167,82933.0,Small,Financial
NBXG,Neuberger Next Generation Connectivity Fund Inc,Financial,Closed-End Fund - Equity,USA,1320000000.0,4.1,16.73,0.01,309678.0,Small,Financial
NCA,Nuveen California Municipal Value Fund,Financial,Closed-End Fund - Debt,USA,307940000.0,26.57,9.3,0.0011,52689.0,Small,Financial
NCDL,Nuveen Churchill Direct Lending Corp,Financial,Asset Management,USA,650920000.0,11.03,13.18,0.0154,185513.0,Small,Financial
NCV,Virtus Convertible & Income Fund,Financial,Closed-End Fund - Debt,USA,396740000.0,4.72,17.56,0.0052,46350.0,Small,Financial
NCZ,Virtus Convertible & Income Fund II,Financial,Closed-End Fund - Debt,USA,302940000.0,4.47,15.92,0.0019,40948.0,Small,Financial
NDMO,Nuveen Dynamic Municipal Opportunities Fund,Financial,Asset Management,USA,620020000.0,41.82,10.41,0.0019,37051.0,Small,Financial
NECB,NorthEast Community Bancorp Inc,Financial,Banks - Regional,USA,336960000.0,7.57,24.39,-0.0025,9307.0,Small,Financial
NEWT,NewtekOne Inc,Financial,Banks - Regional,USA,402000000.0,6.15,13.93,0.0029,52974.0,Small,Financial
NFBK,Northfield Bancorp Inc,Financial,Banks - Regional,USA,593250000.0,123.09,14.2,-0.0039,87168.0,Small,Financial
NFJ,Virtus AllianzGI Dividend Interest & Premium Strategy Fund,Financial,Closed-End Fund - Equity,USA,1380000000.0,9.35,14.86,-0.0003,60307.0,Small,Financial
NHIC,NewHold Investment Corp III,Financial,Shell Companies,USA,311190000.0,59.5,11.27,0.0135,388360.0,Small,Financial
NIE,Virtus Equity & Convertible Income Fund,Financial,Closed-End Fund - Equity,USA,745090000.0,6.51,26.89,-0.0004,33374.0,Small,Financial
NKX,Nuveen California AMT-Free Quality Municipal Income Fund,Financial,Closed-End Fund - Debt,USA,673930000.0,29.33,12.61,-0.0008,107149.0,Small,Financial
NMAI,Nuveen Multi-Asset Income Fund,Financial,Asset Management,USA,470030000.0,5.78,14.06,0.0036,73272.0,Small,Financial
NMCO,Nuveen Municipal Credit Opportunities Fund,Financial,Closed-End Fund - Debt,USA,598480000.0,540.25,10.81,0.0005,81441.0,Small,Financial
NMFC,New Mountain Finance Corp,Financial,Asset Management,USA,764590000.0,,8.1,0.0106,182822.0,Small,Financial
NML,Neuberger Energy Infrastructure and Income Fund Inc,Financial,Closed-End Fund - Equity,USA,554970000.0,108.83,9.8,-0.0166,201137.0,Small,Financial
NMZ,Nuveen Municipal High Income Opportunity Fund,Financial,Closed-End Fund - Debt,USA,1210000000.0,48.9,10.27,0.002,617810.0,Small,Financial
NPAC,New Providence Acquisition Corp III,Financial,Shell Companies,USA,396960000.0,43.59,10.34,-0.0006,2240.0,Small,Financial
NPB,Northpointe Bancshares Inc,Financial,Banks - Regional,USA,597920000.0,7.78,17.29,0.0012,16245.0,Small,Financial
NPFD,Nuveen Variable Rate Preferred & Income Fund,Financial,Closed-End Fund - Equity,USA,455590000.0,8.77,18.85,-0.0103,37582.0,Small,Financial
NRIM,Northrim Bancorp Inc,Financial,Banks - Regional,USA,548340000.0,8.54,24.65,-0.0036,14668.0,Small,Financial
NRK,Nuveen New York AMT-Free Quality Municipal Income Fund,Financial,Closed-End Fund - Debt,USA,925570000.0,33.16,10.61,0.0009,169119.0,Small,Financial
NUV,Nuveen Municipal Value Fund Inc,Financial,Closed-End Fund - Debt,USA,1890000000.0,31.47,9.12,0.0005,312160.0,Small,Financial
NWAX,New America Acquisition I Corp,Financial,Shell Companies,USA,507960000.0,200.39,10.2,0.0029,2169.0,Small,Financial
NWFL,Norwood Financial Corp,Financial,Banks - Regional,USA,331360000.0,11.21,30.43,-0.0096,6539.0,Small,Financial
NXG,NXG NextGen Infrastructure Income Fund,Financial,Closed-End Fund - Equity,USA,338110000.0,10.24,58.37,-0.0068,46928.0,Small,Financial
NXP,Nuveen Select Tax-Free Income Portfolio,Financial,Closed-End Fund - Debt,USA,742650000.0,95.2,14.28,0.0034999999999999,127696.0,Small,Financial
OBK,Origin Bancorp Inc,Financial,Banks - Regional,USA,1470000000.0,18.51,47.69,0.0056999999999999,39595.0,Small,Financial
OBT,Orange County Bancorp Inc,Financial,Banks - Regional,USA,457880000.0,10.04,34.15,-0.0029,14778.0,Small,Financial
OCFC,OceanFirst Financial Corp,Financial,Banks - Regional,USA,1090000000.0,16.06,18.86,0.003,316298.0,Small,Financial
OCSL,Oaktree Specialty Lending Corp,Financial,Asset Management,USA,1070000000.0,21.55,12.15,0.0258,327365.0,Small,Financial
OFG,OFG Bancorp,Financial,Banks - Regional,USA,1940000000.0,9.46,45.79,-0.0009,46945.0,Small,Financial
OIM,OneIM Acquisition Corp,Financial,Shell Companies,USA,360300000.0,,10.02,0.0025,111.0,Small,Financial
OPFI,OppFi Inc,Financial,Credit Services,USA,1210000000.0,11.38,8.39,0.0060999999999999,165675.0,Small,Financial
OPY,Oppenheimer Holdings Inc,Financial,Capital Markets,USA,977980000.0,11.02,92.19,0.0116,48074.0,Small,Financial
ORRF,Orrstown Financial Services Inc,Financial,Banks - Regional,USA,734530000.0,8.56,37.38,0.0069,21732.0,Small,Financial
OSBC,Old Second Bancorporation Inc,Financial,Banks - Regional,USA,1100000000.0,12.77,21.44,0.0066,157991.0,Small,Financial
OXLC,Oxford Lane Capital Corp,Financial,Closed-End Fund - Debt,USA,969170000.0,,9.93,-0.002,906538.0,Small,Financial
OYSE,Oyster Enterprises II Acquisition Corp,Financial,Shell Companies,USA,347960000.0,44.07,10.26,-0.001,2.0,Small,Financial
PAXS,PIMCO Access Income Fund,Financial,Closed-End Fund - Debt,USA,674310000.0,7.88,14.34,0.0049,91260.0,Small,Financial
PBFS,Pioneer Bancorp Inc,Financial,Banks - Regional,USA,373140000.0,18.37,14.88,-0.008,1977.0,Small,Financial
PCAP,ProCap Acquisition Corp,Financial,Shell Companies,USA,325350000.0,42.44,10.27,0.0,1699.0,Small,Financial
PCB,PCB Bancorp,Financial,Banks - Regional,USA,350460000.0,8.85,24.62,-0.0012,5536.0,Small,Financial
PCN,PIMCO Corporate & Income Strategy Fund,Financial,Closed-End Fund - Debt,USA,869330000.0,9.28,11.79,-0.0008,181284.0,Small,Financial
PDLB,Ponce Financial Group Inc,Financial,Banks - Regional,USA,455940000.0,14.46,18.85,0.0021,37430.0,Small,Financial
PDO,PIMCO Dynamic Income Opportunities Fund,Financial,Closed-End Fund - Debt,USA,1860000000.0,7.27,13.09,0.0065,298979.0,Small,Financial
PDT,John Hancock Premium Dividend Fund,Financial,Closed-End Fund - Debt,USA,632770000.0,9.26,12.86,-0.0027,92910.0,Small,Financial
PEBO,"Peoples Bancorp Inc (Marietta, OH)",Financial,Banks - Regional,USA,1260000000.0,11.22,34.99,0.0042,57347.0,Small,Financial
PEO,Adams Natural Resources Fund Inc,Financial,Closed-End Fund - Equity,USA,699760000.0,12.54,25.45,-0.0066,67357.0,Small,Financial
PFBC,"Preferred Bank (Los Angeles, CA)",Financial,Banks - Regional,USA,1280000000.0,8.92,95.76,0.0068,52632.0,Small,Financial
PFIS,Peoples Financial Services Corp,Financial,Banks - Regional,USA,592640000.0,10.12,59.2,-0.0138,16982.0,Small,Financial
PFL,Pimco Income Strategy Fund,Financial,Closed-End Fund - Debt,USA,389890000.0,9.92,7.84,0.0,74928.0,Small,Financial
PFLT,PennantPark Floating Rate Capital Ltd,Financial,Asset Management,USA,826250000.0,13.33,8.33,0.0131,652694.0,Small,Financial
PFN,Pimco Income Strategy Fund II,Financial,Closed-End Fund - Debt,USA,687740000.0,13.41,6.97,-0.0021,241205.0,Small,Financial
PGC,Peapack-Gladstone Financial Corp,Financial,Banks - Regional,USA,768940000.0,17.54,43.4,0.0034,28390.0,Small,Financial
PHK,Pimco High Income Fund,Financial,Closed-End Fund - Debt,USA,850290000.0,8.94,4.56,-0.0022,410693.0,Small,Financial
PKBK,Parke Bancorp Inc,Financial,Banks - Regional,USA,362370000.0,8.82,30.89,-0.0096,30543.0,Small,Financial
PLBC,Plumas Bancorp,Financial,Banks - Regional,USA,367910000.0,11.18,52.8,0.0042,15290.0,Small,Financial
PML,Pimco Municipal Income Fund II,Financial,Closed-End Fund - Debt,USA,941640000.0,750.5,7.51,0.0033,377093.0,Small,Financial
PMTR,Perimeter Acquisition Corp I,Financial,Shell Companies,USA,319970000.0,46.8,10.38,-0.0038,4694.0,Small,Financial
POLE,Andretti Acquisition Corp II,Financial,Shell Companies,USA,317230000.0,40.02,10.75,0.0037,3537.0,Small,Financial
PPT,Putnam Premier Income Trust,Financial,Closed-End Fund - Debt,USA,332580000.0,11.23,3.48,0.0058,119777.0,Small,Financial
PRA,Proassurance Corp,Financial,Insurance - Property & Casualty,USA,1240000000.0,19.11,24.08,0.0073,722704.0,Small,Financial
PRAA,PRA Group Inc,Financial,Credit Services,USA,576060000.0,,15.1,-0.0199,173337.0,Small,Financial
PRCH,Porch Group Inc,Financial,Insurance - Property & Casualty,USA,1150000000.0,,10.48,0.0131,610733.0,Small,Financial
PSBD,Palmer Square Capital BDC Inc,Financial,Asset Management,USA,338590000.0,,10.88,0.0037,122895.0,Small,Financial
PSEC,Prospect Capital Corp,Financial,Asset Management,USA,1230000000.0,,2.46,0.038,2544177.0,Small,Financial
PTA,Cohen & Steers Tax-Advantaged Preferred Securities & Income Fund,Financial,Closed-End Fund - Debt,USA,1090000000.0,12.05,19.64,0.001,72445.0,Small,Financial
PTOR,Praetorian Acquisition Corp,Financial,Shell Companies,USA,336490000.0,,9.92,-0.001,502.0,Small,Financial
PURR,Hyperliquid Strategies Inc,Financial,Capital Markets,USA,1350000000.0,,10.06,0.1785999999999999,22757136.0,Small,Financial
PWP,Perella Weinberg Partners,Financial,Capital Markets,USA,1600000000.0,71.64,17.25,-0.016,1073142.0,Small,Financial
QCRH,QCR Holding Inc,Financial,Banks - Regional,USA,1520000000.0,11.56,92.14,0.0084,26233.0,Small,Financial
QQQX,Nuveen NASDAQ 100 Dynamic Overwrite Fund,Financial,Closed-End Fund - Equity,USA,1550000000.0,8.48,31.79,0.0127,72065.0,Small,Financial
RA,Brookfield Real Assets Income Fund Inc,Financial,Closed-End Fund - Debt,USA,706160000.0,11.41,12.78,-0.0031,138886.0,Small,Financial
RBB,RBB Bancorp,Financial,Banks - Regional,USA,403930000.0,10.09,23.85,0.0034,10689.0,Small,Financial
RBCAA,Republic Bancorp Inc (KY),Financial,Banks - Regional,USA,1410000000.0,12.5,80.89,0.0069,58072.0,Small,Financial
RDAG,Republic Digital Acquisition Co,Financial,Shell Companies,USA,388130000.0,37.61,10.35,0.001,2.0,Small,Financial
RFI,Cohen & Steers Total Return Realty Fund Inc,Financial,Closed-End Fund - Equity,USA,301740000.0,26.86,11.28,-0.0053,122738.0,Small,Financial
RFMZ,RiverNorth Flexible Municipal Income Fund II Inc,Financial,Asset Management,USA,321420000.0,201.83,13.2,-0.003,25896.0,Small,Financial
RILY,BRC Group Holdings Inc,Financial,Financial Conglomerates,USA,364990000.0,0.67,9.83,-0.0428,822434.0,Small,Financial
RIV,RiverNorth Opportunities Fund Inc,Financial,Closed-End Fund - Equity,USA,321750000.0,5.09,11.75,0.0004,65745.0,Small,Financial
RM,Regional Management Corp,Financial,Credit Services,USA,342120000.0,7.54,37.15,0.0241,23051.0,Small,Financial
RMT,Royce Micro-Cap Trust Inc,Financial,Closed-End Fund - Equity,USA,753510000.0,8.49,14.09,0.0064,196154.0,Small,Financial
RNGT,Range Capital Acquisition Corp II,Financial,Shell Companies,USA,315460000.0,85.7,10.07,0.0,10205.0,Small,Financial
RNP,Cohen & Steers REIT & Preferred & Income Fund Inc,Financial,Closed-End Fund - Debt,USA,1010000000.0,17.57,21.09,0.0036,112296.0,Small,Financial
ROOT,Root Inc,Financial,Insurance - Property & Casualty,USA,841180000.0,16.84,53.15,0.0124,108554.0,Small,Financial
RPC,Ridgepost Capital Inc,Financial,Asset Management,USA,918570000.0,40.61,8.39,0.0024,99349.0,Small,Financial
RQI,Cohen & Steers Quality Income Realty Fund Inc,Financial,Closed-End Fund - Equity,USA,1790000000.0,38.0,13.3,-0.006,332166.0,Small,Financial
RRBI,Red River Bancshares Inc,Financial,Banks - Regional,USA,602690000.0,13.72,91.53,-0.0098999999999999,67351.0,Small,Financial
RREV,RRE Ventures Acquisition Corp,Financial,Shell Companies,USA,329630000.0,,9.89,0.001,50300.0,Small,Financial
RTAC,Renatus Tactical Acquisition Corp I,Financial,Shell Companies,USA,324700000.0,47.3,10.42,0.0,48288.0,Small,Financial
RVI,Robinhood Ventures Fund I,Financial,Asset Management,USA,659960000.0,,52.29,0.0458999999999999,405503.0,Small,Financial
SAAQ,Space Asset Acquisition Corp,Financial,Shell Companies,USA,325620000.0,,10.4,-0.0216,3668.0,Small,Financial
SAC,Safeguard Acquisition Corp,Financial,Shell Companies,USA,314950000.0,,10.04,-0.004,3775.0,Small,Financial
SAFT,Safety Insurance Group Inc,Financial,Insurance - Property & Casualty,USA,1030000000.0,16.6,70.36,-0.0016,39376.0,Small,Financial
SAR,Saratoga Investment Corp,Financial,Asset Management,USA,368790000.0,9.71,22.67,0.0093999999999999,63845.0,Small,Financial
SATA,Strive Inc - VR PRF PERPETUAL USD 100 - Ser A,Financial,Asset Management,USA,1300000000.0,,100.01,0.0001,1036330.0,Small,Financial
SBET,Sharplink Inc,Financial,Capital Markets,USA,1230000000.0,,6.22,0.023,5184809.0,Small,Financial
SBSI,Southside Bancshares Inc,Financial,Banks - Regional,USA,978980000.0,13.93,32.9,-0.0040999999999999,21659.0,Small,Financial
SBXE,SilverBox Corp V,Financial,Shell Companies,USA,343620000.0,,9.96,-0.0069999999999999,8500.0,Small,Financial
SCD,LMP Capital and Income Fund Inc,Financial,Closed-End Fund - Equity,USA,354480000.0,,15.48,-0.0034999999999999,35031.0,Small,Financial
SDHI,Siddhi Acquisition Corp,Financial,Shell Companies,USA,361970000.0,175.8,10.39,0.0,0.0,Small,Financial
SFST,Southern First Bancshares Inc,Financial,Banks - Regional,USA,546220000.0,13.48,57.77,-0.0007,107391.0,Small,Financial
SHBI,Shore Bancshares Inc,Financial,Banks - Regional,USA,691200000.0,10.99,20.66,0.001,49791.0,Small,Financial
SKWD,Skyward Specialty Insurance Group Inc,Financial,Insurance - Property & Casualty,USA,1810000000.0,10.74,44.59,-0.0040999999999999,110493.0,Small,Financial
SLRC,SLR Investment Corp,Financial,Asset Management,USA,720670000.0,8.03,13.21,0.0023,116655.0,Small,Financial
SMBC,Southern Missouri Bancorp Inc,Financial,Banks - Regional,USA,761840000.0,11.55,69.16,-0.0007,40313.0,Small,Financial
SMBK,SmartFinancial Inc,Financial,Banks - Regional,USA,716430000.0,13.43,41.9,0.0040999999999999,22474.0,Small,Financial
SOR,Source Capital,Financial,Closed-End Fund - Equity,USA,377020000.0,6.33,45.81,0.0087,9612.0,Small,Financial
SORN,Soren Acquisition Corp,Financial,Shell Companies,USA,344520000.0,,9.92,0.0,2288.0,Small,Financial
SPFI,South Plains Financial Inc,Financial,Banks - Regional,USA,779800000.0,11.39,40.73,0.0072,44320.0,Small,Financial
SPXX,Nuveen S&P 500 Dynamic Overwrite Fund,Financial,Closed-End Fund - Equity,USA,330770000.0,8.25,18.4,0.0033,128316.0,Small,Financial
SRCE,1st Source Corp,Financial,Banks - Regional,USA,1780000000.0,11.26,74.14,0.0079,25806.0,Small,Financial
SSSS,SuRo Capital Corp,Financial,Asset Management,USA,365250000.0,2.05,14.01,0.0182,96879.0,Small,Financial
STBA,S & T Bancorp Inc,Financial,Banks - Regional,USA,1630000000.0,12.71,45.33,0.0092,52462.0,Small,Financial
STEL,Stellar Bancorp Inc,Financial,Banks - Regional,USA,1910000000.0,18.25,37.44,-0.0013,114259.0,Small,Financial
STEW,SRH Total Return Fund Inc,Financial,Closed-End Fund - Equity,USA,1680000000.0,9.67,17.4,-0.0056999999999999,48275.0,Small,Financial
STK,Columbia Seligman Premium Technology Growth Fund Inc,Financial,Closed-End Fund - Equity,USA,982190000.0,6.26,55.6,0.0,22743.0,Small,Financial
SVAC,Spring Valley Acquisition Corp III,Financial,Shell Companies,USA,327680000.0,,10.69,0.0109,381376.0,Small,Financial
SVIV,Spring Valley Acquisition Corp IV,Financial,Shell Companies,USA,309770000.0,,10.1,0.0,6634.0,Small,Financial
TACH,Titan Acquisition Corp,Financial,Shell Companies,USA,358110000.0,39.15,10.39,0.0,0.0,Small,Financial
TACO,Berto Acquisition Corp,Financial,Shell Companies,USA,393190000.0,38.89,10.48,-0.001,1139.0,Small,Financial
TBLD,Thornburg Income Builder Opportunities Trust,Financial,Closed-End Fund - Equity,USA,729220000.0,5.12,22.73,0.0102,32463.0,Small,Financial
TCBK,Trico Bancshares,Financial,Banks - Regional,USA,1620000000.0,12.87,50.8,0.0103,47406.0,Small,Financial
TCBX,Third Coast Bancshares Inc,Financial,Banks - Regional,USA,638040000.0,10.6,38.45,0.0034999999999999,16779.0,Small,Financial
TCPC,BlackRock TCP Capital Corp,Financial,Asset Management,USA,330160000.0,,3.93,0.0220999999999999,514556.0,Small,Financial
TEI,Templeton Emerging Markets Income Fund Inc,Financial,Closed-End Fund - Debt,USA,303330000.0,3.21,6.42,-0.0027,118909.0,Small,Financial
TFIN,Triumph Financial Inc,Financial,Banks - Regional,USA,1710000000.0,60.25,71.67,0.0159,88165.0,Small,Financial
THFF,First Financial Corp,Financial,Banks - Regional,USA,826480000.0,10.23,69.5,0.0049,27073.0,Small,Financial
THQ,abrdn Healthcare Opportunities Fund,Financial,Closed-End Fund - Equity,USA,773840000.0,,18.67,0.0034999999999999,127328.0,Small,Financial
THW,abrdn World Healthcare Fund,Financial,Closed-End Fund - Equity,USA,519640000.0,9.61,12.88,-0.0016,86076.0,Small,Financial
TIPT,Tiptree Inc,Financial,Insurance - Specialty,USA,682620000.0,54.12,18.17,0.04,264256.0,Small,Financial
TLNC,Talon Capital Corp,Financial,Shell Companies,USA,349470000.0,76.02,10.28,-0.0024,10245.0,Small,Financial
TMP,Tompkins Financial Corp,Financial,Banks - Regional,USA,1250000000.0,7.43,86.7,0.0021,24911.0,Small,Financial
TMTS,Spartacus Acquisition Corp II,Financial,Shell Companies,USA,306700000.0,,10.0,0.001,6727.0,Small,Financial
TREE,LendingTree Inc,Financial,Financial Conglomerates,USA,539020000.0,3.0,38.63,0.0046999999999999,78816.0,Small,Financial
TRIN,Trinity Capital Inc,Financial,Asset Management,USA,1520000000.0,9.0,16.95,0.008,574314.0,Small,Financial
TRST,Trustco Bank Corp,Financial,Banks - Regional,USA,905900000.0,15.17,51.84,0.0093,27453.0,Small,Financial
TRUP,Trupanion Inc,Financial,Insurance - Property & Casualty,USA,967480000.0,37.4,22.18,0.0013,116794.0,Small,Financial
TSBK,Timberland Bancorp Inc,Financial,Banks - Regional,USA,318440000.0,10.43,40.68,-0.0068,6263.0,Small,Financial
TSLX,Sixth Street Specialty Lending Inc,Financial,Asset Management,USA,1650000000.0,15.23,17.4,0.0029,318267.0,Small,Financial
TVA,Texas Ventures Acquisition III Corp,Financial,Shell Companies,USA,315000000.0,57.35,10.5,0.0,6739.0,Small,Financial
TWFG,TWFG Inc,Financial,Insurance Brokers,USA,1030000000.0,35.1,18.97,0.0112,88784.0,Small,Financial
TWN,Taiwan Fund Inc,Financial,Closed-End Fund - Foreign,USA,569040000.0,2.55,99.1,-0.0098,20063.0,Small,Financial
TY,Tri-Continental Corp,Financial,Closed-End Fund - Equity,USA,1880000000.0,7.2,35.33,0.0043,14459.0,Small,Financial
TYG,Tortoise Energy Infrastructure Corp,Financial,Closed-End Fund - Equity,USA,932970000.0,,44.17,-0.0084,139570.0,Small,Financial
UFCS,United Fire Group Inc,Financial,Insurance - Property & Casualty,USA,1140000000.0,8.89,44.54,-0.0054,24957.0,Small,Financial
UNTY,Unity Bancorp Inc,Financial,Banks - Regional,USA,559230000.0,9.38,55.69,-0.0098999999999999,18470.0,Small,Financial
USA,Liberty All-Star Equity Fund,Financial,Closed-End Fund - Equity,USA,1760000000.0,10.44,5.84,0.0043,616490.0,Small,Financial
USCB,USCB Financial Holdings Inc,Financial,Banks - Regional,USA,337880000.0,12.9,18.5,-0.0022,8640.0,Small,Financial
UVE,Universal Insurance Holdings Inc,Financial,Insurance - Property & Casualty,USA,1030000000.0,5.48,37.0,-0.0152,47026.0,Small,Financial
UVSP,Univest Financial Corp,Financial,Banks - Regional,USA,1100000000.0,11.93,39.61,0.006,42488.0,Small,Financial
VACH,Voyager Acquisition Corp,Financial,Shell Companies,USA,310240000.0,45.8,9.81,-0.0144999999999999,4692.0,Small,Financial
VACI,Viking Acquisition Corp I,Financial,Shell Companies,USA,323920000.0,,10.34,-0.001,51018.0,Small,Financial
VALU,Value Line Inc,Financial,Financial Data & Stock Exchanges,USA,317850000.0,14.47,33.86,0.02,1351.0,Small,Financial
VCV,Invesco California Value Municipal Income Trust,Financial,Closed-End Fund - Debt,USA,516620000.0,40.96,10.65,0.0,92010.0,Small,Financial
VEL,Velocity Financial Inc,Financial,Mortgage Finance,USA,693740000.0,6.4,17.67,0.0040999999999999,14573.0,Small,Financial
VGM,Invesco Trust for Investment Grade Municipals,Financial,Closed-End Fund - Debt,USA,557500000.0,33.16,10.28,0.001,139638.0,Small,Financial
VHCP,Vine Hill Capital Investment Corp II,Financial,Shell Companies,USA,305800000.0,,9.97,-0.0028,104.0,Small,Financial
VKI,Invesco Advantage Municipal Income Trust II,Financial,Closed-End Fund - Debt,USA,399270000.0,35.96,8.99,0.0033,92861.0,Small,Financial
VKQ,Invesco Municipal Trust,Financial,Closed-End Fund - Debt,USA,541730000.0,32.63,9.79,0.002,123843.0,Small,Financial
VMO,Invesco Municipal Opportunity Trust,Financial,Closed-End Fund - Debt,USA,658560000.0,34.88,9.77,-0.0005,256080.0,Small,Financial
VRTS,Virtus Investment Partners Inc,Financial,Asset Management,USA,984470000.0,8.67,147.33,0.0364,53810.0,Small,Financial
VVR,Invesco Senior Income Trust,Financial,Closed-End Fund - Debt,USA,470240000.0,33.94,3.06,0.015,647615.0,Small,Financial
WABC,Westamerica Bancorporation,Financial,Banks - Regional,USA,1300000000.0,12.37,55.44,0.0017,49007.0,Small,Financial
WASH,Washington Trust Bancorp Inc,Financial,Banks - Regional,USA,624010000.0,11.95,32.73,0.0108,31880.0,Small,Financial
WD,Walker & Dunlop Inc,Financial,Mortgage Finance,USA,1740000000.0,25.13,50.76,-0.001,115999.0,Small,Financial
WENN,Wen Acquisition Corp,Financial,Shell Companies,USA,386070000.0,41.01,10.29,0.0,20005.0,Small,Financial
WIW,Western Asset Inflation-Linked Opportunities & Income Fund,Financial,Closed-End Fund - Debt,USA,520070000.00000006,11.97,8.5,-0.0012,145720.0,Small,Financial
WRLD,World Acceptance Corp,Financial,Credit Services,USA,819180000.0,22.49,165.93,0.0274,113015.0,Small,Financial
WSBF,Waterstone Financial Inc,Financial,Banks - Regional,USA,336690000.0,11.22,18.65,-0.0016,14296.0,Small,Financial
WTBA,West Bancorporation,Financial,Banks - Regional,USA,405780000.0,11.56,23.83,-0.0054,6032.0,Small,Financial
XRPN,Armada Acquisition Corp II,Financial,Shell Companies,USA,328430000.0,139.93,10.4,0.0006,16337.0,Small,Financial
XZO,Exzeo Group Inc,Financial,Insurance - Diversified,USA,1270000000.0,,14.01,0.0268,134362.0,Small,Financial
ZKP,Lafayette Digital Acquisition Corp I,Financial,Shell Companies,USA,387770000.0,,9.92,-0.004,21039.0,Small,Financial
ZTR,Virtus Total Return Fund Inc,Financial,Closed-End Fund - Equity,USA,333460000.0,11.83,6.67,-0.0118999999999999,216889.0,Small,Financial
ABEO,Abeona Therapeutics Inc,Healthcare,Biotechnology,USA,337120000.0,6.31,5.91,0.0233999999999999,384236.0,Small,Healthcare
ABSI,Absci Corp,Healthcare,Biotechnology,USA,1080000000.0,,6.9,0.1355,6393921.0,Small,Healthcare
ABUS,Arbutus Biopharma Corp,Healthcare,Biotechnology,USA,916690000.0,5.64,4.64,0.0088,1226765.0,Small,Healthcare
ACHV,Achieve Life Sciences Inc,Healthcare,Biotechnology,USA,557520000.0,,5.43,0.0247,555564.0,Small,Healthcare
ACRS,Aclaris Therapeutics Inc,Healthcare,Biotechnology,USA,632670000.0,,4.53,-0.0088,428494.0,Small,Healthcare
ADMA,Adma Biologics Inc,Healthcare,Biotechnology,USA,1880000000.0,11.96,8.11,0.0227,942739.0,Small,Healthcare
ADUS,Addus HomeCare Corp,Healthcare,Medical Care Facilities,USA,1730000000.0,17.15,92.8,-0.0078,57707.0,Small,Healthcare
AGIO,Agios Pharmaceuticals Inc,Healthcare,Biotechnology,USA,1770000000.0,,29.83,-0.0194,717616.0,Small,Healthcare
AGL,Agilon Health Inc,Healthcare,Medical Care Facilities,USA,1550000000.0,,92.92,0.0282,106644.0,Small,Healthcare
AHCO,AdaptHealth Corp,Healthcare,Medical Devices,USA,1390000000.0,,10.22,-0.0126,400244.0,Small,Healthcare
AIRS,Airsculpt Technologies Inc,Healthcare,Medical Care Facilities,USA,382000000.0,,5.41,-0.0226,316009.0,Small,Healthcare
AKTS,Aktis Oncology Inc,Healthcare,Biotechnology,USA,1150000000.0,,20.83,0.0194,63642.0,Small,Healthcare
ALLO,Allogene Therapeutics Inc,Healthcare,Biotechnology,USA,747230000.0,,2.16,-0.0378,6513618.0,Small,Healthcare
ALMR,Alamar Biosciences Inc,Healthcare,Medical Devices,USA,1430000000.0,,20.61,0.043,115178.0,Small,Healthcare
ALT,Altimmune Inc,Healthcare,Biotechnology,USA,598030000.0,,3.08,0.0017,983617.0,Small,Healthcare
AMLX,Amylyx Pharmaceuticals Inc,Healthcare,Drug Manufacturers - Specialty & Generic,USA,1570000000.0,,14.09,-0.0091,184184.0,Small,Healthcare
AMN,AMN Healthcare Services Inc,Healthcare,Medical Care Facilities,USA,1110000000.0,,28.57,0.0227999999999999,357382.0,Small,Healthcare
AMPH,Amphastar Pharmaceuticals Inc,Healthcare,Drug Manufacturers - Specialty & Generic,USA,828940000.0,11.29,18.8,-0.0259,364520.0,Small,Healthcare
ANAB,AnaptysBio Inc,Healthcare,Biotechnology,USA,1610000000.0,,55.32,-0.0298,197114.0,Small,Healthcare
ANGO,Angiodynamic Inc,Healthcare,Medical Instruments & Supplies,USA,479300000.0,,11.6,-0.0161,81588.0,Small,Healthcare
ANIP,ANI Pharmaceuticals Inc,Healthcare,Drug Manufacturers - Specialty & Generic,USA,1800000000.0,20.12,79.3,-0.0223,159648.0,Small,Healthcare
ANNX,Annexon Inc,Healthcare,Biotechnology,USA,890480000.0,,5.43,0.0121,1109565.0,Small,Healthcare
ANRO,Alto Neuroscience Inc,Healthcare,Biotechnology,USA,717670000.0,,20.45,0.0113999999999999,69342.0,Small,Healthcare
AORT,Artivion Inc,Healthcare,Medical Devices,USA,1100000000.0,94.5,22.69,0.0053,235619.0,Small,Healthcare
AQST,Aquestive Therapeutics Inc,Healthcare,Drug Manufacturers - Specialty & Generic,USA,510570000.0,,4.07,0.0124,785714.0,Small,Healthcare
ARDT,Ardent Health Inc,Healthcare,Medical Care Facilities,USA,1350000000.0,9.98,9.44,-0.0016,83352.0,Small,Healthcare
ARDX,Ardelyx Inc,Healthcare,Biotechnology,USA,1510000000.0,,6.11,-0.0223,1336322.0,Small,Healthcare
ARVN,Arvinas Inc,Healthcare,Biotechnology,USA,575530000.0,,8.92,0.009,335644.0,Small,Healthcare
ASMB,Assembly Biosciences Inc,Healthcare,Biotechnology,USA,446740000.0,,28.11,0.0137,45574.0,Small,Healthcare
ASTH,Astrana Health Inc,Healthcare,Medical Care Facilities,USA,1880000000.0,61.71,37.85,-0.0125,112320.0,Small,Healthcare
ATAI,AtaiBeckley Inc,Healthcare,Biotechnology,USA,1680000000.0,,4.55,0.0329,2265296.0,Small,Healthcare
ATEC,Alphatec Holdings Inc,Healthcare,Medical Devices,USA,1220000000.0,,7.9,0.0015,838293.0,Small,Healthcare
ATRC,Atricure Inc,Healthcare,Medical Instruments & Supplies,USA,1420000000.0,,27.95,-0.005,250051.0,Small,Healthcare
AURA,Aura Biosciences Inc,Healthcare,Biotechnology,USA,770230000.0,,7.45,-0.0067,167272.0,Small,Healthcare
AVAH,Aveanna Healthcare Holdings Inc,Healthcare,Medical Care Facilities,USA,1600000000.0,6.22,7.33,0.0003,517091.0,Small,Healthcare
AVBP,ArriVent BioPharma Inc,Healthcare,Biotechnology,USA,1400000000.0,,29.98,0.1117,577172.0,Small,Healthcare
AVIR,Atea Pharmaceuticals Inc,Healthcare,Biotechnology,USA,376930000.0,,4.71,-0.0042,137682.0,Small,Healthcare
AVLN,Avalyn Pharma Inc,Healthcare,Biotechnology,USA,1220000000.0,,29.15,0.0268,132790.0,Small,Healthcare
AVNS,Avanos Medical Inc,Healthcare,Medical Devices,USA,1160000000.0,,24.76,0.0002,195153.0,Small,Healthcare
AVR,Anteris Technologies Global Corp,Healthcare,Medical Instruments & Supplies,USA,836150000.0,,8.59,-0.0204999999999999,413733.0,Small,Healthcare
AVTX,Avalo Therapeutics Inc,Healthcare,Biotechnology,USA,837370000.0,,15.93,-0.0124,507632.0,Small,Healthcare
AZTA,Azenta Inc,Healthcare,Medical Instruments & Supplies,USA,1080000000.0,,23.33,0.0375999999999999,749595.0,Small,Healthcare
BBNX,Beta Bionics Inc,Healthcare,Medical Devices,USA,539870000.0,,12.11,0.0012,185846.0,Small,Healthcare
BBOT,BridgeBio Oncology Therapeutics Inc,Healthcare,Biotechnology,USA,734990000.0,,9.18,0.0379,128744.0,Small,Healthcare
BCAX,Bicara Therapeutics Inc,Healthcare,Biotechnology,USA,1440000000.0,,21.87,0.0054,73252.0,Small,Healthcare
BFLY,Butterfly Network Inc,Healthcare,Medical Devices,USA,1150000000.0,,4.39,-0.0484,1312771.0,Small,Healthcare
BHVN,Biohaven Ltd,Healthcare,Biotechnology,USA,1690000000.0,,11.22,0.0957,2961827.0,Small,Healthcare
BIOA,BioAge Labs Inc,Healthcare,Drug Manufacturers - Specialty & Generic,USA,768580000.0,,17.29,0.0141,122054.0,Small,Healthcare
BLFS,Biolife Solutions Inc,Healthcare,Medical Instruments & Supplies,USA,1240000000.0,,25.41,0.0063,244015.0,Small,Healthcare
BNTC,Benitec Biopharma Inc,Healthcare,Biotechnology,USA,401890000.0,,11.7,0.0121,41887.0,Small,Healthcare
BVS,Bioventus Inc,Healthcare,Medical Devices,USA,722410000.0,20.98,8.65,-0.025,351451.0,Small,Healthcare
CABA,Cabaletta Bio Inc,Healthcare,Biotechnology,USA,614900000.0,,3.77,0.0003,1433427.0,Small,Healthcare
CADL,Candel Therapeutics Inc,Healthcare,Biotechnology,USA,607050000.0,,8.28,0.0241,711326.0,Small,Healthcare
CAPR,Capricor Therapeutics Inc,Healthcare,Biotechnology,USA,1740000000.0,,30.01,0.031,369943.0,Small,Healthcare
CARL,Carlsmed Inc,Healthcare,Health Information Services,USA,315340000.0,,11.6,-0.0178,45468.0,Small,Healthcare
CATX,Perspective Therapeutics Inc,Healthcare,Medical Devices,USA,455620000.0,,3.99,-0.0136,367559.0,Small,Healthcare
CBIO,Crescent Biopharma Inc,Healthcare,Biotechnology,USA,587060000.0,,21.29,-0.0083,290899.0,Small,Healthcare
CBLL,Ceribell Inc,Healthcare,Medical Devices,USA,703840000.0,,18.55,-0.0064,44689.0,Small,Healthcare
CCCC,C4 Therapeutics Inc,Healthcare,Biotechnology,USA,485070000.0,,4.39,0.1987,4562202.0,Small,Healthcare
CCRN,Cross Country Healthcares Inc,Healthcare,Medical Care Facilities,USA,422580000.0,,13.07,-0.0015,219397.0,Small,Healthcare
CDNA,Caredx Inc,Healthcare,Diagnostics & Research,USA,1180000000.0,,22.84,0.0062,282728.0,Small,Healthcare
CERS,Cerus Corp,Healthcare,Medical Devices,USA,612130000.0,,3.06,0.0462,1427489.0,Small,Healthcare
CERT,Certara Inc,Healthcare,Health Information Services,USA,934040000.0,,6.0,0.0588999999999999,1540978.0,Small,Healthcare
CGEM,Cullinan Therapeutics Inc,Healthcare,Biotechnology,USA,1000000000.0,,16.31,0.0616,900328.0,Small,Healthcare
CLPT,ClearPoint Neuro Inc,Healthcare,Medical Devices,USA,377870000.0,,12.6,0.0294,1223773.0,Small,Healthcare
CLYM,Climb Bio Inc,Healthcare,Biotechnology,USA,650480000.0,,11.36,0.0018,213873.0,Small,Healthcare
CMPX,Compass Therapeutics Inc,Healthcare,Biotechnology,USA,434910000.0,,2.41,0.0021,2939491.0,Small,Healthcare
CNMD,Conmed Corp,Healthcare,Medical Devices,USA,1080000000.0,20.24,35.88,0.0101,92801.0,Small,Healthcare
COAG,Hemab Therapeutics Holdings Inc,Healthcare,Biotechnology,USA,1320000000.0,,28.21,0.0075,70695.0,Small,Healthcare
COLL,Collegium Pharmaceutical Inc,Healthcare,Drug Manufacturers - Specialty & Generic,USA,1080000000.0,16.32,33.33,-0.0012,154934.0,Small,Healthcare
CRMD,CorMedix Inc,Healthcare,Biotechnology,USA,660970000.0,4.01,8.43,0.0006,510029.0,Small,Healthcare
CRVS,Corvus Pharmaceuticals Inc,Healthcare,Biotechnology,USA,1030000000.0,,12.26,-0.0196,1091244.0,Small,Healthcare
CSTL,Castle Biosciences Inc,Healthcare,Diagnostics & Research,USA,645730000.0,,21.29,-0.0371,126075.0,Small,Healthcare
CTEV,Claritev Corp,Healthcare,Health Information Services,USA,435320000.0,,25.54,0.0397,51085.0,Small,Healthcare
CTKB,Cytek BioSciences Inc,Healthcare,Medical Devices,USA,548390000.0,,4.25,0.0306999999999999,380722.0,Small,Healthcare
CTMX,CytomX Therapeutics Inc,Healthcare,Biotechnology,USA,791350000.0,,3.63,-0.0202,836704.0,Small,Healthcare
CTNM,Contineum Therapeutics Inc,Healthcare,Biotechnology,USA,500970000.0,,13.4,0.0068,50241.0,Small,Healthcare
CV,CapsoVision Inc,Healthcare,Medical Devices,USA,333260000.0,,6.67,0.003,28893.0,Small,Healthcare
CYH,Community Health Systems Inc,Healthcare,Medical Care Facilities,USA,398090000.0,0.83,2.83,0.0089,435530.0,Small,Healthcare
DCTH,Delcath Systems Inc,Healthcare,Medical Devices,USA,370760000.0,1790.0,10.74,-0.0192,180087.0,Small,Healthcare
DMAC,DiaMedica Therapeutics Inc,Healthcare,Biotechnology,USA,333540000.0,,6.19,0.0049,112989.0,Small,Healthcare
DMRA,Damora Therapeutics Inc,Healthcare,Biotechnology,USA,1580000000.0,,25.74,0.0362,110938.0,Small,Healthcare
DNA,Ginkgo Bioworks Holdings Inc,Healthcare,Biotechnology,USA,625480000.0,,9.57,0.0121999999999999,622009.0,Small,Healthcare
DRUG,Bright Minds Biosciences Inc,Healthcare,Biotechnology,USA,880650000.0,,89.98,0.0055,134897.0,Small,Healthcare
DSGN,Design Therapeutics Inc,Healthcare,Biotechnology,USA,651430000.0,,10.43,-0.0289,357749.0,Small,Healthcare
EBS,Emergent Biosolutions Inc,Healthcare,Drug Manufacturers - Specialty & Generic,USA,482940000.0,,9.36,0.0196,615313.0,Small,Healthcare
EDIT,Editas Medicine Inc,Healthcare,Biotechnology,USA,333860000.0,,3.41,-0.0058,2545003.0,Small,Healthcare
EHAB,Enhabit Inc,Healthcare,Medical Care Facilities,USA,706970000.0,,13.8,0.0,0.0,Small,Healthcare
EIKN,Eikon Therapeutics Inc,Healthcare,Biotechnology,USA,580960000.0,,10.73,0.0418,123927.0,Small,Healthcare
ELMD,Electromed Inc,Healthcare,Medical Devices,USA,318780000.0,33.08,38.5,-0.0200999999999999,40353.0,Small,Healthcare
ENOV,Enovis Corp,Healthcare,Medical Devices,USA,1310000000.0,,22.77,-0.0116999999999999,249207.0,Small,Healthcare
ENTA,Enanta Pharmaceuticals Inc,Healthcare,Biotechnology,USA,383520000.0,,13.19,-0.0031,56084.0,Small,Healthcare
EOLS,Evolus Inc,Healthcare,Drug Manufacturers - Specialty & Generic,USA,436290000.0,,6.62,0.0084,330069.0,Small,Healthcare
ESPR,Esperion Therapeutics Inc,Healthcare,Drug Manufacturers - Specialty & Generic,USA,808330000.0,,3.14,0.0032,3692939.0,Small,Healthcare
ETON,Eton Pharmaceuticals Inc,Healthcare,Drug Manufacturers - Specialty & Generic,USA,837660000.0,,30.58,-0.0401999999999999,154354.0,Small,Healthcare
EVH,Evolent Health Inc,Healthcare,Health Information Services,USA,457800000.0,,4.07,0.0436,1568945.0,Small,Healthcare
EVMN,Evommune Inc,Healthcare,Biotechnology,USA,826260000.0,,22.94,-0.0167,87143.0,Small,Healthcare
EYPT,EyePoint Inc,Healthcare,Biotechnology,USA,1170000000.0,,14.0,0.037,338746.0,Small,Healthcare
FATE,Fate Therapeutics Inc,Healthcare,Biotechnology,USA,324620000.0,,2.79,0.0588999999999999,2200491.0,Small,Healthcare
FBRX,Forte Biosciences Inc,Healthcare,Biotechnology,USA,396680000.0,,19.37,-0.0674,219916.0,Small,Healthcare
FDMT,4D Molecular Therapeutics Inc,Healthcare,Biotechnology,USA,512830000.00000006,,9.81,0.0935999999999999,2921633.0,Small,Healthcare
FENC,Fennec Pharmaceuticals Inc,Healthcare,Biotechnology,USA,344240000.0,,9.91,0.002,262098.0,Small,Healthcare
FLGT,Fulgent Genetics Inc,Healthcare,Diagnostics & Research,USA,526270000.0,,18.53,0.0159,143967.0,Small,Healthcare
FTRE,Fortrea Holdings Inc,Healthcare,Biotechnology,USA,1450000000.0,,15.38,0.0252,583801.0,Small,Healthcare
FULC,Fulcrum Therapeutics Inc,Healthcare,Biotechnology,USA,467770000.0,,7.02,0.0293,153415.0,Small,Healthcare
GDRX,GoodRx Holdings Inc,Healthcare,Health Information Services,USA,1000000000.0,50.6,2.96,-0.0034,1329938.0,Small,Healthcare
GENB,Generate Biomedicines Inc,Healthcare,Biotechnology,USA,1690000000.0,,13.2,0.008,281266.0,Small,Healthcare
GERN,Geron Corp,Healthcare,Biotechnology,USA,801900000.0,,1.25,0.0,5473926.0,Small,Healthcare
GLSI,Greenwich LifeSciences Inc,Healthcare,Biotechnology,USA,376090000.0,,27.15,-0.0636,114050.0,Small,Healthcare
GLUE,Monte Rosa Therapeutics Inc,Healthcare,Biotechnology,USA,1640000000.0,,19.43,0.0021,299646.0,Small,Healthcare
GYRE,Gyre Therapeutics Inc,Healthcare,Biotechnology,USA,570650000.0,,5.88,0.025,38922.0,Small,Healthcare
HCSG,Healthcare Services Group Inc,Healthcare,Medical Care Facilities,USA,1460000000.0,22.34,21.2,0.0227,237636.0,Small,Healthcare
HRMY,Harmony Biosciences Holdings Inc,Healthcare,Biotechnology,USA,1830000000.0,12.71,31.56,0.0021,401518.0,Small,Healthcare
HROW,Harrow Inc,Healthcare,Drug Manufacturers - Specialty & Generic,USA,1310000000.0,,35.06,-0.0092,553637.0,Small,Healthcare
HSTM,Healthstream Inc,Healthcare,Health Information Services,USA,741830000.0,38.05,25.39,0.0308999999999999,120303.0,Small,Healthcare
IART,Integra Lifesciences Holdings Corp,Healthcare,Medical Devices,USA,1270000000.0,,16.37,-0.0055,255316.0,Small,Healthcare
IMMX,Immix Biopharma Inc,Healthcare,Biotechnology,USA,478820000.0,,8.8,-0.0045,424745.0,Small,Healthcare
IMRX,Immuneering Corp,Healthcare,Biotechnology,USA,367160000.0,,5.68,0.1215,1773454.0,Small,Healthcare
INBX,Inhibrx Biosciences Inc,Healthcare,Biotechnology,USA,1520000000.0,,103.42,-0.0054,130460.0,Small,Healthcare
INNV,InnovAge Holding Corp,Healthcare,Medical Care Facilities,USA,1030000000.0,,7.59,0.0106,110764.0,Small,Healthcare
INSP,Inspire Medical Systems Inc,Healthcare,Medical Devices,USA,1220000000.0,9.48,42.38,-0.016,319132.0,Small,Healthcare
INVA,Innoviva Inc,Healthcare,Biotechnology,USA,1590000000.0,3.59,21.57,-0.0146,399041.0,Small,Healthcare
IOVA,Iovance Biotherapeutics Inc,Healthcare,Biotechnology,USA,1800000000.0,,4.03,-0.0616,11392863.0,Small,Healthcare
IPSC,Century Therapeutics Inc,Healthcare,Biotechnology,USA,424740000.0,,2.36,-0.0126,516157.0,Small,Healthcare
IRD,Opus Genetics Inc,Healthcare,Biotechnology,USA,367910000.0,,4.52,0.0762,632206.0,Small,Healthcare
IRMD,Iradimed Corp,Healthcare,Medical Devices,USA,1190000000.0,50.79,93.24,0.0113999999999999,79236.0,Small,Healthcare
IRWD,Ironwood Pharmaceuticals Inc,Healthcare,Drug Manufacturers - Specialty & Generic,USA,580640000.0,5.91,3.53,-0.0202,869373.0,Small,Healthcare
IVVD,Invivyd Inc,Healthcare,Biotechnology,USA,338800000.0,,1.15,0.0177,2701398.0,Small,Healthcare
JANX,Janux Therapeutics Inc,Healthcare,Biotechnology,USA,895250000.0,,14.68,-0.0040999999999999,575486.0,Small,Healthcare
JBIO,Jade Biosciences Inc,Healthcare,Biotechnology,USA,1060000000.0,,21.4,0.0269,315312.0,Small,Healthcare
KALV,KalVista Pharmaceuticals Inc,Healthcare,Biotechnology,USA,1430000000.0,,26.82,0.0019,719773.0,Small,Healthcare
KIDS,OrthoPediatrics corp,Healthcare,Medical Devices,USA,444610000.0,,17.31,-0.0281,50942.0,Small,Healthcare
KMTS,Kestra Medical Technologies Ltd,Healthcare,Medical Instruments & Supplies,USA,1240000000.0,,21.27,0.0009,69111.0,Small,Healthcare
KURA,Kura Oncology Inc,Healthcare,Biotechnology,USA,902830000.0,,10.17,0.0200999999999999,878838.0,Small,Healthcare
KYTX,Kyverna Therapeutics Inc,Healthcare,Biotechnology,USA,526110000.0,,8.65,0.0004,385868.0,Small,Healthcare
LAB,Standard BioTools Inc,Healthcare,Medical Devices,USA,462590000.0,,1.18,0.0395,1326133.0,Small,Healthcare
LBRX,LB Pharmaceuticals Inc,Healthcare,Biotechnology,USA,811400000.0,,28.29,0.0278,66529.0,Small,Healthcare
LCTX,Lineage Cell Therapeutics Inc,Healthcare,Biotechnology,USA,334060000.0,,1.34,0.0075,302402.0,Small,Healthcare
LMRI,Lumexa Imaging Holdings Inc,Healthcare,Medical Devices,USA,757110000.0,,7.88,0.0233999999999999,319114.0,Small,Healthcare
LRMR,Larimar Therapeutics Inc,Healthcare,Biotechnology,USA,362030000.0,,3.48,-0.0014,525771.0,Small,Healthcare
LXEO,Lexeo Therapeutics Inc,Healthcare,Biotechnology,USA,409100000.0,,5.21,0.0256,244524.0,Small,Healthcare
LXRX,Lexicon Pharmaceuticals Inc,Healthcare,Biotechnology,USA,966120000.0,,2.17,-0.0158,947130.0,Small,Healthcare
LYEL,Lyell Immunopharma Inc,Healthcare,Biotechnology,USA,402040000.0,,17.23,0.0237999999999999,32691.0,Small,Healthcare
MASS,908 Devices Inc,Healthcare,Medical Devices,USA,322370000.0,,8.52,-0.0454,203567.0,Small,Healthcare
MAZE,Maze Therapeutics Inc,Healthcare,Biotechnology,USA,1470000000.0,,26.59,0.0072,97041.0,Small,Healthcare
MBX,MBX Biosciences Inc,Healthcare,Biotechnology,USA,1500000000.0,,31.58,-0.01,234866.0,Small,Healthcare
MD,Pediatrix Medical Group Inc,Healthcare,Medical Care Facilities,USA,1800000000.0,10.67,21.89,0.0128,304225.0,Small,Healthcare
MDXG,Mimedx Group Inc,Healthcare,Biotechnology,USA,553330000.0,18.18,3.71,0.0123,417735.0,Small,Healthcare
MGTX,MeiraGTx Holdings plc,Healthcare,Biotechnology,USA,958940000.0,,10.35,0.0355,533963.0,Small,Healthcare
MNKD,Mannkind Corp,Healthcare,Biotechnology,USA,1190000000.0,,3.87,0.0617999999999999,13656625.0,Small,Healthcare
MNPR,Monopar Therapeutics Inc,Healthcare,Biotechnology,USA,444010000.0,,66.28,0.0287,87295.0,Small,Healthcare
MOBI,Mobia Medical Inc,Healthcare,Medical Devices,USA,427630000.0,,12.92,-0.0059,38392.0,Small,Healthcare
MPLT,MapLight Therapeutics Inc,Healthcare,Biotechnology,USA,1290000000.0,,30.19,0.0138,218703.0,Small,Healthcare
MRVI,Maravai LifeSciences Holdings Inc,Healthcare,Biotechnology,USA,1260000000.0,,4.87,0.0501,1688106.0,Small,Healthcare
MYGN,Myriad Genetics Inc,Healthcare,Diagnostics & Research,USA,377320000.0,,3.99,-0.0533,862464.0,Small,Healthcare
NAGE,Niagen Bioscience Inc,Healthcare,Biotechnology,USA,310620000.0,17.87,3.9,0.0157,1074469.0,Small,Healthcare
NAUT,Nautilus Biotechnology Inc,Healthcare,Biotechnology,USA,343740000.0,,2.7,0.0404,344432.0,Small,Healthcare
NEO,Neogenomics Inc,Healthcare,Diagnostics & Research,USA,1380000000.0,,10.6,0.0407,566456.0,Small,Healthcare
NGNE,Neurogene Inc,Healthcare,Biotechnology,USA,441410000.0,,27.93,0.0158,32576.0,Small,Healthcare
NMRA,Neumora Therapeutics Inc,Healthcare,Biotechnology,USA,354810000.0,,1.91,0.0186,566199.0,Small,Healthcare
NPCE,NeuroPace Inc,Healthcare,Medical Devices,USA,582660000.0,,17.09,-0.0173,55089.0,Small,Healthcare
NRC,NRC Health,Healthcare,Health Information Services,USA,446680000.0,50.79,19.82,0.0081,45077.0,Small,Healthcare
NRIX,Nurix Therapeutics Inc,Healthcare,Biotechnology,USA,1840000000.0,,17.78,0.0065,371219.0,Small,Healthcare
NTLA,Intellia Therapeutics Inc,Healthcare,Biotechnology,USA,1960000000.0,,14.01,0.0241,2954067.0,Small,Healthcare
NUTX,Nutex Health Inc,Healthcare,Medical Care Facilities,USA,915770000.0,10.28,133.08,0.0191,38567.0,Small,Healthcare
NUVB,Nuvation Bio Inc,Healthcare,Biotechnology,USA,1660000000.0,,4.74,-0.0011,1614317.0,Small,Healthcare
NVAX,Novavax Inc,Healthcare,Biotechnology,USA,1820000000.0,,11.04,0.0698,3952161.0,Small,Healthcare
OABI,OmniAb Inc,Healthcare,Biotechnology,USA,393000000.0,,2.71,-0.0034,196404.0,Small,Healthcare
OCGN,Ocugen Inc,Healthcare,Biotechnology,USA,477320000.0,,1.41,0.0,4295513.0,Small,Healthcare
ODTX,Odyssey Therapeutics Inc,Healthcare,Biotechnology,USA,813210000.0,,17.24,-0.0379,80208.0,Small,Healthcare
OFIX,Orthofix Medical Inc,Healthcare,Medical Devices,USA,379360000.0,,9.39,-0.0111,156089.0,Small,Healthcare
OLMA,Olema Pharmaceuticals Inc,Healthcare,Biotechnology,USA,1120000000.0,,12.8,0.0031,525293.0,Small,Healthcare
OMDA,Omada Health Inc,Healthcare,Health Information Services,USA,1100000000.0,,18.43,0.0341,707573.0,Small,Healthcare
OMER,Omeros Corp,Healthcare,Biotechnology,USA,793240000.0,12.8,10.96,-0.017,666313.0,Small,Healthcare
OPK,Opko Health Inc,Healthcare,Diagnostics & Research,USA,1130000000.0,,1.49,0.042,1636601.0,Small,Healthcare
ORGO,Organogenesis Holdings Inc,Healthcare,Drug Manufacturers - Specialty & Generic,USA,330050000.0,,2.57,-0.021,688585.0,Small,Healthcare
ORIC,ORIC Pharmaceuticals Inc,Healthcare,Biotechnology,USA,894960000.0,,8.65,0.0231,2172021.0,Small,Healthcare
OVID,Ovid Therapeutics Inc,Healthcare,Biotechnology,USA,510460000.0,,2.73,0.036,1060598.0,Small,Healthcare
PACB,Pacific Biosciences of California Inc,Healthcare,Medical Devices,USA,466800000.0,,1.5,0.0224,4437293.0,Small,Healthcare
PAHC,Phibro Animal Health Corp,Healthcare,Drug Manufacturers - Specialty & Generic,USA,1260000000.0,13.38,31.14,-0.0217,90585.0,Small,Healthcare
PALI,Palisade Bio Inc,Healthcare,Biotechnology,USA,367980000.0,,2.12,0.0291,373730.0,Small,Healthcare
PBYI,Puma Biotechnology Inc,Healthcare,Biotechnology,USA,365450000.0,15.04,7.18,-0.0083,109504.0,Small,Healthcare
PCRX,Pacira BioSciences Inc,Healthcare,Drug Manufacturers - Specialty & Generic,USA,924700000.0,188.22,23.51,-0.0073,104709.0,Small,Healthcare
PGEN,Precigen Inc,Healthcare,Biotechnology,USA,1580000000.0,,4.44,-0.0151,2525340.0,Small,Healthcare
PHAT,Phathom Pharmaceuticals Inc,Healthcare,Biotechnology,USA,786390000.0,,9.86,-0.0446,726967.0,Small,Healthcare
PHR,Phreesia Inc,Healthcare,Health Information Services,USA,601070000.0,65.39,9.73,0.0296,1065902.0,Small,Healthcare
PLSE,Pulse Biosciences Inc,Healthcare,Medical Instruments & Supplies,USA,1760000000.0,,25.48,0.0297,87325.0,Small,Healthcare
PNTG,Pennant Group Inc,Healthcare,Medical Care Facilities,USA,1180000000.0,39.82,34.03,-0.0096,76667.0,Small,Healthcare
PRCT,Procept BioRobotics Corp,Healthcare,Medical Devices,USA,1540000000.0,,27.05,-0.0056,255843.0,Small,Healthcare
PRLD,Prelude Therapeutics Inc,Healthcare,Biotechnology,USA,314200000.0,,3.94,0.0038,195905.0,Small,Healthcare
PRME,Prime Medicine Inc,Healthcare,Biotechnology,USA,630360000.0,,3.49,0.0265,1893496.0,Small,Healthcare
PROK,ProKidney Corp,Healthcare,Biotechnology,USA,553100000.0,,1.83,0.0116999999999999,570647.0,Small,Healthcare
PRTC,Protech Inc,Healthcare,Biotechnology,USA,424030000.0,,17.42,0.0,0.0,Small,Healthcare
PSNL,Personalis Inc,Healthcare,Diagnostics & Research,USA,1200000000.0,,11.49,0.0467,2578359.0,Small,Healthcare
PVLA,Palvella Therapeutics Inc,Healthcare,Biotechnology,USA,1680000000.0,,117.29,0.0123,68692.0,Small,Healthcare
QDEL,QuidelOrtho Corp,Healthcare,Medical Devices,USA,891940000.0,,13.08,0.0008,486717.0,Small,Healthcare
RAPP,Rapport Therapeutics Inc,Healthcare,Biotechnology,USA,1880000000.0,,39.26,-0.0058,105794.0,Small,Healthcare
RCKT,Rocket Pharmaceuticals Inc,Healthcare,Biotechnology,USA,333040000.0,,3.05,0.0098999999999999,1135475.0,Small,Healthcare
REPL,Replimune Group Inc,Healthcare,Biotechnology,USA,715490000.0,,8.66,0.8515,44697222.0,Small,Healthcare
RGNX,Regenxbio Inc,Healthcare,Biotechnology,USA,360590000.0,,6.97,0.0123,582272.0,Small,Healthcare
RIGL,Rigel Pharmaceuticals,Healthcare,Biotechnology,USA,563120000.0,1.63,30.44,0.0128,160966.0,Small,Healthcare
RLMD,Relmada Therapeutics Inc,Healthcare,Biotechnology,USA,754160000.0,,7.19,-0.0083,332972.0,Small,Healthcare
RXRX,Recursion Pharmaceuticals Inc,Healthcare,Biotechnology,USA,1890000000.0,,3.57,0.0378,20465759.0,Small,Healthcare
RZLT,Rezolute Inc,Healthcare,Biotechnology,USA,322340000.0,,3.35,0.0237,712708.0,Small,Healthcare
SANA,Sana Biotechnology Inc,Healthcare,Biotechnology,USA,884460000.0,,3.18,0.0154,2347183.0,Small,Healthcare
SDGR,Schrodinger Inc,Healthcare,Health Information Services,USA,1150000000.0,,15.35,0.0837,1335765.0,Small,Healthcare
SENS,Senseonics Holdings Inc,Healthcare,Medical Devices,USA,350390000.0,,6.71,-0.0012,183345.0,Small,Healthcare
SEPN,Septerna Inc,Healthcare,Biotechnology,USA,1360000000.0,,30.17,-0.0282,104290.0,Small,Healthcare
SGMT,Sagimet Biosciences Inc,Healthcare,Biotechnology,USA,440720000.0,,7.2,-0.0092,207867.0,Small,Healthcare
SGP,SpyGlass Pharma Inc,Healthcare,Biotechnology,USA,657050000.0,,19.65,-0.0093999999999999,21839.0,Small,Healthcare
SGRY,Surgery Partners Inc,Healthcare,Medical Care Facilities,USA,1790000000.0,,13.7,0.0036,350335.0,Small,Healthcare
SI,Shoulder Innovations Inc,Healthcare,Medical Devices,USA,309000000.0,,14.9,-0.0152,6259.0,Small,Healthcare
SIBN,SI-BONE Inc,Healthcare,Medical Devices,USA,629760000.0,,14.2,-0.0146,281805.0,Small,Healthcare
SIGA,SIGA Technologies Inc,Healthcare,Drug Manufacturers - Specialty & Generic,USA,340440000.0,16.86,4.75,-0.0028,158440.0,Small,Healthcare
SION,Sionna Therapeutics Inc,Healthcare,Biotechnology,USA,1950000000.0,,43.2,0.0093,177113.0,Small,Healthcare
SLDB,Solid Biosciences Inc,Healthcare,Biotechnology,USA,723020000.0,,7.34,0.0388,512723.0,Small,Healthcare
SLP,Simulations Plus Inc,Healthcare,Health Information Services,USA,348790000.0,,17.26,0.0331,160782.0,Small,Healthcare
SLS,SELLAS Life Sciences Group Inc,Healthcare,Biotechnology,USA,1760000000.0,,9.48,0.0327,17525804.0,Small,Healthcare
SNDA,Sonida Senior Living Inc,Healthcare,Medical Care Facilities,USA,1700000000.0,,35.84,-0.0065,207168.0,Small,Healthcare
SNDX,Syndax Pharmaceuticals Inc,Healthcare,Biotechnology,USA,1750000000.0,,19.72,-0.0015,301619.0,Small,Healthcare
SPRY,ARS Pharmaceuticals Inc,Healthcare,Biotechnology,USA,908840000.0,,9.15,-0.0264,1127045.0,Small,Healthcare
SPTX,Seaport Therapeutics Inc,Healthcare,Biotechnology,USA,971770000.0,,18.33,-0.0253,57129.0,Small,Healthcare
SRPT,Sarepta Therapeutics Inc,Healthcare,Biotechnology,USA,1890000000.0,,17.93,0.0364,1445421.0,Small,Healthcare
SRTA,Strata Critical Medical Inc,Healthcare,Medical Care Facilities,USA,543820000.0,,6.28,-0.0286,401777.0,Small,Healthcare
SSII,SS Innovations International Inc,Healthcare,Medical Devices,USA,794520000.0,,3.97,0.0051,33707.0,Small,Healthcare
STAA,Staar Surgical Co,Healthcare,Medical Instruments & Supplies,USA,1480000000.0,,29.75,0.0232,631790.0,Small,Healthcare
STOK,Stoke Therapeutics Inc,Healthcare,Biotechnology,USA,1920000000.0,,30.87,-0.0233999999999999,180961.0,Small,Healthcare
STRO,Sutro Biopharma Inc,Healthcare,Biotechnology,USA,486510000.0,,29.36,-0.0091,65562.0,Small,Healthcare
STTK,Shattuck Labs Inc,Healthcare,Biotechnology,USA,455280000.0,,5.94,-0.0055,716467.0,Small,Healthcare
SVRA,Savara Inc,Healthcare,Biotechnology,USA,1060000000.0,,5.17,0.0157,645251.0,Small,Healthcare
TALK,Talkspace Inc,Healthcare,Health Information Services,USA,871070000.0,912.28,5.2,0.0019,2023930.0,Small,Healthcare
TBPH,Theravance Biopharma Inc,Healthcare,Biotechnology,USA,835670000.0,7.35,16.21,0.0,231447.0,Small,Healthcare
TBRG,TruBridge Inc,Healthcare,Health Information Services,USA,389150000.0,85.68,25.94,0.0002,100502.0,Small,Healthcare
TCMD,Tactile Systems Technology Inc,Healthcare,Medical Devices,USA,560520000.0,28.03,24.85,-0.0274,100874.0,Small,Healthcare
TDOC,Teladoc Health Inc,Healthcare,Health Information Services,USA,1410000000.0,,7.79,0.0373,4483399.0,Small,Healthcare
TECX,Tectonic Therapeutic Inc,Healthcare,Biotechnology,USA,576610000.0,,30.56,0.0260999999999999,152709.0,Small,Healthcare
TENX,Tenax Therapeutics Inc,Healthcare,Biotechnology,USA,312200000.0,,11.77,0.0068,212600.0,Small,Healthcare
TNDM,Tandem Diabetes Care Inc,Healthcare,Medical Devices,USA,1180000000.0,,17.17,0.0269,1549567.0,Small,Healthcare
TOI,Oncology Institute Inc,Healthcare,Medical Care Facilities,USA,456260000.0,,4.56,-0.0311,509878.0,Small,Healthcare
TSHA,Taysha Gene Therapies Inc,Healthcare,Biotechnology,USA,1690000000.0,,5.89,-0.0059,955231.0,Small,Healthcare
UFPT,UFP Technologies Inc,Healthcare,Medical Devices,USA,1750000000.0,25.66,226.05,-0.0085,95988.0,Small,Healthcare
UPB,Upstream Bio Inc,Healthcare,Biotechnology,USA,458760000.0,,8.43,0.0132,163266.0,Small,Healthcare
URGN,UroGen Pharma Ltd,Healthcare,Biotechnology,USA,1370000000.0,,28.16,-0.0186,398821.0,Small,Healthcare
USPH,U.S. Physical Therapy Inc,Healthcare,Medical Care Facilities,USA,979480000.0,129.55,64.36,0.0074,78623.0,Small,Healthcare
VCEL,Vericel Corp,Healthcare,Biotechnology,USA,1720000000.0,82.41,33.71,-0.0156,122524.0,Small,Healthcare
VIR,Vir Biotechnology Inc,Healthcare,Biotechnology,USA,1640000000.0,,9.74,0.0196,1528048.0,Small,Healthcare
VMD,Viemed Healthcare Inc,Healthcare,Medical Devices,USA,380300000.0,26.4,9.92,-0.009,97325.0,Small,Healthcare
VNDA,Vanda Pharmaceuticals Inc,Healthcare,Biotechnology,USA,390580000.0,,6.49,-0.0218,420222.0,Small,Healthcare
VOR,Vor Biopharma Inc,Healthcare,Biotechnology,USA,813870000.0,,15.02,0.0007,234678.0,Small,Healthcare
VRDN,Viridian Therapeutics Inc,Healthcare,Biotechnology,USA,1940000000.0,,17.57,0.0069,486515.0,Small,Healthcare
VREX,Varex Imaging Corp,Healthcare,Medical Devices,USA,435310000.0,,10.34,-0.0171,161351.0,Small,Healthcare
VSTM,Verastem Inc,Healthcare,Biotechnology,USA,383130000.0,,4.36,0.0163,896242.0,Small,Healthcare
WEAV,Weave Communications Inc,Healthcare,Health Information Services,USA,481420000.0,,6.05,0.0504999999999999,526420.0,Small,Healthcare
WGS,GeneDx Holdings Corp,Healthcare,Diagnostics & Research,USA,1530000000.0,,51.49,0.0266999999999999,620695.0,Small,Healthcare
XERS,Xeris Biopharma Holdings Inc,Healthcare,Drug Manufacturers - Specialty & Generic,USA,1060000000.0,94.12,6.16,-0.0245,980302.0,Small,Healthcare
XFOR,X4 Pharmaceuticals Inc,Healthcare,Biotechnology,USA,401510000.0,,4.26,0.0282,488956.0,Small,Healthcare
XNCR,Xencor Inc,Healthcare,Biotechnology,USA,885250000.0,,11.94,-0.0025,243644.0,Small,Healthcare
XOMA,XOMA Royalty Corp,Healthcare,Biotechnology,USA,523330000.00000006,26.56,41.73,0.0007,26016.0,Small,Healthcare
ZBIO,Zenas Biopharma Inc,Healthcare,Biotechnology,USA,1180000000.0,,18.7,0.0075,171533.0,Small,Healthcare
ZURA,Zura Bio Ltd,Healthcare,Biotechnology,USA,404690000.0,,4.26,0.0143,255930.0,Small,Healthcare
ZVRA,Zevra Therapeutics Inc,Healthcare,Biotechnology,USA,688100000.0,5.4,11.64,0.0210999999999999,1201981.0,Small,Healthcare
ZYME,Zymeworks BC Inc,Healthcare,Biotechnology,USA,1850000000.0,,25.12,-0.0141,237518.0,Small,Healthcare
ABAT,American Battery Technology Company,Industrials,Waste Management,USA,500830000.0,,3.67,-0.0313,5119928.0,Small,Industrials
ACCO,Acco Brands Corp,Industrials,Business Equipment & Supplies,USA,371240000.0,5.12,4.02,-0.0064,373586.0,Small,Industrials
ACTG,Acacia Research Corp,Industrials,Business Equipment & Supplies,USA,450590000.0,,4.66,-0.0074,64428.0,Small,Industrials
AIAI,AIAI Holdings Corp,Industrials,Conglomerates,USA,907000000.0,,12.9,0.0149,104182.0,Small,Industrials
AIRJ,AirJoule Technologies Corp,Industrials,Building Products & Equipment,USA,301620000.0,,4.41,-0.0803999999999999,1525964.0,Small,Industrials
ALG,Alamo Group Inc,Industrials,Farm & Heavy Construction Machinery,USA,1840000000.0,18.05,151.09,-0.0091,82699.0,Small,Industrials
AMRC,Ameresco Inc,Industrials,Engineering & Construction,USA,1900000000.0,61.52,35.88,-0.0186,270305.0,Small,Industrials
APOG,Apogee Enterprises Inc,Industrials,Building Products & Equipment,USA,827780000.0,15.44,38.77,0.0273,130452.0,Small,Industrials
ARLO,Arlo Technologies Inc,Industrials,Building Products & Equipment,USA,1440000000.0,47.52,13.23,-0.0026,286890.0,Small,Industrials
ASLE,AerSale Corp,Industrials,Airports & Air Services,USA,310210000.0,29.91,6.57,-0.0083,136859.0,Small,Industrials
ASPN,Aspen Aerogels Inc,Industrials,Building Products & Equipment,USA,526690000.00000006,,6.36,-0.0024,813271.0,Small,Industrials
ASTE,Astec Industries Inc,Industrials,Farm & Heavy Construction Machinery,USA,1160000000.0,45.21,50.34,-0.004,43568.0,Small,Industrials
BBCP,Concrete Pumping Holdings Inc,Industrials,Engineering & Construction,USA,389940000.0,83.28,7.72,-0.024,33457.0,Small,Industrials
BBSI,Barrett Business Services Inc,Industrials,Staffing & Employment Services,USA,815260000.0,21.6,33.19,0.0335,162786.0,Small,Industrials
BKSY,BlackSky Technology Inc,Industrials,Specialty Business Services,USA,1770000000.0,,47.78,-0.0747,1778555.0,Small,Industrials
BOC,Boston Omaha Corp,Industrials,Conglomerates,USA,393280000.0,,12.94,-0.0333,82073.0,Small,Industrials
BV,BrightView Holdings Inc,Industrials,Specialty Business Services,USA,1170000000.0,,12.52,-0.0253,189241.0,Small,Industrials
BWMN,Bowman Consulting Group Ltd,Industrials,Engineering & Construction,USA,565350000.0,53.46,32.29,-0.0152,30153.0,Small,Industrials
BXC,Bluelinx Hldgs Inc,Industrials,Industrial Distribution,USA,411500000.0,,52.88,-0.0024,35767.0,Small,Industrials
CASS,Cass Information Systems Inc,Industrials,Specialty Business Services,USA,598640000.0,17.76,46.51,0.0048,55778.0,Small,Industrials
CBZ,Cbiz Inc,Industrials,Specialty Business Services,USA,1800000000.0,13.5,33.51,0.0368,260107.0,Small,Industrials
CDRE,Cadre Holdings Inc,Industrials,Aerospace & Defense,USA,1350000000.0,35.81,31.58,-0.0116,116578.0,Small,Industrials
CIX,Compx International Inc,Industrials,Security & Protection Services,USA,312630000.0,15.48,25.37,-0.0105,2720.0,Small,Industrials
CMCO,Columbus Mckinnon Corp,Industrials,Farm & Heavy Construction Machinery,USA,461260000.0,77.76,16.05,-0.0037,105802.0,Small,Industrials
CODI,Compass Diversified Holdings,Industrials,Conglomerates,USA,863700000.0,,11.48,0.0053,278309.0,Small,Industrials
CRAI,CRA International Inc,Industrials,Consulting Services,USA,916520000.0,19.71,141.81,-0.0441,77291.0,Small,Industrials
CVLG,Covenant Logistics Group Inc,Industrials,Trucking,USA,994380000.0,271.7,39.51,-0.0011,37488.0,Small,Industrials
CYRX,CryoPort Inc,Industrials,Integrated Freight & Logistics,USA,784280000.0,,15.56,0.0203,422124.0,Small,Industrials
DLX,Deluxe Corp,Industrials,Conglomerates,USA,1110000000.0,10.66,24.18,-0.0027,128713.0,Small,Industrials
DSGR,Distribution Solutions Group Inc,Industrials,Industrial Distribution,USA,1260000000.0,237.89,27.31,-0.004,17310.0,Small,Industrials
EBF,Ennis Inc,Industrials,Business Equipment & Supplies,USA,516420000.0,12.31,20.42,-0.006,27433.0,Small,Industrials
ELMT,Elmet Group Co,Industrials,Aerospace & Defense,USA,417730000.0,,14.94,-0.0781,789328.0,Small,Industrials
ENR,Energizer Holdings Inc,Industrials,Electrical Equipment & Parts,USA,1270000000.0,6.82,18.61,0.0032,261177.0,Small,Industrials
ENVX,Enovix Corp,Industrials,Electrical Equipment & Parts,USA,1800000000.0,,8.23,0.0759,5812779.0,Small,Industrials
EPAC,Enerpac Tool Group Corp,Industrials,Specialty Industrial Machinery,USA,1740000000.0,21.16,33.78,-0.0009,116949.0,Small,Industrials
ERII,Energy Recovery Inc,Industrials,Pollution & Treatment Controls,USA,421090000.0,21.39,8.17,-0.0533999999999999,302033.0,Small,Industrials
EVEX,Eve Holding Inc,Industrials,Aerospace & Defense,USA,1200000000.0,,3.43,-0.0136,571441.0,Small,Industrials
EVLV,Evolv Technologies Holdings Inc,Industrials,Security & Protection Services,USA,1160000000.0,,6.47,-0.0069,1098101.0,Small,Industrials
FBYD,Falcon's Beyond Global Inc,Industrials,Conglomerates,USA,1880000000.0,72.6,15.5,0.0395999999999999,33944.0,Small,Industrials
FCEL,Fuelcell Energy Inc,Industrials,Electrical Equipment & Parts,USA,1160000000.0,,21.88,-0.103,6605659.0,Small,Industrials
FIP,FTAI Infrastructure Inc,Industrials,Conglomerates,USA,531150000.0,,4.49,-0.0143,442487.0,Small,Industrials
FJET,Starfighters Space Inc,Industrials,Aerospace & Defense,USA,323350000.0,,7.32,0.0702,2465447.0,Small,Industrials
FSTR,L.B. Foster Co,Industrials,Railroads,USA,438010000.0,40.57,41.88,0.0366,335258.0,Small,Industrials
FWRD,Forward Air Corp,Industrials,Integrated Freight & Logistics,USA,333330000.0,,10.54,0.0174,368460.0,Small,Industrials
GBX,Greenbrier Cos. Inc,Industrials,Railroads,USA,1480000000.0,10.2,47.69,-0.0044,62043.0,Small,Industrials
GHM,Graham Corp,Industrials,Specialty Industrial Machinery,USA,1150000000.0,73.46,98.76,-0.0149,149479.0,Small,Industrials
GIC,Global Industrial Co,Industrials,Industrial Distribution,USA,1160000000.0,16.02,30.44,0.0013,20103.0,Small,Industrials
GNK,Genco Shipping & Trading Limited,Industrials,Marine Shipping,USA,1050000000.0,63.73,24.04,-0.0019,130759.0,Small,Industrials
GRC,Gorman-Rupp Co,Industrials,Specialty Industrial Machinery,USA,1980000000.0,33.55,74.87,0.0003,33372.0,Small,Industrials
HLMN,Hillman Solutions Corp,Industrials,Tools & Accessories,USA,1480000000.0,41.89,7.55,0.0033,517584.0,Small,Industrials
HTLD,Heartland Express Inc,Industrials,Trucking,USA,1160000000.0,,14.98,-0.0056,154453.0,Small,Industrials
HTZ,Hertz Global Holdings Inc,Industrials,Rental & Leasing Services,USA,1740000000.0,,5.49,0.0009,2458130.0,Small,Industrials
HURN,Huron Consulting Group Inc,Industrials,Consulting Services,USA,1740000000.0,18.35,107.46,0.0048,68277.0,Small,Industrials
HY,Hyster Yale Inc,Industrials,Farm & Heavy Construction Machinery,USA,640530000.0,,35.75,-0.0152,26472.0,Small,Industrials
ICFI,ICF International Inc,Industrials,Consulting Services,USA,1260000000.0,15.03,69.47,0.003,107709.0,Small,Industrials
IIIN,Insteel Industries Inc,Industrials,Metal Fabrication,USA,538880000.0,12.76,27.73,0.0054,101848.0,Small,Industrials
ISSC,Innovative Solutions And Support Inc,Industrials,Aerospace & Defense,USA,306510000.0,18.22,17.13,0.0184,303109.0,Small,Industrials
JBI,Janus International Group Inc,Industrials,Building Products & Equipment,USA,729020000.0,17.28,5.34,-0.0083,702452.0,Small,Industrials
KE,Kimball Electronics Inc,Industrials,Electrical Equipment & Parts,USA,630090000.0,25.13,26.2,-0.0109,62565.0,Small,Industrials
KELYA,Kelly Services Inc,Industrials,Staffing & Employment Services,USA,434930000.0,,11.66,0.0,185987.0,Small,Industrials
KFRC,Kforce Inc,Industrials,Staffing & Employment Services,USA,829570000.0,23.76,46.52,0.0408,93396.0,Small,Industrials
KODK,Eastman Kodak Co,Industrials,Specialty Business Services,USA,973070000.0,,9.97,-0.0098999999999999,419949.0,Small,Industrials
LMB,Limbach Holdings Inc,Industrials,Building Products & Equipment,USA,933660000.0,28.5,78.32,-0.0162,206122.0,Small,Industrials
LNN,Lindsay Corp,Industrials,Farm & Heavy Construction Machinery,USA,1140000000.0,20.03,109.5,-0.0046999999999999,130582.0,Small,Industrials
LTBR,Lightbridge Corp,Industrials,Electrical Equipment & Parts,USA,407170000.0,,11.59,-0.0004,573048.0,Small,Industrials
LXFR,Luxfer Holdings PLC,Industrials,Specialty Industrial Machinery,USA,463490000.0,80.37,17.16,0.0029,58996.0,Small,Industrials
LZ,LegalZoom.com Inc,Industrials,Specialty Business Services,USA,1100000000.0,102.82,6.39,0.0151,1142954.0,Small,Industrials
MAN,ManpowerGroup,Industrials,Staffing & Employment Services,USA,1460000000.0,,31.4,0.0351,365199.0,Small,Industrials
MATW,Matthews International Corp,Industrials,Conglomerates,USA,834670000.0,91.99,26.75,-0.0118,88455.0,Small,Industrials
MEC,Mayville Engineering Company Inc,Industrials,Metal Fabrication,USA,537760000.0,,26.24,0.005,113223.0,Small,Industrials
MG,Mistras Group Inc,Industrials,Security & Protection Services,USA,554140000.0,24.88,17.42,-0.0104,65858.0,Small,Industrials
MRLN,Merlin Inc,Industrials,Aerospace & Defense,USA,773640000.0,44.58,8.02,-0.0504,2018562.0,Small,Industrials
MRTN,Marten Transport Ltd,Industrials,Trucking,USA,1410000000.0,97.08,17.25,-0.0153,479510.0,Small,Industrials
MTRX,Matrix Service Co,Industrials,Engineering & Construction,USA,369930000.0,,13.15,-0.0060999999999999,73379.0,Small,Industrials
MTW,Manitowoc Co Inc,Industrials,Farm & Heavy Construction Machinery,USA,426920000.0,58.51,11.89,-0.0141999999999999,71893.0,Small,Industrials
NNE,Nano Nuclear Energy Inc,Industrials,Specialty Industrial Machinery,USA,1500000000.0,,28.87,0.0077,2111490.0,Small,Industrials
NPK,National Presto Industries Inc,Industrials,Aerospace & Defense,USA,914820000.0,28.39,127.66,-0.0329,70888.0,Small,Industrials
NPWR,NET Power Inc,Industrials,Specialty Industrial Machinery,USA,445020000.0,,1.98,-0.01,415399.0,Small,Industrials
NSP,Insperity Inc,Industrials,Staffing & Employment Services,USA,1330000000.0,,34.81,0.0222,323922.0,Small,Industrials
NSSC,NAPCO Security Technologies Inc,Industrials,Security & Protection Services,USA,1320000000.0,35.81,36.85,0.0022,291427.0,Small,Industrials
NVRI,Enviri Corp,Industrials,Waste Management,USA,1720000000.0,,20.82,-0.0187,1868216.0,Small,Industrials
NX,Quanex Building Products Corp,Industrials,Building Products & Equipment,USA,850920000.0,,18.52,-0.0162,144469.0,Small,Industrials
OFLX,Omega Flex Inc,Industrials,Specialty Industrial Machinery,USA,305150000.0,22.88,30.23,-0.0245,12237.0,Small,Industrials
ONT,Onterris Inc,Industrials,Waste Management,USA,573170000.0,973.01,15.86,0.0128,392221.0,Small,Industrials
ORN,Orion Group Holdings Inc,Industrials,Engineering & Construction,USA,554160000.0,63.7,13.69,-0.0453,138869.0,Small,Industrials
PANL,Pangaea Logistics Solutions Ltd,Industrials,Marine Shipping,USA,493750000.0,14.08,7.55,-0.0172,297268.0,Small,Industrials
PKE,Park Aerospace Corp,Industrials,Aerospace & Defense,USA,610870000.0,54.82,30.66,-0.158,537060.0,Small,Industrials
PKOH,Park-Ohio Holdings Corp,Industrials,Specialty Industrial Machinery,USA,466280000.0,18.55,32.38,-0.0278,20478.0,Small,Industrials
PLPC,Preformed Line Products Co,Industrials,Electrical Equipment & Parts,USA,1790000000.0,52.72,366.34,-0.0282,47592.0,Small,Industrials
PPHC,Public Policy Holding Company Inc,Industrials,Consulting Services,USA,313750000.0,,10.69,-0.0816,66765.0,Small,Industrials
PRG,PROG Holdings Inc,Industrials,Rental & Leasing Services,USA,1480000000.0,10.12,36.93,-0.0075,160066.0,Small,Industrials
PRLB,Proto Labs Inc,Industrials,Metal Fabrication,USA,1810000000.0,71.47,76.06,0.0178,62675.0,Small,Industrials
PSIX,Power Solutions International Inc,Industrials,Specialty Industrial Machinery,USA,954750000.0,9.35,41.42,-0.0136,260334.0,Small,Industrials
QUAD,Quad/Graphics Inc,Industrials,Specialty Business Services,USA,384380000.0,13.54,7.45,-0.0033,59790.0,Small,Industrials
RCAT,Red Cat Holdings Inc,Industrials,Aerospace & Defense,USA,1720000000.0,,14.02,-0.0088,27548437.0,Small,Industrials
RGR,"Sturm, Ruger & Co Inc",Industrials,Aerospace & Defense,USA,635250000.0,,39.84,0.012,29217.0,Small,Industrials
RHLD,Resolute Holdings Management Inc,Industrials,Specialty Business Services,USA,955470000.0,16.78,115.71,0.0021,135912.0,Small,Industrials
RJET,Republic Airways Holdings Inc,Industrials,Airlines,USA,988570000.0,6.71,21.11,-0.099,88279.0,Small,Industrials
RLGT,Radiant Logistics Inc,Industrials,Integrated Freight & Logistics,USA,395070000.0,25.37,8.44,0.0031,28088.0,Small,Industrials
ROCK,Gibraltar Industries Inc,Industrials,Building Products & Equipment,USA,1160000000.0,,39.08,-0.0037,125063.0,Small,Industrials
RR,Richtech Robotics Inc,Industrials,Specialty Industrial Machinery,USA,663500000.0,,2.97,-0.087,13857035.0,Small,Industrials
RYZ,Ryerson Holding Corp,Industrials,Metal Fabrication,USA,1470000000.0,,28.24,-0.0053,168057.0,Small,Industrials
SATL,Satellogic Inc,Industrials,Aerospace & Defense,USA,1390000000.0,,9.38,-0.0482,6264501.0,Small,Industrials
SBC,SBC Medical Group Holdings Inc,Industrials,Consulting Services,USA,334240000.0,8.18,3.25,0.0187999999999999,150741.0,Small,Industrials
SERV,Serve Robotics Inc,Industrials,Specialty Industrial Machinery,USA,724600000.0,,9.36,-0.0132,4860226.0,Small,Industrials
SIDU,Sidus Space Inc,Industrials,Aerospace & Defense,USA,388560000.0,,4.8,-0.0724,29985200.0,Small,Industrials
SPCE,Virgin Galactic Holdings Inc,Industrials,Aerospace & Defense,USA,611660000.0,,6.07,0.3411,102674158.0,Small,Industrials
SPIR,Spire Global Inc,Industrials,Specialty Business Services,USA,917210000.0,14.51,22.81,-0.0537,972007.0,Small,Industrials
SWBI,Smith & Wesson Brands Inc,Industrials,Aerospace & Defense,USA,691870000.0,58.04,15.55,0.0217,384381.0,Small,Industrials
SWIM,Latham Group Inc,Industrials,Building Products & Equipment,USA,636950000.0,79.2,5.43,-0.0009,219005.0,Small,Industrials
TH,Target Hospitality Corp,Industrials,Specialty Business Services,USA,1700000000.0,,16.97,-0.0148,905700.0,Small,Industrials
TIC,TIC Solutions Inc,Industrials,Specialty Business Services,USA,1830000000.0,,8.26,-0.0131,619505.0,Small,Industrials
TITN,Titan Machinery Inc,Industrials,Industrial Distribution,USA,509540000.0,,21.86,0.006,58871.0,Small,Industrials
TNC,Tennant Co,Industrials,Specialty Industrial Machinery,USA,1490000000.0,52.88,87.27,-0.0025,47504.0,Small,Industrials
TRC,Tejon Ranch Co,Industrials,Conglomerates,USA,525500000.0,311.36,19.46,-0.0066,45885.0,Small,Industrials
TRNS,Transcat Inc,Industrials,Specialty Business Services,USA,787370000.0,147.5,84.29,0.0676,202096.0,Small,Industrials
TTI,Tetra Technologies Inc,Industrials,Conglomerates,USA,1390000000.0,193.75,10.23,-0.0182,527945.0,Small,Industrials
TWI,Titan International Inc,Industrials,Farm & Heavy Construction Machinery,USA,467790000.0,,7.27,-0.0004,142144.0,Small,Industrials
ULCC,Frontier Group Holdings Inc,Industrials,Airlines,USA,1400000000.0,,6.07,0.0484999999999999,3709245.0,Small,Industrials
ULH,Universal Logistics Holdings Inc,Industrials,Trucking,USA,412420000.0,,15.64,-0.0399,18471.0,Small,Industrials
UP,Wheels Up Experience Inc,Industrials,Airports & Air Services,USA,316820000.0,,8.74,-0.013,184318.0,Small,Industrials
VSTS,Vestis Corp,Industrials,Rental & Leasing Services,USA,1700000000.0,,12.87,0.0054,593087.0,Small,Industrials
WLDN,Willdan Group Inc,Industrials,Engineering & Construction,USA,1380000000.0,24.6,91.42,-0.0085,91830.0,Small,Industrials
WLFC,Willis Lease Finance Corp,Industrials,Rental & Leasing Services,USA,1260000000.0,10.82,178.25,-0.024,30043.0,Small,Industrials
WNC,Wabash National Corp,Industrials,Farm & Heavy Construction Machinery,USA,320110000.0,,7.87,-0.0401999999999999,247976.0,Small,Industrials
XRX,Xerox Holdings Corp,Industrials,Business Equipment & Supplies,USA,417840000.0,,3.19,0.051,5297415.0,Small,Industrials
AAT,American Assets Trust Inc,Real Estate,REIT - Diversified,USA,1450000000.0,78.48,23.63,0.0111,136479.0,Small,Real Estate
ABR,Arbor Realty Trust Inc,Real Estate,REIT - Mortgage,USA,1100000000.0,14.87,5.71,0.0131,2080814.0,Small,Real Estate
ADAM,Adamas Trust Inc,Real Estate,REIT - Mortgage,USA,827620000.0,7.86,9.21,0.0022,195992.0,Small,Real Estate
AGNT,eXp World Holdings Inc,Real Estate,Real Estate Services,USA,816820000.0,,4.97,0.0186,572484.0,Small,Real Estate
AHRT,AH Realty Trust Inc,Real Estate,REIT - Diversified,USA,660960000.0,,6.8,-0.0037,338331.0,Small,Real Estate
AIV,Apartment Investment & Management Co,Real Estate,REIT - Residential,USA,605750000.0,,4.21,-0.0045,398927.0,Small,Real Estate
ALX,Alexander's Inc,Real Estate,REIT - Retail,USA,1260000000.0,61.63,246.92,-0.0113999999999999,10372.0,Small,Real Estate
ARI,Apollo Commercial Real Estate Finance Inc,Real Estate,REIT - Mortgage,USA,1460000000.0,13.68,11.01,0.0014,381822.0,Small,Real Estate
BDN,Brandywine Realty Trust,Real Estate,REIT - Office,USA,542720000.0,,3.12,0.018,595800.0,Small,Real Estate
BFS,Saul Centers Inc,Real Estate,REIT - Retail,USA,845060000.0,32.66,34.44,-0.0066,16294.0,Small,Real Estate
BRSP,BrightSpire Capital Inc,Real Estate,REIT - Mortgage,USA,751720000.0,,5.77,0.0034999999999999,267931.0,Small,Real Estate
CBL,CBL& Associates Properties Inc,Real Estate,REIT - Retail,USA,1490000000.0,8.74,48.03,-0.0055,98363.0,Small,Real Estate
CCS,Century Communities Inc,Real Estate,Real Estate - Development,USA,1550000000.0,12.15,53.83,0.0069,80937.0,Small,Real Estate
CHCT,Community Healthcare Trust Inc,Real Estate,REIT - Healthcare Facilities,USA,492290000.0,157.78,17.23,-0.0081,55355.0,Small,Real Estate
CIM,Chimera Investment Corp,Real Estate,REIT - Mortgage,USA,1130000000.0,,13.56,-0.0007,174675.0,Small,Real Estate
CLDT,Chatham Lodging Trust,Real Estate,REIT - Hotel & Motel,USA,508820000.0,703.23,10.9,-0.0127,81627.0,Small,Real Estate
CMTG,Claros Mortgage Trust Inc,Real Estate,REIT - Mortgage,USA,345630000.0,,2.46,0.0489,272028.0,Small,Real Estate
CSR,Centerspace,Real Estate,REIT - Residential,USA,1180000000.0,,66.63,-0.0157,30069.0,Small,Real Estate
CTO,CTO Realty Growth Inc,Real Estate,REIT - Diversified,USA,700000000.0,98.01,20.72,-0.0062,174013.0,Small,Real Estate
DEA,Easterly Government Properties Inc,Real Estate,REIT - Office,USA,1120000000.0,103.21,24.15,-0.0049,99842.0,Small,Real Estate
DEI,Douglas Emmett Inc,Real Estate,REIT - Office,USA,1960000000.0,,11.7,0.0132,805173.0,Small,Real Estate
EFC,Ellington Financial Inc,Real Estate,REIT - Mortgage,USA,1710000000.0,8.26,13.63,0.0029,889773.0,Small,Real Estate
ESBA,Empire State Realty OP LP,Real Estate,REIT - Office,USA,1600000000.0,27.65,5.73,0.0572,4592.0,Small,Real Estate
ESRT,Empire State Realty Trust Inc,Real Estate,REIT - Diversified,USA,999240000.0,27.97,5.8,0.0113,540997.0,Small,Real Estate
FBRT,Franklin BSP Realty Trust Inc,Real Estate,REIT - Mortgage,USA,667590000.0,16.91,8.67,0.004,208565.0,Small,Real Estate
FOR,Forestar Group Inc,Real Estate,Real Estate - Development,USA,1420000000.0,8.49,27.82,0.0146,39344.0,Small,Real Estate
FPH,Five Point Holdings LLC,Real Estate,Real Estate - Development,USA,560320000.0,8.35,5.08,0.0098999999999999,134583.0,Small,Real Estate
FPI,Farmland Partners Inc,Real Estate,REIT - Specialty,USA,451220000.0,19.51,10.34,-0.0063,202376.0,Small,Real Estate
FRPH,FRP Holdings Inc,Real Estate,Real Estate Services,USA,444550000.0,473.27,23.19,-0.009,25141.0,Small,Real Estate
FVR,FrontView REIT Inc,Real Estate,REIT - Diversified,USA,492410000.0,,17.51,-0.013,16961.0,Small,Real Estate
GNL,Global Net Lease Inc,Real Estate,REIT - Diversified,USA,1990000000.0,,9.4,-0.01,639495.0,Small,Real Estate
GOOD,Gladstone Commercial Corp,Real Estate,REIT - Diversified,USA,619000000.0,71.86,12.69,-0.0031,144160.0,Small,Real Estate
GTY,Getty Realty Corp,Real Estate,REIT - Retail,USA,1960000000.0,21.37,32.42,-0.0118999999999999,111941.0,Small,Real Estate
HPP,Hudson Pacific Properties Inc,Real Estate,REIT - Office,USA,687590000.0,,12.4,0.0282,578035.0,Small,Real Estate
IIPR,Innovative Industrial Properties Inc,Real Estate,REIT - Industrial,USA,1680000000.0,14.87,58.26,0.0044,91558.0,Small,Real Estate
ILPT,Industrial Logistics Properties Trust,Real Estate,REIT - Industrial,USA,590080000.0,,8.85,-0.0055,185414.0,Small,Real Estate
INN,Summit Hotel Properties Inc,Real Estate,REIT - Hotel & Motel,USA,702740000.0,,5.8,-0.006,347616.0,Small,Real Estate
IVR,Invesco Mortgage Capital Inc,Real Estate,REIT - Mortgage,USA,731910000.0,10.68,7.89,0.0019,860401.0,Small,Real Estate
JBGS,JBG SMITH Properties,Real Estate,REIT - Diversified,USA,1100000000.0,,14.74,-0.0027,72306.0,Small,Real Estate
KREF,KKR Real Estate Finance Trust Inc,Real Estate,REIT - Mortgage,USA,436050000.0,,6.74,0.0075,407215.0,Small,Real Estate
KW,Kennedy-Wilson Holdings Inc,Real Estate,Real Estate Services,USA,1540000000.0,99.82,11.02,-0.0009,269690.0,Small,Real Estate
LADR,Ladder Capital Corp,Real Estate,REIT - Mortgage,USA,1310000000.0,23.49,10.24,0.0033,240819.0,Small,Real Estate
LAND,Gladstone Land Corp,Real Estate,REIT - Specialty,USA,408720000.0,,9.48,-0.012,302244.0,Small,Real Estate
LTC,LTC Properties Inc,Real Estate,REIT - Healthcare Facilities,USA,1910000000.0,15.02,37.38,-0.0115,234246.0,Small,Real Estate
MFA,MFA Financial Inc,Real Estate,REIT - Mortgage,USA,980400000.0,11.06,9.65,0.0052,482291.0,Small,Real Estate
MLP,Maui Land & Pineapple Co Inc,Real Estate,Real Estate Services,USA,338290000.0,,17.03,-0.0179,946.0,Small,Real Estate
MMI,Marcus & Millichap Inc,Real Estate,Real Estate Services,USA,1080000000.0,,28.53,0.0038,116598.0,Small,Real Estate
NTST,Netstreit Corp,Real Estate,REIT - Retail,USA,1960000000.0,168.05,20.11,-0.0062,447574.0,Small,Real Estate
NXRT,NexPoint Residential Trust Inc,Real Estate,REIT - Residential,USA,752400000.0,,29.4,-0.0075,53575.0,Small,Real Estate
OLP,One Liberty Properties Inc,Real Estate,REIT - Diversified,USA,514940000.00000006,18.91,23.6,-0.0042,19852.0,Small,Real Estate
ORC,Orchid Island Capital Inc,Real Estate,REIT - Mortgage,USA,1380000000.0,9.11,6.86,-0.0137,2455434.0,Small,Real Estate
PDM,Piedmont Realty Trust Inc,Real Estate,REIT - Office,USA,1060000000.0,,8.49,0.0018,185154.0,Small,Real Estate
PEB,Pebblebrook Hotel Trust,Real Estate,REIT - Hotel & Motel,USA,1740000000.0,,15.38,-0.0113,546797.0,Small,Real Estate
PINE,Alpine Income Property Trust Inc,Real Estate,REIT - Retail,USA,322140000.0,,19.5,-0.0064,55503.0,Small,Real Estate
PMT,Pennymac Mortgage Investment Trust,Real Estate,REIT - Mortgage,USA,916060000.0,9.07,10.51,-0.0024,289144.0,Small,Real Estate
PSTL,Postal Realty Trust Inc,Real Estate,REIT - Office,USA,758630000.0,44.53,22.94,-0.0223,203623.0,Small,Real Estate
REAX,The Real Brokerage Inc,Real Estate,Real Estate Services,USA,380070000.0,,1.78,0.0173,1242796.0,Small,Real Estate
RLJ,RLJ Lodging Trust,Real Estate,REIT - Hotel & Motel,USA,1500000000.0,,9.84,-0.0162,707842.0,Small,Real Estate
RMAX,RE/MAX Holdings Inc,Real Estate,Real Estate Services,USA,322380000.0,515.68,9.54,0.0074,140083.0,Small,Real Estate
RMR,RMR Group Inc,Real Estate,Real Estate Services,USA,649400000.0,16.71,20.24,-0.0081,41494.0,Small,Real Estate
RWT,Redwood Trust Inc,Real Estate,REIT - Mortgage,USA,678060000.0,,5.42,0.0103,507233.0,Small,Real Estate
SAFE,Safehold Inc,Real Estate,REIT - Diversified,USA,1080000000.0,9.5,15.06,-0.0059,73304.0,Small,Real Estate
SDHC,Smith Douglas Homes Corp,Real Estate,Real Estate - Development,USA,627180000.0,13.01,12.35,0.0016,43326.0,Small,Real Estate
SEG,Seaport Entertainment Group Inc,Real Estate,Real Estate Services,USA,315980000.0,,24.68,0.0074,35693.0,Small,Real Estate
SILA,Sila Realty Trust Inc,Real Estate,REIT - Healthcare Facilities,USA,1670000000.0,44.56,30.24,-0.0001,199847.0,Small,Real Estate
SKYH,Sky Harbour Group Corp,Real Estate,Real Estate - Development,USA,705970000.0,56.39,9.23,0.0081999999999999,80855.0,Small,Real Estate
SMA,Smartstop Self Storage REIT Inc,Real Estate,REIT - Industrial,USA,1840000000.0,201.59,31.06,-0.0148,294295.0,Small,Real Estate
SVC,Service Properties Trust,Real Estate,REIT - Hotel & Motel,USA,1160000000.0,,1.8,0.0,4940428.0,Small,Real Estate
TCI,Transcontinental Realty Investors Inc,Real Estate,Real Estate Services,USA,336760000.0,36.01,38.98,0.0125,194.0,Small,Real Estate
TRTX,TPG RE Finance Trust Inc,Real Estate,REIT - Mortgage,USA,654030000.0,13.24,8.46,0.0024,194256.0,Small,Real Estate
TWO,Two Harbors Investment Corp,Real Estate,REIT - Mortgage,USA,1300000000.0,,12.36,-0.0016,654370.0,Small,Real Estate
UHT,Universal Health Realty Income Trust,Real Estate,REIT - Healthcare Facilities,USA,579030000.0,32.42,41.73,-0.0036,25969.0,Small,Real Estate
UMH,UMH Properties Inc,Real Estate,REIT - Residential,USA,1280000000.0,145.74,15.07,-0.0364,342875.0,Small,Real Estate
VRE,Veris Residential Inc,Real Estate,REIT - Residential,USA,1780000000.0,24.77,18.99,0.0,0.0,Small,Real Estate
WSR,Whitestone REIT,Real Estate,REIT - Retail,USA,1950000000.0,19.77,19.02,0.0005,199634.0,Small,Real Estate
XHR,Xenia Hotels & Resorts Inc,Real Estate,REIT - Hotel & Motel,USA,1620000000.0,25.38,17.51,-0.0023,234769.0,Small,Real Estate
XRN,Chiron Real Estate Inc,Real Estate,REIT - Healthcare Facilities,USA,521180000.0,,36.0,-0.015,49765.0,Small,Real Estate
ADTN,ADTRAN Holdings Inc,Technology,Communication Equipment,USA,1350000000.0,,16.65,-0.016,1838101.0,Small,Technology
AEVA,Aeva Technologies Inc,Technology,Software - Infrastructure,USA,1740000000.0,,27.64,0.0696,1487385.0,Small,Technology
AI,C3.ai Inc,Technology,Software - Infrastructure,USA,1600000000.0,,10.99,0.0753,6101139.0,Small,Technology
AIOT,PowerFleet Inc,Technology,Software - Infrastructure,USA,518680000.0,,3.87,0.0711,911667.0,Small,Technology
AIP,Arteris Inc,Technology,Semiconductors,USA,1620000000.0,,35.1,-0.0494,532585.0,Small,Technology
ALIT,Alight Inc,Technology,Software - Application,USA,542610000.0,,1.01,0.0686,21716073.0,Small,Technology
ALKT,Alkami Technology Inc,Technology,Software - Application,USA,1940000000.0,,18.16,0.0324,815129.0,Small,Technology
ALMU,Aeluma Inc,Technology,Semiconductors,USA,394850000.0,,21.57,-0.0658,1031417.0,Small,Technology
ALNT,Allient Inc,Technology,Electronic Components,USA,1310000000.0,54.29,77.05,0.033,125590.0,Small,Technology
AMBQ,Ambiq Micro Inc,Technology,Semiconductors,USA,1730000000.0,,80.77,-0.0265,236716.0,Small,Technology
AMPL,Amplitude Inc,Technology,Software - Application,USA,1030000000.0,,7.74,0.1251,2893799.0,Small,Technology
AOSL,Alpha & Omega Semiconductor Ltd,Technology,Semiconductors,USA,1370000000.0,,45.68,-0.0742,609201.0,Small,Technology
APPN,Appian Corp,Technology,Software - Infrastructure,USA,1720000000.0,2129.09,23.42,0.0626,358527.0,Small,Technology
APPS,Digital Turbine Inc,Technology,Software - Application,USA,1080000000.0,,8.95,0.0648,7932463.0,Small,Technology
ARRY,Array Technologies Inc,Technology,Solar,USA,1400000000.0,,9.09,-0.0189,2411071.0,Small,Technology
ASAN,Asana Inc,Technology,Software - Application,USA,1890000000.0,,7.77,0.1667,12086528.0,Small,Technology
ASYS,Amtech Systems Inc,Technology,Semiconductor Equipment & Materials,USA,303100000.0,125.18,20.91,-0.0331,221403.0,Small,Technology
ATOM,Atomera Inc,Technology,Semiconductor Equipment & Materials,USA,377870000.0,,9.76,-0.1261999999999999,1027724.0,Small,Technology
BAND,Bandwidth Inc,Technology,Software - Infrastructure,USA,1990000000.0,,62.26,0.0798,533903.0,Small,Technology
BKKT,Bakkt Inc,Technology,Software - Infrastructure,USA,491190000.0,,11.01,0.0009,943403.0,Small,Technology
BKTI,BK Technologies Corp,Technology,Communication Equipment,USA,309950000.0,23.16,82.78,-0.0260999999999999,93861.0,Small,Technology
BL,BlackLine Inc,Technology,Software - Application,USA,1720000000.0,69.08,29.31,0.0812,942683.0,Small,Technology
BLKB,Blackbaud Inc,Technology,Software - Application,USA,1430000000.0,10.5,31.03,0.0208,503418.0,Small,Technology
BLND,Blend Labs Inc,Technology,Software - Application,USA,441860000.0,,1.83,0.061,2230633.0,Small,Technology
BLZE,Backblaze Inc,Technology,Software - Infrastructure,USA,492000000.0,,8.2,0.0719,1801533.0,Small,Technology
BRUN,Boost Run Inc,Technology,Software - Infrastructure,USA,592190000.0,172.21,34.27,0.0412999999999999,2382552.0,Small,Technology
CCSI,Consensus Cloud Solutions Inc,Technology,Software - Infrastructure,USA,618540000.0,7.36,33.62,0.05,62102.0,Small,Technology
CEVA,Ceva Inc,Technology,Semiconductors,USA,1130000000.0,,40.69,-0.0256999999999999,555599.0,Small,Technology
CLFD,Clearfield Inc,Technology,Communication Equipment,USA,632520000.0,,46.54,-0.0033,250470.0,Small,Technology
CLMB,Climb Global Solutions Inc,Technology,Electronics & Computer Distribution,USA,401050000.0,18.9,21.57,0.0373,51757.0,Small,Technology
CNXC,Concentrix Corp,Technology,Information Technology Services,USA,1680000000.0,,27.51,0.0389,338050.0,Small,Technology
CNXN,PC Connection Inc,Technology,Electronics & Computer Distribution,USA,1750000000.0,20.14,69.31,0.02,53546.0,Small,Technology
CRCT,Cricut Inc,Technology,Computer Hardware,USA,874230000.0,12.2,4.16,0.0085,334643.0,Small,Technology
CRNC,Cerence Inc,Technology,Software - Application,USA,581570000.0,,12.87,0.0842,1045047.0,Small,Technology
CRSR,Corsair Gaming Inc,Technology,Computer Hardware,USA,1280000000.0,143.19,11.98,0.0029,6992689.0,Small,Technology
CTS,CTS Corp,Technology,Electronic Components,USA,1840000000.0,27.38,64.28,-0.0079,93362.0,Small,Technology
CXM,Sprinklr Inc,Technology,Software - Application,USA,1310000000.0,63.26,5.62,0.0481,1178275.0,Small,Technology
DAKT,Daktronics Inc,Technology,Electronic Components,USA,998570000.0,37.2,20.67,0.0027,84638.0,Small,Technology
DDD,3D Systems Corp,Technology,Computer Hardware,USA,512110000.0,14.42,3.48,-0.0043,3845803.0,Small,Technology
DFIN,Donnelley Financial Solutions Inc,Technology,Software - Application,USA,1010000000.0,31.47,40.62,0.0192,116624.0,Small,Technology
DJCO,Daily Journal Corp,Technology,Software - Application,USA,698770000.0,50.03,507.19,-0.0227999999999999,26583.0,Small,Technology
DMRC,Digimarc Corp,Technology,Software - Application,USA,326500000.0,,14.68,-0.0227,257717.0,Small,Technology
DSP,Viant Technology Inc,Technology,Software - Application,USA,822780000.0,87.01,12.56,0.0833,349798.0,Small,Technology
DUOT,Duos Technologies Group Inc,Technology,Software - Application,USA,403060000.0,,13.74,-0.0611,489849.0,Small,Technology
DVLT,Datavault AI Inc,Technology,Software - Infrastructure,USA,427270000.0,,0.5,0.0046,31894744.0,Small,Technology
DXC,DXC Technology Co,Technology,Information Technology Services,USA,1590000000.0,166.2,9.74,0.0506,1627629.0,Small,Technology
EFOR,Everforth Inc,Technology,Information Technology Services,USA,916670000.0,9.88,22.36,0.0697,642276.0,Small,Technology
EVTC,Evertec Inc,Technology,Software - Infrastructure,USA,1510000000.0,11.88,24.56,0.0074,179029.0,Small,Technology
FEIM,Frequency Electronics Inc,Technology,Communication Equipment,USA,733620000.0,99.12,74.54,-0.0139999999999999,169980.0,Small,Technology
FIVN,Five9 Inc,Technology,Software - Infrastructure,USA,1850000000.0,36.76,24.22,0.0608999999999999,2278280.0,Small,Technology
GCT,GigaCloud Technology Inc,Technology,Software - Infrastructure,USA,1320000000.0,9.02,35.81,-0.0542999999999999,535161.0,Small,Technology
GDYN,Grid Dynamics Holdings Inc,Technology,Information Technology Services,USA,609210000.0,119.62,7.28,-0.0115,1290800.0,Small,Technology
GLOO,Gloo Holdings Inc,Technology,Software - Application,USA,439940000.0,,5.44,0.0112,59024.0,Small,Technology
GSIT,GSI Technology Inc,Technology,Semiconductors,USA,355580000.0,,9.83,-0.0765,1296243.0,Small,Technology
GTM,ZoomInfo Technologies Inc,Technology,Software - Application,USA,999440000.0,8.37,3.39,0.0564,10101132.0,Small,Technology
HLIT,Harmonic Inc,Technology,Communication Equipment,USA,1660000000.0,,15.3,-0.1,6331741.0,Small,Technology
IBEX,IBEX Ltd,Technology,Information Technology Services,USA,426040000.0,9.93,31.82,-0.0013,31838.0,Small,Technology
IBTA,Ibotta Inc,Technology,Software - Application,USA,836500000.0,,35.08,0.0144999999999999,81463.0,Small,Technology
IIIV,i3 Verticals Inc,Technology,Software - Infrastructure,USA,570540000.0,123.5,20.43,0.0187999999999999,247450.0,Small,Technology
IMXI,International Money Express Inc,Technology,Software - Infrastructure,USA,451030000.0,17.59,14.99,0.0018,212608.0,Small,Technology
INDI,Indie Semiconductor Inc,Technology,Semiconductors,USA,1160000000.0,,5.1,-0.0448,3056915.0,Small,Technology
INTA,Intapp Inc,Technology,Software - Application,USA,1740000000.0,,22.53,0.0938,525865.0,Small,Technology
KDK,Kodiak AI Inc,Technology,Software - Infrastructure,USA,1290000000.0,,7.01,-0.0136,543858.0,Small,Technology
KOPN,Kopin Corp,Technology,Electronic Components,USA,1040000000.0,450.05,5.67,-0.0626999999999999,5115871.0,Small,Technology
LPTH,Lightpath Technologies Inc,Technology,Electronic Components,USA,1070000000.0,,17.08,-0.059,3767490.0,Small,Technology
LYTS,LSI Industries Inc,Technology,Electronic Components,USA,891900000.0,32.16,24.29,-0.0015,269430.0,Small,Technology
MEI,Methode Electronics Inc,Technology,Electronic Components,USA,412410000.0,,11.64,-0.0127,288485.0,Small,Technology
MITK,Mitek Systems Inc,Technology,Software - Application,USA,784870000.0,50.28,17.38,0.0321,305117.0,Small,Technology
MLAB,Mesa Laboratories Inc,Technology,Scientific & Technical Instruments,USA,564510000.0,84.89,102.18,-0.009,204350.0,Small,Technology
MNTN,MNTN Inc,Technology,Software - Application,USA,703760000.0,31.28,9.52,0.0613,400247.0,Small,Technology
MPTI,M-tron Industries Inc,Technology,Electronic Components,USA,382120000.0,32.07,88.43,0.0085,32682.0,Small,Technology
MQ,Marqeta Inc,Technology,Software - Infrastructure,USA,1740000000.0,761.63,4.11,0.0438999999999999,3184395.0,Small,Technology
MRAM,Everspin Technologies Inc,Technology,Semiconductors,USA,634960000.0,2735.35,27.08,-0.1336999999999999,3565155.0,Small,Technology
NABL,N-able Inc,Technology,Information Technology Services,USA,688530000.0,,3.65,0.0594,1245566.0,Small,Technology
NCNO,Ncino Inc,Technology,Software - Application,USA,1760000000.0,132.66,16.07,0.0136,3072828.0,Small,Technology
NTGR,Netgear Inc,Technology,Communication Equipment,USA,694390000.0,,25.87,0.0063,213937.0,Small,Technology
NUAI,New Era Energy & Digital Inc,Technology,Software - Infrastructure,USA,488220000.0,,4.82,0.0366,5161957.0,Small,Technology
NVEC,NVE Corp,Technology,Semiconductors,USA,478950000.0,31.53,99.02,-0.0183,89906.0,Small,Technology
OOMA,Ooma Inc,Technology,Software - Application,USA,492840000.0,54.9,17.92,0.0081999999999999,191923.0,Small,Technology
OPTX,Syntec Optics Holdings Inc,Technology,Electronic Components,USA,375810000.0,,9.33,-0.1549,873380.0,Small,Technology
OSPN,OneSpan Inc,Technology,Software - Infrastructure,USA,533470000.0,7.92,14.39,0.0345,264518.0,Small,Technology
OSS,One Stop Systems Inc,Technology,Computer Hardware,USA,440140000.0,70.74,17.77,-0.0078,1110322.0,Small,Technology
PAR,Par Technology Corp,Technology,Software - Application,USA,615620000.0,,14.93,-0.0289,794092.0,Small,Technology
PAYO,Payoneer Global Inc,Technology,Software - Infrastructure,USA,1760000000.0,26.64,5.24,0.0282,1629211.0,Small,Technology
PAYS,PaySign Inc,Technology,Software - Infrastructure,USA,407630000.0,42.62,7.29,0.0141,303254.0,Small,Technology
PD,Pagerduty Inc,Technology,Software - Application,USA,759520000.0,4.85,9.91,0.3319,5635425.0,Small,Technology
PDFS,PDF Solutions Inc,Technology,Software - Application,USA,1940000000.0,270.78,48.55,-0.0078,303540.0,Small,Technology
PDYN,Palladyne AI Corp,Technology,Software - Infrastructure,USA,398740000.0,,8.44,-0.0409,2561879.0,Small,Technology
PGY,Pagaya Technologies Ltd,Technology,Software - Infrastructure,USA,1230000000.0,14.76,14.81,0.0605999999999999,3100462.0,Small,Technology
PLAB,Photronics Inc,Technology,Semiconductor Equipment & Materials,USA,1880000000.0,11.7,31.94,-0.0611,3795777.0,Small,Technology
PRGS,Progress Software Corp,Technology,Software - Infrastructure,USA,1380000000.0,16.76,32.81,0.0742999999999999,471561.0,Small,Technology
PRTH,Priority Technology Holdings Inc,Technology,Software - Infrastructure,USA,540960000.0,9.34,6.57,0.0544,253673.0,Small,Technology
PUBM,PubMatic Inc,Technology,Software - Application,USA,552180000.0,,11.89,0.0393,519135.0,Small,Technology
QUIK,Quicklogic Corp,Technology,Semiconductors,USA,369600000.0,,20.28,-0.0594,349931.0,Small,Technology
RBBN,Ribbon Communications Inc,Technology,Software - Application,USA,532470000.0,17.71,3.02,-0.0185,655304.0,Small,Technology
RDVT,Red Violet Inc,Technology,Software - Application,USA,821710000.0,59.98,58.24,0.063,172691.0,Small,Technology
RMNI,Rimini Street Inc,Technology,Software - Application,USA,364220000.0,10.56,3.93,0.0383,247177.0,Small,Technology
RPAY,Repay Holdings Corp,Technology,Software - Infrastructure,USA,341340000.0,,3.88,0.0250999999999999,234624.0,Small,Technology
RPD,Rapid7 Inc,Technology,Software - Infrastructure,USA,558520000.0,24.31,8.36,0.1233,1997110.0,Small,Technology
RXT,Rackspace Technology Inc,Technology,Software - Infrastructure,USA,1330000000.0,,5.35,0.1031,16481313.0,Small,Technology
SABR,Sabre Corp,Technology,Software - Infrastructure,USA,683890000.0,1.6,1.73,0.0359,4933879.0,Small,Technology
SCSC,Scansource Inc,Technology,Electronics & Computer Distribution,USA,944480000.0,14.1,46.47,0.0141999999999999,95212.0,Small,Technology
SHAZ,SharonAI Holdings Inc,Technology,Information Technology Services,USA,1280000000.0,,76.88,0.0275,424300.0,Small,Technology
SKYT,SkyWater Technology Inc,Technology,Semiconductors,USA,1880000000.0,16.41,38.28,-0.0176,383860.0,Small,Technology
SONO,Sonos Inc,Technology,Consumer Electronics,USA,1910000000.0,94.16,16.02,0.0105,489582.0,Small,Technology
SPT,Sprout Social Inc,Technology,Software - Application,USA,447360000.0,,7.44,0.0641,785712.0,Small,Technology
SSYS,Stratasys Ltd,Technology,Computer Hardware,USA,919890000.0,,10.68,0.0654,1035823.0,Small,Technology
SVCO,Silvaco Group Inc,Technology,Software - Application,USA,316680000.0,,9.69,0.0021,152200.0,Small,Technology
SWMR,Swarmer Inc,Technology,Software - Infrastructure,USA,611620000.0,,54.56,-0.0393,729785.0,Small,Technology
TASK,TaskUs Inc,Technology,Information Technology Services,USA,572370000.0,5.51,6.25,-0.0095,152156.0,Small,Technology
TLS,Telos Corp,Technology,Software - Infrastructure,USA,364460000.0,,4.87,0.0127,601498.0,Small,Technology
TSSI,TSS Inc,Technology,Information Technology Services,USA,446940000.0,30.79,15.92,0.1757999999999999,6699732.0,Small,Technology
TTGT,Techtarget Inc,Technology,Information Technology Services,USA,339810000.0,,4.7,0.0491,159790.0,Small,Technology
TYGO,Tigo Energy Inc,Technology,Solar,USA,300610000.0,118.92,3.96,-0.0294,403035.0,Small,Technology
UIS,Unisys Corp,Technology,Information Technology Services,USA,315200000.0,,4.32,0.1114,1295449.0,Small,Technology
UMAC,Unusual Machines Inc,Technology,Computer Hardware,USA,1440000000.0,,30.08,0.0163999999999999,20330613.0,Small,Technology
UPBD,Upbound Group Inc,Technology,Software - Application,USA,1130000000.0,13.56,19.44,0.0012,326135.0,Small,Technology
VELO,Velo3D Inc,Technology,Computer Hardware,USA,692320000.0,,23.23,-0.0964,1982384.0,Small,Technology
VIA,Via Transportation Inc,Technology,Software - Application,USA,1220000000.0,,14.97,0.0325,600637.0,Small,Technology
VPG,Vishay Precision Group Inc,Technology,Scientific & Technical Instruments,USA,1620000000.0,275.51,121.94,-0.0264,384417.0,Small,Technology
VRRM,Verra Mobility Corp,Technology,Information Technology Services,USA,666320000.0,5.35,4.39,0.0621,14382462.0,Small,Technology
VUZI,Vuzix Corp,Technology,Consumer Electronics,USA,386270000.0,,4.64,0.0322,3038239.0,Small,Technology
VYX,NCR Voyix Corp,Technology,Information Technology Services,USA,1020000000.0,19.11,7.38,0.0877999999999999,1136810.0,Small,Technology
WLTH,Wealthfront Corp,Technology,Software - Application,USA,1810000000.0,,12.1,0.0134,524904.0,Small,Technology
WYFI,Whitefiber Inc,Technology,Information Technology Services,USA,1150000000.0,,29.88,-0.0715,610353.0,Small,Technology
XPER,Xperi Inc,Technology,Software - Application,USA,379890000.0,,7.87,-0.0175,131561.0,Small,Technology
YEXT,Yext Inc,Technology,Software - Infrastructure,USA,418470000.0,72.7,4.18,0.0398,558946.0,Small,Technology
ZSQR,Z Squared Inc,Technology,Software - Infrastructure,USA,462880000.0,,9.0,0.0101,88131.0,Small,Technology
ARTNA,Artesian Resources Corp,Utilities,Utilities - Regulated Water,USA,336310000.0,14.38,32.49,-0.0026,14022.0,Small,Utilities
CDZI,Cadiz Inc,Utilities,Utilities - Regulated Water,USA,414310000.0,,4.93,0.1249,2002047.0,Small,Utilities
DGXX,Digi Power X Inc,Utilities,Utilities - Independent Power Producers,USA,710610000.0,,7.8,-0.0381,8350945.0,Small,Utilities
GNE,Genie Energy Ltd,Utilities,Utilities - Regulated Electric,USA,368860000.0,22.24,13.97,-0.0113,29457.0,Small,Utilities
IMSR,Terrestrial Energy Inc,Utilities,Utilities - Regulated Electric,USA,961890000.0,,9.08,0.1127,3936802.0,Small,Utilities
MSEX,Middlesex Water Co,Utilities,Utilities - Regulated Water,USA,978060000.0,21.87,52.51,0.0064,37694.0,Small,Utilities
NRGV,Energy Vault Holdings Inc,Utilities,Utilities - Renewable,USA,866270000.0,,4.86,-0.0526,1927015.0,Small,Utilities
OPAL,OPAL Fuels Inc,Utilities,Utilities - Regulated Gas,USA,392330000.0,36.68,2.24,0.0113,190716.0,Small,Utilities
SPH,Suburban Propane Partners LP,Utilities,Utilities - Regulated Gas,USA,1290000000.0,9.81,19.46,-0.0051,55686.0,Small,Utilities
UTL,Unitil Corp,Utilities,Utilities - Diversified,USA,908590000.0,16.13,50.5,-0.0105,46354.0,Small,Utilities
YORW,York Water Co,Utilities,Utilities - Regulated Water,USA,485150000.0,20.32,29.93,0.0046999999999999,28183.0,Small,Utilities
